compte_id,montant,montant_moyen_compte,heure,type_transaction,canal,pays_transaction,pays_habituel_compte,nb_transactions_1h,fraude
133,33.4,44.17,15,virement,mobile,France,France,0,0
185,18.16,21.77,17,paiement_pos,mobile,Belgique,Allemagne,0,0
126,96.79,116.27,15,achat_en_ligne,web,Allemagne,Allemagne,0,0
195,70.62,34.58,20,achat_en_ligne,mobile,Italie,Italie,0,0
222,299.37,54.96,6,paiement_pos,atm,Allemagne,Allemagne,0,0
35,49.51,25.88,22,retrait_atm,mobile,Italie,Italie,0,0
5,9.96,12.12,0,achat_en_ligne,pos,Allemagne,Allemagne,0,0
299,117.64,62.82,14,virement,mobile,Belgique,Belgique,0,0
50,27.9,26.13,11,achat_en_ligne,atm,Espagne,Espagne,1,0
25,29.9,25.2,9,paiement_pos,web,Espagne,Espagne,1,0
148,139.29,36.82,20,virement,atm,Belgique,Belgique,0,0
229,40.24,29.28,2,virement,atm,Allemagne,Allemagne,0,0
152,22.38,40.32,23,retrait_atm,mobile,Belgique,Belgique,0,0
276,21.87,13.62,16,paiement_pos,web,Allemagne,Allemagne,1,0
3,53.11,30.11,3,virement,pos,Espagne,Espagne,0,0
217,23.85,30.72,13,retrait_atm,pos,France,France,0,0
291,25.27,22.36,23,retrait_atm,mobile,Italie,Italie,0,0
147,7.87,28.73,10,achat_en_ligne,atm,France,France,0,0
278,232.47,26.71,6,paiement_pos,web,Ukraine,Espagne,2,1
210,38.71,38.95,10,virement,mobile,Espagne,Espagne,1,0
165,74.75,94.29,7,virement,pos,Allemagne,Allemagne,0,0
161,56.07,46.97,23,achat_en_ligne,web,Italie,Italie,0,0
31,32.1,30.84,9,paiement_pos,mobile,Allemagne,Allemagne,0,0
289,40.5,24.04,1,virement,atm,Allemagne,Allemagne,1,0
186,23.85,18.03,1,retrait_atm,atm,Allemagne,Allemagne,0,0
176,29.64,51.96,2,virement,atm,Allemagne,Allemagne,1,0
96,5.57,13.73,23,achat_en_ligne,mobile,France,Belgique,0,0
74,12.3,38.3,21,virement,mobile,France,France,0,0
34,7.65,37.77,11,virement,mobile,Allemagne,Allemagne,0,0
34,25.87,37.77,15,achat_en_ligne,mobile,Allemagne,Allemagne,0,0
79,75.13,149.98,14,paiement_pos,web,Allemagne,Allemagne,0,0
96,9.38,13.73,6,achat_en_ligne,web,Belgique,Belgique,0,0
70,52.35,73.88,6,retrait_atm,mobile,Allemagne,Allemagne,1,0
168,38.85,27.72,23,paiement_pos,atm,France,France,0,0
155,91.78,55.61,7,paiement_pos,atm,Allemagne,Allemagne,0,0
91,9.56,17.51,22,retrait_atm,web,Allemagne,Allemagne,0,0
37,130.3,42.83,0,virement,atm,Russie,Italie,3,1
47,28.14,17.04,10,achat_en_ligne,atm,Allemagne,Allemagne,0,0
81,19.65,19.85,13,virement,web,Italie,Italie,2,0
141,31.67,27.79,1,achat_en_ligne,mobile,Italie,Italie,0,0
194,79.82,39.75,15,virement,mobile,Belgique,Belgique,1,0
259,60.95,30.86,9,virement,web,France,France,1,0
188,9.47,15.96,3,paiement_pos,pos,Belgique,Belgique,0,0
109,17.1,42.99,0,paiement_pos,mobile,Allemagne,Allemagne,0,0
176,15.09,51.96,9,virement,mobile,Allemagne,Allemagne,0,0
27,30.04,15.38,14,virement,pos,Allemagne,Allemagne,0,0
32,15.49,39.31,23,virement,mobile,Belgique,Belgique,0,0
223,55.69,33.34,0,retrait_atm,pos,Espagne,Espagne,0,0
255,21.71,54.18,19,paiement_pos,web,Espagne,Espagne,1,0
54,150.18,77.05,13,virement,pos,Allemagne,Allemagne,0,0
161,58.02,46.97,1,retrait_atm,mobile,Italie,Italie,0,0
136,91.63,43.5,2,retrait_atm,atm,Belgique,Belgique,0,0
112,20.55,14.51,1,retrait_atm,web,Espagne,Espagne,0,0
292,37.79,42.81,9,paiement_pos,pos,Belgique,Belgique,2,0
280,137.44,92.99,3,paiement_pos,pos,Allemagne,France,1,0
299,128.39,62.82,20,virement,web,Belgique,Belgique,0,0
190,22.14,39.93,17,retrait_atm,mobile,Belgique,Belgique,0,0
286,16.78,11.04,10,retrait_atm,web,Italie,Italie,0,0
298,27.49,13.65,8,retrait_atm,mobile,Allemagne,Allemagne,0,0
216,26.52,17.55,20,paiement_pos,mobile,Belgique,Belgique,0,0
28,187.74,36.73,1,virement,mobile,Italie,Italie,0,1
231,136.21,86.71,1,virement,pos,Allemagne,Allemagne,0,0
121,40.33,34.19,1,virement,pos,Allemagne,Allemagne,0,0
97,137.96,118.81,23,virement,web,Belgique,Belgique,2,0
230,18.23,9.95,12,retrait_atm,pos,France,France,0,0
123,9.27,21.48,10,paiement_pos,web,Espagne,Espagne,0,0
42,30.25,89.17,21,paiement_pos,web,Espagne,Espagne,0,0
280,121.29,92.99,16,achat_en_ligne,mobile,France,France,1,0
53,45.51,40.55,8,virement,pos,Belgique,Belgique,2,0
293,24.92,29.56,22,paiement_pos,pos,Italie,Italie,0,0
247,16.91,50.46,11,achat_en_ligne,mobile,Espagne,Espagne,1,0
47,111.3,17.04,12,achat_en_ligne,mobile,Nigeria,Allemagne,2,1
226,20.41,54.88,17,retrait_atm,mobile,Belgique,Belgique,0,0
226,54.1,54.88,23,achat_en_ligne,atm,Belgique,Belgique,0,0
197,116.4,87.33,23,virement,atm,Belgique,Belgique,0,0
87,22.18,21.38,12,paiement_pos,pos,France,France,0,0
146,11.03,7.1,8,paiement_pos,pos,Italie,Italie,0,0
95,64.96,11.53,2,achat_en_ligne,web,Italie,Italie,3,1
63,81.52,57.37,15,achat_en_ligne,web,Belgique,Belgique,1,0
108,100.55,52.79,14,achat_en_ligne,atm,Espagne,Espagne,0,0
186,32.68,18.03,14,retrait_atm,pos,Allemagne,Allemagne,1,0
285,13.96,30.61,20,paiement_pos,mobile,Allemagne,Allemagne,0,0
120,83.99,40.9,13,virement,web,France,France,1,0
130,14.3,16.99,11,virement,mobile,Espagne,Espagne,0,0
198,16.43,9.6,21,retrait_atm,web,France,France,0,0
65,69.07,33.73,17,virement,atm,Allemagne,Allemagne,0,0
284,332.28,44.03,4,retrait_atm,web,Allemagne,Allemagne,0,1
49,67.65,48.72,4,achat_en_ligne,mobile,Espagne,Espagne,0,0
257,42.55,45.27,4,achat_en_ligne,web,Espagne,Espagne,1,0
183,92.44,82.0,0,virement,atm,Allemagne,Allemagne,1,0
8,60.14,95.66,16,retrait_atm,pos,Espagne,Espagne,0,0
139,14.02,38.79,10,paiement_pos,mobile,Belgique,Belgique,0,0
243,17.53,8.28,9,virement,pos,Allemagne,France,0,0
62,8.66,27.1,22,retrait_atm,pos,Espagne,Espagne,0,0
282,246.94,41.92,22,achat_en_ligne,web,Allemagne,Allemagne,0,0
238,44.24,20.56,23,achat_en_ligne,web,Allemagne,Allemagne,0,0
109,69.2,42.99,4,virement,atm,Allemagne,Allemagne,0,0
137,18.58,17.01,12,paiement_pos,mobile,Espagne,Espagne,0,0
251,103.41,45.51,8,retrait_atm,mobile,Nigeria,France,0,1
59,13.02,19.97,0,virement,web,Espagne,Espagne,1,0
105,99.93,93.43,9,virement,mobile,Espagne,Espagne,1,0
196,45.56,42.45,15,virement,web,France,France,1,0
156,8.2,27.19,10,retrait_atm,mobile,Espagne,Espagne,0,0
69,48.32,45.74,18,paiement_pos,atm,France,France,0,0
195,36.31,34.58,22,virement,pos,Italie,Italie,0,0
289,34.95,24.04,12,achat_en_ligne,pos,Allemagne,Allemagne,0,0
40,19.99,15.88,11,retrait_atm,mobile,Espagne,Espagne,0,0
60,13.02,15.94,20,achat_en_ligne,pos,Espagne,Espagne,0,0
45,28.85,26.31,16,virement,pos,France,France,0,0
225,45.83,55.37,18,paiement_pos,mobile,Espagne,Espagne,0,0
73,34.62,28.95,15,achat_en_ligne,mobile,Allemagne,Allemagne,0,0
229,10.61,29.28,3,retrait_atm,atm,Espagne,Allemagne,0,0
175,43.49,66.87,13,paiement_pos,mobile,Espagne,Espagne,0,0
21,62.62,30.14,21,virement,pos,Allemagne,Allemagne,1,0
299,117.36,62.82,1,retrait_atm,web,Belgique,Belgique,0,0
202,146.83,80.28,20,achat_en_ligne,web,Italie,Italie,0,0
289,41.92,24.04,10,paiement_pos,pos,Allemagne,Allemagne,0,0
222,68.03,54.96,6,virement,pos,Allemagne,Allemagne,0,0
231,100.48,86.71,19,achat_en_ligne,mobile,Allemagne,Allemagne,0,0
158,29.23,17.61,5,retrait_atm,web,Allemagne,Allemagne,0,0
291,45.06,22.36,9,achat_en_ligne,web,Italie,Italie,0,0
191,125.4,66.23,10,paiement_pos,web,Espagne,Espagne,0,0
77,22.91,34.96,3,achat_en_ligne,atm,Belgique,Belgique,1,0
258,30.56,28.23,3,virement,web,France,France,1,0
57,11.72,9.68,20,retrait_atm,web,Allemagne,Allemagne,1,0
258,16.29,28.23,22,paiement_pos,atm,France,France,0,0
137,6.59,17.01,22,virement,atm,Espagne,Espagne,1,0
185,37.89,21.77,4,virement,pos,Allemagne,Allemagne,0,0
71,35.95,30.18,20,retrait_atm,atm,Espagne,Espagne,0,0
136,31.11,43.5,6,paiement_pos,atm,Belgique,Belgique,0,0
67,6.92,27.2,9,retrait_atm,mobile,Italie,Italie,0,0
133,26.64,44.17,19,retrait_atm,mobile,France,France,0,0
252,18.76,21.7,3,virement,atm,Allemagne,Allemagne,0,0
88,41.49,22.37,8,achat_en_ligne,web,Belgique,Belgique,0,0
26,14.16,15.87,21,virement,mobile,Espagne,Espagne,0,0
21,47.38,30.14,10,achat_en_ligne,atm,Allemagne,Allemagne,0,0
265,29.48,22.04,1,achat_en_ligne,web,Italie,Italie,0,0
102,25.67,16.4,16,retrait_atm,mobile,France,France,0,0
226,102.05,54.88,7,paiement_pos,mobile,Belgique,Belgique,0,0
12,22.84,16.27,14,virement,pos,Italie,Italie,0,0
37,24.06,42.83,2,achat_en_ligne,pos,Italie,Italie,1,0
44,159.56,29.73,4,achat_en_ligne,pos,Russie,Belgique,1,1
47,23.26,17.04,23,virement,mobile,Allemagne,Allemagne,0,0
3,32.51,30.11,17,virement,mobile,Espagne,Espagne,2,0
135,69.96,57.77,20,virement,pos,Espagne,Espagne,0,0
124,43.75,40.04,12,paiement_pos,atm,Allemagne,Allemagne,0,0
32,12.97,39.31,6,virement,web,Belgique,Belgique,0,0
277,0.5,19.44,21,retrait_atm,web,Allemagne,Allemagne,4,1
198,2.8,9.6,19,achat_en_ligne,pos,France,France,1,0
108,85.7,52.79,17,paiement_pos,web,Espagne,Espagne,0,0
233,19.55,35.33,16,retrait_atm,pos,France,France,0,0
137,36.41,17.01,3,paiement_pos,web,Espagne,Espagne,1,0
4,23.9,17.79,22,achat_en_ligne,pos,Allemagne,Allemagne,0,0
185,46.56,21.77,19,retrait_atm,web,Allemagne,Allemagne,0,0
153,179.17,93.36,3,virement,web,Italie,Italie,0,0
221,18.74,37.39,7,virement,web,France,France,0,0
208,72.02,38.08,8,virement,mobile,Italie,Italie,0,0
86,34.5,68.27,4,achat_en_ligne,mobile,Espagne,Espagne,1,0
147,162.35,28.73,2,retrait_atm,mobile,Roumanie,France,0,1
137,35.46,17.01,19,virement,pos,France,Espagne,1,0
294,163.63,40.33,1,retrait_atm,atm,Belgique,Belgique,1,0
161,54.47,46.97,23,achat_en_ligne,web,Italie,Italie,0,0
88,46.09,22.37,6,paiement_pos,web,Belgique,Belgique,1,0
297,34.01,26.96,3,virement,atm,Italie,Italie,1,0
69,70.88,45.74,6,achat_en_ligne,web,France,France,0,0
152,25.31,40.32,4,paiement_pos,mobile,Belgique,Belgique,0,0
129,185.01,20.95,3,paiement_pos,pos,Allemagne,Allemagne,0,1
49,33.15,48.72,10,paiement_pos,pos,Espagne,Espagne,0,0
12,172.17,16.27,23,virement,mobile,Belgique,Italie,0,1
233,13.73,35.33,19,retrait_atm,atm,France,France,1,0
93,37.45,19.57,19,achat_en_ligne,web,Italie,Italie,0,0
240,88.83,45.35,23,virement,mobile,Espagne,Espagne,0,0
118,30.62,60.8,14,virement,mobile,France,France,0,0
78,18.39,37.98,14,retrait_atm,mobile,Belgique,Belgique,1,0
291,36.72,22.36,5,achat_en_ligne,atm,Italie,Italie,0,0
35,53.68,25.88,7,achat_en_ligne,atm,Italie,Italie,0,0
199,51.1,23.23,14,paiement_pos,mobile,Belgique,Belgique,0,0
47,15.51,17.04,3,paiement_pos,mobile,Allemagne,Allemagne,1,0
285,26.88,30.61,16,paiement_pos,web,Allemagne,Allemagne,1,0
12,12.91,16.27,22,virement,atm,Italie,Italie,1,0
111,27.22,30.56,11,retrait_atm,mobile,Belgique,Belgique,0,0
189,7.03,22.14,8,achat_en_ligne,mobile,Belgique,Belgique,0,0
273,42.54,35.0,6,retrait_atm,atm,France,France,0,0
38,370.05,83.22,15,retrait_atm,pos,Italie,Italie,0,0
261,3.88,10.02,18,virement,pos,Espagne,Espagne,0,0
212,24.19,30.31,16,achat_en_ligne,web,Espagne,Espagne,0,0
22,198.7,32.32,6,virement,atm,Belgique,Belgique,0,1
116,6.29,23.73,20,virement,mobile,Allemagne,Allemagne,0,0
149,47.3,39.55,8,retrait_atm,web,Italie,Italie,0,0
60,21.29,15.94,9,paiement_pos,atm,Espagne,Espagne,0,0
261,18.75,10.02,6,retrait_atm,web,Espagne,Espagne,0,0
20,266.27,41.72,11,virement,web,Ukraine,Allemagne,1,1
229,20.55,29.28,12,paiement_pos,web,Allemagne,Allemagne,0,0
13,9.3,18.56,16,achat_en_ligne,web,France,Espagne,0,0
15,109.07,118.76,21,achat_en_ligne,atm,Allemagne,Espagne,0,0
92,43.01,24.1,10,retrait_atm,atm,Italie,Italie,0,0
141,43.46,27.79,10,virement,web,Italie,Italie,0,0
150,152.59,26.49,14,paiement_pos,atm,France,France,0,0
30,62.5,36.45,7,achat_en_ligne,atm,Allemagne,Allemagne,1,0
268,40.06,37.29,11,retrait_atm,mobile,Belgique,Belgique,0,0
115,149.04,38.07,9,virement,web,Allemagne,Allemagne,0,0
228,189.02,133.83,18,retrait_atm,pos,Allemagne,Allemagne,0,0
32,65.57,39.31,21,paiement_pos,atm,Belgique,Belgique,0,0
114,26.43,28.22,12,retrait_atm,mobile,Allemagne,Allemagne,0,0
235,23.19,12.66,12,achat_en_ligne,web,Allemagne,Allemagne,1,0
251,260.84,45.51,7,virement,pos,France,France,0,0
195,64.26,34.58,9,retrait_atm,pos,Italie,Italie,1,0
254,16.36,37.27,22,achat_en_ligne,pos,Belgique,Belgique,0,0
211,26.17,19.73,8,achat_en_ligne,mobile,Belgique,Belgique,0,0
232,39.78,25.16,8,retrait_atm,mobile,France,Italie,2,0
288,21.89,23.03,20,achat_en_ligne,atm,Allemagne,Allemagne,2,0
75,28.37,36.82,7,retrait_atm,mobile,Espagne,Espagne,0,0
194,84.87,39.75,17,achat_en_ligne,mobile,Belgique,Belgique,3,1
193,17.18,8.37,3,virement,mobile,Belgique,Espagne,0,0
251,45.73,45.51,9,retrait_atm,web,France,France,0,0
50,54.48,26.13,2,virement,pos,Espagne,Espagne,0,0
27,10.23,15.38,7,virement,pos,Allemagne,Allemagne,0,0
44,57.13,29.73,8,paiement_pos,atm,Belgique,Belgique,1,0
149,35.01,39.55,8,paiement_pos,atm,Italie,Italie,1,0
127,96.08,85.12,18,virement,web,France,France,0,0
157,62.67,31.92,11,paiement_pos,web,France,France,0,0
259,30.52,30.86,7,achat_en_ligne,pos,France,France,2,0
136,86.58,43.5,9,virement,web,Belgique,Belgique,1,0
148,44.26,36.82,14,paiement_pos,mobile,Belgique,Belgique,0,0
142,23.98,31.12,1,retrait_atm,pos,Belgique,Belgique,0,0
47,37.04,17.04,2,retrait_atm,pos,Allemagne,Allemagne,0,0
115,37.15,38.07,5,virement,atm,Allemagne,Allemagne,0,0
207,43.97,62.87,20,achat_en_ligne,mobile,Espagne,Espagne,1,0
292,77.7,42.81,13,virement,web,Belgique,Belgique,0,0
167,11.18,54.42,8,paiement_pos,web,Belgique,Belgique,0,0
119,49.09,36.35,7,achat_en_ligne,mobile,Belgique,Belgique,0,0
159,7.2,27.09,19,retrait_atm,web,Allemagne,Allemagne,1,0
56,75.45,48.73,22,retrait_atm,atm,France,France,0,0
261,15.54,10.02,16,virement,atm,Espagne,Espagne,0,0
284,54.07,44.03,16,paiement_pos,web,Allemagne,Allemagne,1,0
107,44.98,28.58,11,paiement_pos,web,Espagne,Espagne,0,0
65,49.03,33.73,4,paiement_pos,mobile,Allemagne,Allemagne,1,0
254,31.96,37.27,16,virement,atm,Belgique,Belgique,1,0
36,286.52,64.31,13,virement,web,France,France,0,0
12,27.3,16.27,21,paiement_pos,mobile,Italie,Italie,1,0
287,90.61,57.8,15,virement,atm,France,France,0,0
139,26.79,38.79,12,paiement_pos,mobile,Belgique,Belgique,0,0
130,31.09,16.99,17,virement,web,Espagne,Espagne,0,0
115,47.61,38.07,6,paiement_pos,atm,Allemagne,Allemagne,0,0
138,116.69,24.96,11,paiement_pos,mobile,France,France,0,0
280,552.67,92.99,2,virement,web,Russie,France,0,1
213,64.94,30.22,5,achat_en_ligne,atm,Espagne,Espagne,0,0
261,21.4,10.02,12,retrait_atm,web,Espagne,Espagne,1,0
123,10.95,21.48,18,virement,pos,Espagne,Espagne,0,0
77,204.83,34.96,5,virement,mobile,Belgique,Belgique,1,1
169,63.05,34.46,8,retrait_atm,mobile,Belgique,Belgique,0,0
296,128.24,73.14,3,retrait_atm,mobile,Allemagne,Allemagne,0,0
263,24.42,13.61,11,virement,pos,Belgique,Belgique,0,0
75,20.86,36.82,21,retrait_atm,pos,Espagne,Espagne,0,0
86,133.14,68.27,18,paiement_pos,web,Espagne,Espagne,1,0
214,21.7,41.68,14,retrait_atm,web,Allemagne,Allemagne,0,0
19,35.91,57.91,6,virement,atm,Italie,Italie,0,0
142,42.94,31.12,7,retrait_atm,atm,Belgique,Belgique,0,0
26,25.68,15.87,14,virement,atm,Espagne,Espagne,0,0
210,32.26,38.95,16,retrait_atm,mobile,Espagne,Espagne,0,0
143,18.8,28.47,12,virement,atm,Belgique,Belgique,0,0
20,72.15,41.72,22,retrait_atm,pos,Allemagne,Allemagne,0,0
114,11.15,28.22,4,achat_en_ligne,atm,Allemagne,Allemagne,0,0
75,51.38,36.82,21,retrait_atm,pos,Espagne,Espagne,0,0
65,37.0,33.73,17,achat_en_ligne,atm,France,Allemagne,0,0
160,46.52,72.24,19,virement,pos,Espagne,Espagne,2,0
75,75.05,36.82,19,retrait_atm,atm,Espagne,Espagne,0,0
51,23.61,33.01,23,virement,mobile,Espagne,Espagne,0,0
282,24.04,41.92,23,virement,web,Allemagne,Allemagne,1,0
85,61.9,40.02,18,paiement_pos,mobile,Espagne,Espagne,0,0
300,34.83,27.14,11,paiement_pos,atm,France,France,0,0
188,30.1,15.96,13,retrait_atm,web,Belgique,Belgique,1,0
22,47.8,32.32,11,virement,web,Belgique,Belgique,0,0
21,17.25,30.14,9,retrait_atm,mobile,Allemagne,Allemagne,0,0
14,34.93,21.43,5,achat_en_ligne,atm,Espagne,Espagne,0,0
20,67.65,41.72,1,retrait_atm,web,Allemagne,Allemagne,0,0
144,4.75,36.29,3,retrait_atm,web,Nigeria,Allemagne,3,1
9,73.25,35.81,16,virement,mobile,Belgique,Belgique,0,0
280,149.02,92.99,23,retrait_atm,atm,France,France,0,0
29,135.9,85.41,15,retrait_atm,web,Allemagne,Allemagne,2,0
244,42.3,34.21,9,virement,pos,Espagne,Espagne,0,0
132,79.03,38.77,17,achat_en_ligne,web,Allemagne,Allemagne,1,0
270,95.93,73.45,1,virement,pos,Allemagne,Allemagne,0,0
142,153.62,31.12,9,retrait_atm,web,Belgique,Belgique,1,0
13,39.34,18.56,12,virement,mobile,Espagne,Espagne,0,0
286,4.53,11.04,13,retrait_atm,pos,Italie,Italie,0,0
161,388.83,46.97,0,achat_en_ligne,mobile,Roumanie,Italie,0,1
290,47.35,17.43,0,achat_en_ligne,web,Espagne,Allemagne,1,0
142,158.12,31.12,22,retrait_atm,web,Belgique,Belgique,1,0
30,69.03,36.45,6,achat_en_ligne,mobile,Allemagne,Allemagne,0,0
28,72.22,36.73,10,virement,pos,Italie,Italie,2,0
271,56.9,31.77,20,retrait_atm,pos,Belgique,Belgique,0,0
265,20.11,22.04,6,virement,atm,Italie,Italie,0,0
281,11.98,14.45,18,paiement_pos,web,Belgique,Belgique,0,0
176,27.35,51.96,8,retrait_atm,mobile,Allemagne,Allemagne,0,0
218,633.43,80.55,0,paiement_pos,pos,France,France,1,1
73,330.44,28.95,19,retrait_atm,web,Allemagne,Allemagne,4,1
237,22.47,12.67,15,retrait_atm,pos,Espagne,Espagne,0,0
20,15.55,41.72,12,virement,mobile,Allemagne,Allemagne,0,0
208,170.1,38.08,16,virement,pos,Italie,Italie,0,0
133,5.12,44.17,16,virement,pos,France,France,2,1
10,12.75,59.72,20,achat_en_ligne,pos,France,France,2,0
220,22.13,20.22,3,virement,web,Italie,Italie,0,0
141,52.15,27.79,13,paiement_pos,pos,Italie,Italie,2,0
165,518.21,94.29,18,retrait_atm,web,Allemagne,Allemagne,1,0
111,6.15,30.56,18,achat_en_ligne,web,Belgique,Belgique,1,0
291,48.65,22.36,2,retrait_atm,pos,Italie,Italie,1,0
134,22.52,11.63,16,virement,atm,Allemagne,Allemagne,0,0
179,3.83,12.89,13,paiement_pos,atm,France,Italie,0,0
143,36.67,28.47,10,retrait_atm,pos,Belgique,Belgique,1,0
92,46.45,24.1,0,achat_en_ligne,mobile,Italie,Italie,0,0
35,31.8,25.88,15,achat_en_ligne,pos,Italie,Italie,0,0
278,50.07,26.71,20,achat_en_ligne,atm,Espagne,Espagne,0,0
259,22.01,30.86,16,virement,web,France,France,0,0
117,51.34,43.94,5,achat_en_ligne,atm,France,France,1,0
241,75.79,39.09,10,paiement_pos,atm,France,France,0,0
14,4.46,21.43,23,achat_en_ligne,mobile,Espagne,Espagne,0,0
67,38.22,27.2,15,retrait_atm,web,Italie,Italie,0,0
185,40.73,21.77,10,paiement_pos,web,Allemagne,Allemagne,0,0
84,32.47,23.23,9,virement,atm,Italie,Italie,0,0
32,210.52,39.31,17,paiement_pos,web,Belgique,Belgique,1,0
83,8.54,13.76,13,retrait_atm,atm,France,France,0,0
258,91.59,28.23,18,virement,mobile,France,France,0,0
264,11.03,8.16,12,achat_en_ligne,pos,Italie,Italie,0,0
39,27.95,36.96,2,retrait_atm,mobile,Belgique,Belgique,0,0
97,250.04,118.81,19,achat_en_ligne,web,Belgique,Belgique,0,0
29,68.23,85.41,10,retrait_atm,web,Espagne,Allemagne,0,0
146,21.55,7.1,21,achat_en_ligne,pos,Italie,Italie,0,0
73,53.98,28.95,19,retrait_atm,atm,Allemagne,Allemagne,1,0
124,73.65,40.04,2,virement,pos,Allemagne,Allemagne,0,0
257,24.2,45.27,18,virement,pos,Espagne,Espagne,1,0
67,33.23,27.2,20,paiement_pos,atm,Italie,Italie,0,0
34,41.6,37.77,21,retrait_atm,atm,Allemagne,Allemagne,0,0
190,34.09,39.93,10,paiement_pos,mobile,Belgique,Belgique,0,0
95,23.98,11.53,20,achat_en_ligne,mobile,Italie,Italie,0,0
121,72.61,34.19,20,retrait_atm,mobile,Allemagne,Allemagne,0,0
148,33.06,36.82,1,virement,mobile,Belgique,Belgique,0,0
5,21.29,12.12,6,achat_en_ligne,web,Allemagne,Allemagne,0,0
5,1.48,12.12,9,paiement_pos,mobile,Roumanie,Allemagne,7,1
130,4.45,16.99,13,achat_en_ligne,mobile,Espagne,Espagne,0,0
189,22.75,22.14,17,paiement_pos,mobile,Belgique,Belgique,0,0
143,42.29,28.47,13,achat_en_ligne,mobile,Belgique,Belgique,0,0
85,41.94,40.02,15,achat_en_ligne,atm,Espagne,Espagne,0,0
71,10.95,30.18,8,virement,mobile,Espagne,Espagne,0,0
132,119.76,38.77,11,virement,pos,Roumanie,Allemagne,0,1
286,1.55,11.04,21,virement,mobile,Roumanie,Italie,2,1
43,169.59,93.15,15,virement,pos,Espagne,Espagne,0,0
58,39.32,32.16,3,achat_en_ligne,mobile,France,France,0,0
165,100.04,94.29,22,paiement_pos,mobile,Allemagne,Allemagne,0,0
164,87.06,43.1,19,achat_en_ligne,mobile,Allemagne,Allemagne,1,0
249,62.46,52.25,14,achat_en_ligne,pos,Espagne,Espagne,0,0
103,10.15,26.55,9,virement,web,Italie,Italie,0,0
265,9.08,22.04,9,achat_en_ligne,mobile,Italie,Italie,2,0
297,13.92,26.96,12,retrait_atm,web,Italie,Italie,0,0
28,11.37,36.73,16,retrait_atm,atm,Italie,Italie,0,0
23,7.68,22.36,9,virement,pos,France,France,0,0
71,85.51,30.18,6,achat_en_ligne,atm,Espagne,Espagne,2,0
72,12.39,21.81,2,achat_en_ligne,web,France,France,0,0
73,129.64,28.95,9,paiement_pos,web,Allemagne,Allemagne,0,0
279,107.51,53.63,23,virement,mobile,France,France,0,0
59,29.57,19.97,2,paiement_pos,pos,Espagne,Espagne,0,0
154,22.52,13.19,6,achat_en_ligne,mobile,Belgique,Belgique,0,0
247,105.93,50.46,12,virement,mobile,Espagne,Espagne,0,0
111,65.2,30.56,0,paiement_pos,mobile,Belgique,Belgique,1,0
119,20.43,36.35,19,paiement_pos,pos,Belgique,Belgique,0,0
209,28.53,38.12,22,retrait_atm,mobile,Belgique,Belgique,2,0
136,75.24,43.5,18,paiement_pos,pos,Belgique,Belgique,1,0
54,60.88,77.05,12,achat_en_ligne,web,Allemagne,Allemagne,0,0
207,53.01,62.87,16,paiement_pos,mobile,Espagne,Espagne,1,0
275,48.73,23.18,5,retrait_atm,pos,Allemagne,Allemagne,1,0
96,22.82,13.73,16,paiement_pos,mobile,Belgique,Belgique,1,0
240,52.1,45.35,20,achat_en_ligne,pos,Espagne,Espagne,4,0
11,169.63,24.54,3,achat_en_ligne,pos,Roumanie,Allemagne,2,1
95,24.49,11.53,10,paiement_pos,web,Italie,Italie,0,0
91,34.98,17.51,4,virement,pos,Allemagne,Allemagne,0,0
232,9.1,25.16,14,achat_en_ligne,mobile,Italie,Italie,2,0
299,25.42,62.82,1,retrait_atm,atm,Belgique,Belgique,0,0
22,19.55,32.32,17,virement,web,Belgique,Belgique,1,0
72,129.02,21.81,8,paiement_pos,mobile,France,France,0,0
141,196.42,27.79,2,achat_en_ligne,pos,Italie,Italie,2,1
52,49.11,30.02,8,paiement_pos,pos,France,France,0,0
143,35.92,28.47,11,paiement_pos,web,Belgique,Belgique,0,0
45,20.16,26.31,16,virement,web,France,France,0,0
288,26.65,23.03,6,retrait_atm,pos,Allemagne,Allemagne,0,0
228,28.73,133.83,5,achat_en_ligne,web,Allemagne,Allemagne,0,0
87,7.88,21.38,16,virement,web,France,France,1,0
299,71.84,62.82,23,virement,pos,Belgique,Belgique,1,0
160,105.1,72.24,9,paiement_pos,mobile,Espagne,Espagne,0,0
104,40.4,40.65,4,achat_en_ligne,mobile,France,France,1,0
237,23.82,12.67,11,achat_en_ligne,pos,Espagne,Espagne,0,0
18,49.83,19.26,18,retrait_atm,atm,France,France,0,0
22,55.98,32.32,15,virement,web,Belgique,Belgique,0,0
220,32.01,20.22,16,paiement_pos,atm,Italie,Italie,0,0
16,8.83,20.23,22,retrait_atm,mobile,Espagne,Espagne,1,0
294,55.7,40.33,13,paiement_pos,web,Belgique,Belgique,0,0
154,24.85,13.19,11,retrait_atm,web,Belgique,Belgique,1,0
68,91.07,60.44,8,retrait_atm,web,Belgique,Belgique,0,0
229,101.19,29.28,20,retrait_atm,web,Allemagne,Allemagne,1,0
224,374.81,73.51,14,retrait_atm,atm,Belgique,Belgique,0,0
112,20.71,14.51,11,virement,atm,Espagne,Espagne,0,0
92,48.29,24.1,11,paiement_pos,mobile,Italie,Italie,0,0
9,10.09,35.81,11,retrait_atm,pos,Belgique,Belgique,0,0
89,2.2,9.13,14,retrait_atm,atm,Espagne,Espagne,0,0
147,8.33,28.73,18,retrait_atm,pos,France,France,0,0
45,39.91,26.31,21,retrait_atm,mobile,France,France,0,0
46,101.29,79.59,22,achat_en_ligne,atm,Italie,Italie,0,0
149,30.07,39.55,18,paiement_pos,atm,Italie,Italie,0,0
73,21.5,28.95,1,virement,mobile,Allemagne,Allemagne,0,0
299,36.15,62.82,14,achat_en_ligne,mobile,Belgique,Belgique,3,0
120,43.45,40.9,16,virement,pos,France,France,0,0
35,34.05,25.88,22,virement,web,Italie,Italie,0,0
256,31.55,26.15,17,virement,web,France,France,0,0
197,103.66,87.33,9,paiement_pos,atm,Belgique,Belgique,0,0
9,7.28,35.81,9,retrait_atm,atm,Belgique,Belgique,0,0
22,49.16,32.32,21,achat_en_ligne,pos,Belgique,Belgique,3,0
245,0.53,24.95,4,retrait_atm,pos,Roumanie,Espagne,1,1
23,26.69,22.36,9,retrait_atm,pos,France,France,1,0
266,106.23,51.92,6,paiement_pos,web,Allemagne,Allemagne,1,0
120,78.87,40.9,18,paiement_pos,pos,France,France,0,0
32,48.13,39.31,14,retrait_atm,mobile,Belgique,Belgique,0,0
165,68.84,94.29,21,virement,pos,Allemagne,Allemagne,1,0
100,55.0,99.7,21,retrait_atm,mobile,France,France,0,0
103,16.73,26.55,16,achat_en_ligne,web,Italie,Italie,0,0
299,26.05,62.82,20,achat_en_ligne,atm,Belgique,Belgique,1,0
262,13.4,15.21,7,paiement_pos,pos,France,France,1,0
123,9.08,21.48,6,retrait_atm,web,Espagne,Espagne,0,0
199,17.91,23.23,19,virement,atm,Belgique,Belgique,1,0
300,41.72,27.14,20,virement,pos,France,France,0,0
257,16.88,45.27,10,achat_en_ligne,pos,Espagne,Espagne,2,0
41,12.96,14.57,2,achat_en_ligne,mobile,France,France,1,0
171,220.54,59.96,23,paiement_pos,web,France,France,0,0
184,98.0,48.55,0,achat_en_ligne,pos,Espagne,Espagne,0,0
103,20.49,26.55,6,achat_en_ligne,web,Italie,Italie,0,0
68,5.22,60.44,5,retrait_atm,mobile,Roumanie,Belgique,1,1
259,19.4,30.86,15,retrait_atm,atm,France,France,0,0
14,16.1,21.43,6,retrait_atm,pos,Espagne,Espagne,0,0
166,73.22,43.09,5,paiement_pos,atm,Italie,Italie,0,0
42,51.28,89.17,6,retrait_atm,atm,Espagne,Espagne,0,0
204,91.31,55.03,13,virement,pos,Espagne,Espagne,0,0
219,22.39,21.2,16,retrait_atm,mobile,Belgique,Allemagne,0,0
71,30.86,30.18,14,virement,pos,Espagne,Espagne,0,0
200,40.81,47.21,6,virement,mobile,Italie,Italie,1,0
205,24.88,23.51,2,paiement_pos,web,Allemagne,Allemagne,0,0
128,75.6,41.74,6,retrait_atm,web,Espagne,Espagne,0,0
61,38.56,19.55,15,achat_en_ligne,atm,Italie,Italie,0,0
84,24.78,23.23,9,virement,pos,Italie,Italie,0,0
133,40.94,44.17,16,achat_en_ligne,pos,France,France,0,0
205,23.22,23.51,20,virement,pos,Allemagne,Allemagne,0,0
33,87.92,72.5,9,virement,mobile,France,France,0,0
145,156.85,80.07,0,retrait_atm,mobile,Italie,Italie,0,0
214,76.27,41.68,22,paiement_pos,web,Allemagne,Allemagne,0,0
283,20.38,17.74,19,retrait_atm,atm,Espagne,Espagne,0,0
83,9.66,13.76,21,retrait_atm,mobile,France,France,0,0
189,101.47,22.14,13,virement,mobile,Belgique,Belgique,0,0
258,47.53,28.23,17,retrait_atm,atm,France,France,0,0
208,19.71,38.08,7,retrait_atm,web,Italie,Italie,0,0
109,14.69,42.99,17,retrait_atm,web,Allemagne,Allemagne,1,0
187,68.26,33.77,19,virement,pos,France,France,0,0
244,13.9,34.21,15,virement,web,France,Espagne,0,0
103,24.06,26.55,12,virement,mobile,Italie,Italie,0,0
102,24.63,16.4,19,achat_en_ligne,mobile,France,France,0,0
245,30.27,24.95,15,paiement_pos,pos,Espagne,Espagne,0,0
148,39.39,36.82,22,retrait_atm,pos,Belgique,Belgique,1,0
220,2.36,20.22,3,retrait_atm,web,Nigeria,Italie,4,1
180,58.33,31.81,8,achat_en_ligne,atm,Allemagne,Allemagne,1,0
17,26.83,54.77,16,retrait_atm,atm,Allemagne,Allemagne,0,0
86,75.47,68.27,12,retrait_atm,web,Espagne,Espagne,0,0
180,43.35,31.81,14,virement,mobile,Allemagne,Allemagne,0,0
108,90.68,52.79,13,achat_en_ligne,web,Espagne,Espagne,1,0
136,57.7,43.5,16,paiement_pos,web,Belgique,Belgique,0,0
203,77.39,41.31,20,achat_en_ligne,pos,Allemagne,Allemagne,0,0
127,26.18,85.12,22,retrait_atm,mobile,France,France,0,0
209,23.93,38.12,13,retrait_atm,web,Belgique,Belgique,0,0
153,29.01,93.36,1,virement,atm,Italie,Italie,0,0
69,91.11,45.74,1,retrait_atm,pos,France,France,0,0
100,250.55,99.7,17,virement,mobile,France,France,0,0
66,37.1,24.77,3,paiement_pos,mobile,Belgique,Belgique,0,0
38,24.44,83.22,21,paiement_pos,pos,Italie,Italie,0,0
188,102.46,15.96,14,achat_en_ligne,web,Roumanie,Belgique,0,1
63,41.0,57.37,18,retrait_atm,web,Belgique,Belgique,2,0
251,125.43,45.51,1,achat_en_ligne,mobile,France,France,0,0
261,35.32,10.02,22,achat_en_ligne,atm,Espagne,Espagne,0,0
149,8.26,39.55,7,achat_en_ligne,atm,Italie,Italie,0,0
28,20.87,36.73,22,achat_en_ligne,web,Italie,Italie,0,0
212,45.65,30.31,8,paiement_pos,mobile,Espagne,Espagne,0,0
126,198.06,116.27,20,achat_en_ligne,pos,Allemagne,Allemagne,0,0
300,53.5,27.14,13,retrait_atm,atm,France,France,0,0
77,67.1,34.96,5,achat_en_ligne,atm,Belgique,Belgique,1,0
296,158.88,73.14,4,virement,atm,Allemagne,Allemagne,0,0
285,33.57,30.61,20,achat_en_ligne,web,Allemagne,Allemagne,0,0
119,51.86,36.35,16,retrait_atm,atm,Belgique,Belgique,1,0
159,129.23,27.09,5,paiement_pos,mobile,Nigeria,Allemagne,3,1
26,14.09,15.87,10,paiement_pos,web,Espagne,Espagne,0,0
277,36.14,19.44,11,paiement_pos,web,Allemagne,Allemagne,0,0
209,58.41,38.12,18,retrait_atm,web,Belgique,Belgique,1,0
218,83.24,80.55,1,paiement_pos,atm,France,France,0,0
279,56.62,53.63,2,paiement_pos,pos,France,France,0,0
266,81.18,51.92,16,achat_en_ligne,mobile,Allemagne,Allemagne,0,0
180,55.93,31.81,23,achat_en_ligne,web,Allemagne,Allemagne,1,0
57,9.91,9.68,0,paiement_pos,mobile,Allemagne,Allemagne,1,0
140,44.61,34.17,17,paiement_pos,pos,Allemagne,Allemagne,0,0
116,13.7,23.73,7,achat_en_ligne,web,Allemagne,Allemagne,0,0
233,7.5,35.33,23,paiement_pos,web,France,France,1,0
147,47.79,28.73,20,virement,atm,France,France,2,0
198,20.36,9.6,8,paiement_pos,web,France,France,1,0
246,23.96,43.63,6,paiement_pos,mobile,France,France,0,0
173,21.84,52.95,17,achat_en_ligne,web,Espagne,Espagne,0,0
206,313.27,53.96,12,paiement_pos,atm,Belgique,Belgique,1,0
190,99.87,39.93,17,achat_en_ligne,web,Belgique,Belgique,0,0
300,18.3,27.14,15,achat_en_ligne,atm,France,France,2,0
94,61.01,31.29,17,paiement_pos,mobile,Belgique,Belgique,2,0
34,15.88,37.77,7,paiement_pos,mobile,Allemagne,Allemagne,1,0
141,42.99,27.79,11,paiement_pos,web,Italie,Italie,0,0
75,45.57,36.82,19,virement,mobile,Espagne,Espagne,0,0
103,34.5,26.55,19,paiement_pos,atm,Italie,Italie,0,0
1,48.7,62.78,19,achat_en_ligne,pos,France,France,0,0
202,40.02,80.28,16,retrait_atm,web,Italie,Italie,0,0
100,58.64,99.7,17,retrait_atm,web,France,France,0,0
199,36.09,23.23,6,virement,web,Belgique,Belgique,0,0
39,49.43,36.96,19,paiement_pos,pos,Belgique,Belgique,0,0
216,25.75,17.55,16,virement,pos,Belgique,Belgique,0,0
3,39.03,30.11,11,achat_en_ligne,pos,Espagne,Espagne,0,0
270,110.43,73.45,14,paiement_pos,pos,Allemagne,Allemagne,0,0
214,59.57,41.68,10,achat_en_ligne,mobile,Belgique,Allemagne,1,0
264,8.5,8.16,19,retrait_atm,pos,Italie,Italie,0,0
258,50.64,28.23,10,achat_en_ligne,pos,France,France,0,0
16,39.79,20.23,10,paiement_pos,atm,Espagne,Espagne,0,0
221,63.32,37.39,11,retrait_atm,mobile,France,France,0,0
158,26.67,17.61,8,achat_en_ligne,web,Allemagne,Allemagne,0,0
291,30.32,22.36,2,retrait_atm,pos,Italie,Italie,0,0
116,65.13,23.73,12,paiement_pos,pos,Allemagne,Allemagne,0,0
290,13.63,17.43,3,virement,mobile,Allemagne,Allemagne,0,0
176,53.47,51.96,6,virement,pos,Allemagne,Allemagne,1,0
135,34.47,57.77,17,virement,pos,Espagne,Espagne,1,0
68,118.65,60.44,0,virement,atm,Belgique,Belgique,1,0
299,32.15,62.82,11,paiement_pos,mobile,Belgique,Belgique,0,0
273,69.79,35.0,22,retrait_atm,web,France,France,0,0
153,34.71,93.36,23,achat_en_ligne,atm,Italie,Italie,2,0
68,124.73,60.44,1,achat_en_ligne,mobile,Belgique,Belgique,0,0
206,37.0,53.96,17,paiement_pos,atm,Belgique,Belgique,0,0
97,5.24,118.81,18,achat_en_ligne,pos,Belgique,Belgique,1,1
222,110.72,54.96,7,achat_en_ligne,pos,Allemagne,Allemagne,0,0
188,25.7,15.96,17,virement,mobile,Belgique,Belgique,0,0
153,166.89,93.36,15,paiement_pos,atm,Italie,Italie,0,0
215,56.25,60.33,14,paiement_pos,mobile,Espagne,Espagne,0,0
217,46.29,30.72,21,retrait_atm,web,France,France,0,0
90,22.27,30.04,10,virement,atm,Italie,Italie,0,0
114,6.98,28.22,18,achat_en_ligne,atm,Allemagne,Allemagne,1,0
299,6.55,62.82,22,retrait_atm,atm,Russie,Belgique,5,1
192,77.54,47.72,15,retrait_atm,web,Espagne,Espagne,0,0
183,30.32,82.0,14,achat_en_ligne,web,Allemagne,Allemagne,2,0
48,6.24,19.36,8,paiement_pos,pos,Italie,Italie,1,0
253,166.04,29.73,8,retrait_atm,web,Roumanie,France,1,1
239,23.22,43.11,14,virement,pos,Belgique,Belgique,0,0
219,27.67,21.2,6,virement,web,Allemagne,Allemagne,1,0
171,16.46,59.96,21,paiement_pos,atm,France,France,0,0
51,9.61,33.01,12,achat_en_ligne,pos,Espagne,Espagne,0,0
64,17.86,14.94,7,retrait_atm,web,Italie,Italie,0,0
291,6.57,22.36,19,retrait_atm,web,Italie,Italie,0,0
143,36.4,28.47,9,virement,pos,Belgique,Belgique,1,0
184,20.22,48.55,2,paiement_pos,pos,Espagne,Espagne,0,0
205,43.2,23.51,16,virement,atm,Allemagne,Allemagne,0,0
22,57.07,32.32,8,achat_en_ligne,pos,Belgique,Belgique,0,0
116,43.82,23.73,6,virement,atm,Allemagne,Allemagne,0,0
212,15.26,30.31,22,virement,pos,Espagne,Espagne,0,0
171,117.12,59.96,12,virement,mobile,France,France,0,0
52,21.98,30.02,13,paiement_pos,atm,France,France,3,0
215,109.58,60.33,21,paiement_pos,web,Espagne,Espagne,0,0
223,21.75,33.34,0,retrait_atm,mobile,Espagne,Espagne,0,0
178,74.53,51.34,6,achat_en_ligne,web,France,France,0,0
267,50.26,27.91,9,achat_en_ligne,web,Allemagne,Allemagne,0,0
33,155.51,72.5,19,achat_en_ligne,web,France,France,0,0
129,39.18,20.95,17,achat_en_ligne,web,Allemagne,Allemagne,0,0
265,15.92,22.04,8,virement,web,Italie,Italie,0,0
168,104.65,27.72,12,paiement_pos,mobile,France,France,0,0
53,66.92,40.55,11,paiement_pos,web,Belgique,Belgique,1,0
83,7.06,13.76,23,paiement_pos,mobile,France,France,0,0
140,56.1,34.17,17,retrait_atm,pos,Allemagne,Allemagne,1,0
281,22.81,14.45,7,paiement_pos,web,Belgique,Belgique,0,0
277,31.05,19.44,22,paiement_pos,mobile,Allemagne,Allemagne,0,0
119,34.28,36.35,13,paiement_pos,atm,Belgique,Belgique,0,0
7,23.25,32.06,20,achat_en_ligne,mobile,France,France,0,0
235,22.49,12.66,8,retrait_atm,web,Allemagne,Allemagne,0,0
294,62.7,40.33,15,paiement_pos,web,Belgique,Belgique,0,0
24,272.97,43.28,2,retrait_atm,web,Russie,Italie,0,1
153,171.5,93.36,14,virement,mobile,Italie,Italie,0,0
273,19.41,35.0,14,achat_en_ligne,web,Allemagne,France,0,0
51,34.95,33.01,7,virement,pos,Espagne,Espagne,2,0
89,4.35,9.13,17,virement,atm,Espagne,Espagne,0,0
136,178.99,43.5,21,retrait_atm,mobile,Belgique,Belgique,0,0
185,88.76,21.77,6,retrait_atm,web,Allemagne,Allemagne,0,1
81,15.04,19.85,18,paiement_pos,pos,Italie,Italie,3,0
246,82.78,43.63,15,achat_en_ligne,atm,France,France,0,0
11,39.58,24.54,21,retrait_atm,mobile,Allemagne,Allemagne,1,0
193,11.37,8.37,12,retrait_atm,web,Espagne,Espagne,1,0
21,31.79,30.14,23,achat_en_ligne,web,Allemagne,Allemagne,0,0
139,64.16,38.79,21,achat_en_ligne,pos,Belgique,Belgique,2,0
222,114.62,54.96,22,retrait_atm,pos,Allemagne,Allemagne,1,0
251,48.48,45.51,3,paiement_pos,web,France,France,0,0
116,14.45,23.73,21,retrait_atm,mobile,Allemagne,Allemagne,0,0
202,43.89,80.28,14,virement,atm,Italie,Italie,0,0
156,12.69,27.19,23,paiement_pos,atm,Espagne,Espagne,0,0
20,8.55,41.72,8,virement,mobile,Allemagne,Allemagne,0,0
46,410.28,79.59,23,achat_en_ligne,pos,Italie,Italie,0,0
147,25.35,28.73,0,virement,atm,France,France,0,0
209,18.03,38.12,7,retrait_atm,mobile,Belgique,Belgique,0,0
178,97.99,51.34,22,paiement_pos,pos,France,France,0,0
225,86.79,55.37,21,paiement_pos,pos,Espagne,Espagne,1,0
34,62.23,37.77,14,paiement_pos,atm,Allemagne,Allemagne,0,0
28,25.68,36.73,19,retrait_atm,web,Italie,Italie,0,0
186,5.24,18.03,13,virement,atm,Allemagne,Allemagne,0,0
79,296.51,149.98,12,paiement_pos,mobile,Allemagne,Allemagne,1,0
5,67.64,12.12,2,retrait_atm,mobile,Espagne,Allemagne,0,1
276,0.5,13.62,22,virement,atm,Allemagne,Allemagne,3,1
291,96.04,22.36,1,paiement_pos,web,Italie,Italie,0,0
91,24.06,17.51,15,paiement_pos,atm,Allemagne,Allemagne,0,0
52,8.14,30.02,18,paiement_pos,atm,France,France,0,0
78,72.47,37.98,20,virement,mobile,Belgique,Belgique,1,0
48,30.6,19.36,15,retrait_atm,web,Italie,Italie,0,0
284,63.82,44.03,10,retrait_atm,pos,Allemagne,Allemagne,1,0
182,5.02,24.26,12,paiement_pos,atm,France,France,2,0
144,32.59,36.29,11,paiement_pos,pos,Allemagne,Allemagne,0,0
242,5.84,14.19,12,paiement_pos,web,Allemagne,Allemagne,0,0
48,42.02,19.36,13,retrait_atm,web,Italie,Italie,0,0
153,373.23,93.36,12,achat_en_ligne,atm,Belgique,Italie,0,0
61,109.15,19.55,16,virement,pos,Italie,Italie,0,0
68,324.19,60.44,8,virement,mobile,Belgique,Belgique,0,0
225,69.22,55.37,0,paiement_pos,web,Espagne,Espagne,2,0
276,25.87,13.62,5,paiement_pos,atm,Allemagne,Allemagne,1,0
216,21.41,17.55,14,retrait_atm,atm,Belgique,Belgique,0,0
193,11.61,8.37,13,retrait_atm,mobile,Espagne,Espagne,1,0
163,377.44,67.12,22,achat_en_ligne,web,Allemagne,Allemagne,1,0
111,44.19,30.56,12,paiement_pos,pos,Belgique,Belgique,0,0
18,9.81,19.26,14,achat_en_ligne,atm,France,France,0,0
265,21.76,22.04,17,paiement_pos,web,Italie,Italie,1,0
118,82.44,60.8,13,paiement_pos,mobile,France,France,0,0
164,76.93,43.1,20,retrait_atm,web,Allemagne,Allemagne,0,0
87,26.76,21.38,7,retrait_atm,mobile,France,France,0,0
34,112.72,37.77,10,retrait_atm,mobile,Allemagne,Allemagne,4,1
193,10.32,8.37,22,paiement_pos,atm,Espagne,Espagne,0,0
140,10.99,34.17,7,achat_en_ligne,pos,Allemagne,Allemagne,0,0
116,38.65,23.73,12,achat_en_ligne,mobile,Allemagne,Allemagne,0,0
113,34.05,28.71,14,achat_en_ligne,pos,Allemagne,Allemagne,1,0
123,16.57,21.48,21,paiement_pos,atm,Espagne,Espagne,0,0
237,19.21,12.67,8,retrait_atm,pos,Espagne,Espagne,0,0
38,140.59,83.22,17,paiement_pos,web,Italie,Italie,0,0
259,61.46,30.86,10,achat_en_ligne,mobile,France,France,1,0
191,39.98,66.23,16,achat_en_ligne,pos,Espagne,Espagne,0,0
67,23.29,27.2,6,virement,mobile,Italie,Italie,0,0
102,4.7,16.4,11,paiement_pos,web,France,France,1,0
107,7.21,28.58,8,retrait_atm,pos,Espagne,Espagne,0,0
68,127.78,60.44,7,virement,web,Belgique,Belgique,0,0
241,19.89,39.09,23,virement,pos,France,France,0,0
20,34.81,41.72,20,retrait_atm,web,Allemagne,Allemagne,0,0
159,46.04,27.09,16,paiement_pos,pos,Allemagne,Allemagne,2,0
200,57.48,47.21,8,achat_en_ligne,pos,Italie,Italie,0,0
238,32.77,20.56,13,paiement_pos,mobile,Allemagne,Allemagne,1,0
217,39.85,30.72,10,achat_en_ligne,atm,France,France,0,0
213,64.49,30.22,21,virement,atm,Espagne,Espagne,0,0
268,34.07,37.29,8,paiement_pos,pos,Belgique,Belgique,0,0
110,35.26,26.42,21,paiement_pos,mobile,Espagne,Espagne,0,0
52,63.98,30.02,6,retrait_atm,web,France,France,2,0
212,89.35,30.31,7,virement,mobile,Espagne,Espagne,0,0
2,61.36,36.39,22,paiement_pos,pos,Espagne,Espagne,1,0
260,18.91,54.47,10,achat_en_ligne,pos,Allemagne,Allemagne,1,0
1,3.59,62.78,15,virement,pos,Roumanie,France,1,1
200,68.54,47.21,6,retrait_atm,atm,Italie,Italie,0,0
242,30.14,14.19,22,retrait_atm,web,Allemagne,Allemagne,0,0
47,18.04,17.04,15,paiement_pos,mobile,Allemagne,Allemagne,0,0
23,77.29,22.36,8,paiement_pos,atm,France,France,0,0
116,19.15,23.73,18,paiement_pos,atm,Allemagne,Allemagne,1,0
75,65.9,36.82,10,virement,atm,Espagne,Espagne,1,0
282,56.49,41.92,19,retrait_atm,web,Allemagne,Allemagne,0,0
149,145.87,39.55,10,virement,web,Italie,Italie,0,0
249,25.85,52.25,10,retrait_atm,atm,Espagne,Espagne,0,0
170,32.77,21.79,15,retrait_atm,web,France,France,1,0
193,15.92,8.37,21,achat_en_ligne,pos,Espagne,Espagne,0,0
293,19.67,29.56,8,paiement_pos,atm,Italie,Italie,0,0
241,67.53,39.09,18,achat_en_ligne,mobile,France,France,1,0
93,41.27,19.57,19,retrait_atm,web,Italie,Italie,1,0
38,136.14,83.22,2,achat_en_ligne,mobile,Italie,Italie,0,0
148,5.12,36.82,2,retrait_atm,web,Russie,Belgique,3,1
12,21.28,16.27,11,paiement_pos,pos,Italie,Italie,0,0
117,9.28,43.94,8,virement,pos,France,France,1,0
263,24.15,13.61,15,retrait_atm,pos,Belgique,Belgique,0,0
294,25.32,40.33,7,retrait_atm,atm,Belgique,Belgique,0,0
48,12.47,19.36,3,retrait_atm,pos,Italie,Italie,1,0
194,53.19,39.75,20,paiement_pos,pos,Belgique,Belgique,0,0
139,47.63,38.79,14,retrait_atm,web,Belgique,Belgique,2,0
107,159.88,28.58,6,retrait_atm,pos,Espagne,Espagne,0,0
280,1.2,92.99,16,retrait_atm,atm,France,France,4,1
72,44.21,21.81,19,paiement_pos,pos,France,France,0,0
40,23.7,15.88,8,paiement_pos,pos,Espagne,Espagne,0,0
249,65.97,52.25,8,achat_en_ligne,web,Espagne,Espagne,1,0
264,11.72,8.16,16,virement,atm,Italie,Italie,0,0
85,82.46,40.02,19,virement,atm,Espagne,Espagne,1,0
12,15.01,16.27,16,achat_en_ligne,atm,Italie,Italie,0,0
64,11.51,14.94,18,virement,atm,Italie,Italie,0,0
271,8.7,31.77,16,paiement_pos,mobile,Belgique,Belgique,0,0
80,154.39,102.12,10,retrait_atm,pos,Espagne,Espagne,0,0
43,191.04,93.15,21,retrait_atm,atm,Espagne,Espagne,1,0
236,14.08,15.63,23,virement,pos,Espagne,Espagne,1,0
288,6.19,23.03,13,retrait_atm,atm,Allemagne,Allemagne,0,0
165,79.09,94.29,5,achat_en_ligne,web,Allemagne,Allemagne,0,0
270,430.26,73.45,9,virement,pos,Allemagne,Allemagne,0,0
163,41.09,67.12,17,retrait_atm,web,Allemagne,Allemagne,1,0
198,5.51,9.6,18,achat_en_ligne,web,France,France,0,0
149,14.99,39.55,21,paiement_pos,pos,Italie,Italie,2,0
3,44.7,30.11,18,paiement_pos,atm,Espagne,Espagne,1,0
15,151.65,118.76,7,paiement_pos,mobile,Espagne,Espagne,0,0
181,34.51,16.39,19,virement,web,France,Italie,0,0
205,26.37,23.51,20,achat_en_ligne,atm,Allemagne,Allemagne,0,0
135,75.12,57.77,10,retrait_atm,mobile,Espagne,Espagne,0,0
114,62.08,28.22,10,paiement_pos,mobile,Allemagne,Allemagne,0,0
27,65.45,15.38,19,achat_en_ligne,pos,Allemagne,Allemagne,0,0
172,22.33,16.33,15,achat_en_ligne,atm,France,France,0,0
211,18.26,19.73,4,retrait_atm,pos,Italie,Belgique,0,0
18,18.6,19.26,16,achat_en_ligne,mobile,France,France,0,0
235,23.36,12.66,19,virement,web,Allemagne,Allemagne,0,0
289,30.38,24.04,2,paiement_pos,atm,Allemagne,Allemagne,0,0
166,34.4,43.09,17,retrait_atm,web,Italie,Italie,1,0
205,6.42,23.51,7,paiement_pos,atm,Allemagne,Allemagne,1,0
89,54.18,9.13,9,paiement_pos,atm,Espagne,Espagne,0,0
108,564.29,52.79,3,retrait_atm,web,Nigeria,Espagne,0,1
272,161.81,74.6,13,virement,atm,France,France,0,0
180,48.86,31.81,2,paiement_pos,atm,Allemagne,Allemagne,2,0
231,146.0,86.71,23,virement,atm,Allemagne,Allemagne,0,0
254,45.39,37.27,5,virement,mobile,Belgique,Belgique,0,0
15,191.15,118.76,19,retrait_atm,pos,Espagne,Espagne,3,0
275,29.12,23.18,18,paiement_pos,web,Italie,Allemagne,0,0
144,54.73,36.29,20,achat_en_ligne,web,Allemagne,Allemagne,1,0
143,15.59,28.47,19,achat_en_ligne,atm,Belgique,Belgique,0,0
183,179.89,82.0,3,paiement_pos,web,Allemagne,Allemagne,0,0
169,9.08,34.46,6,paiement_pos,atm,Belgique,Belgique,1,0
154,17.88,13.19,10,paiement_pos,mobile,Belgique,Belgique,0,0
13,17.56,18.56,17,retrait_atm,atm,Espagne,Espagne,0,0
3,56.06,30.11,13,paiement_pos,pos,Espagne,Espagne,0,0
138,10.88,24.96,5,paiement_pos,pos,France,France,0,0
277,19.31,19.44,17,retrait_atm,atm,Allemagne,Allemagne,0,0
1,111.34,62.78,13,paiement_pos,web,France,France,0,0
2,38.17,36.39,1,retrait_atm,web,Espagne,Espagne,1,0
176,383.03,51.96,2,virement,mobile,Allemagne,Allemagne,1,1
204,95.02,55.03,13,virement,atm,Espagne,Espagne,0,0
125,50.79,31.24,12,retrait_atm,mobile,Italie,Italie,1,0
257,33.6,45.27,3,achat_en_ligne,atm,Espagne,Espagne,0,0
193,17.49,8.37,14,virement,pos,Espagne,Espagne,0,0
40,34.07,15.88,6,retrait_atm,pos,Espagne,Espagne,0,0
167,26.84,54.42,3,retrait_atm,pos,Belgique,Belgique,0,0
63,41.39,57.37,12,achat_en_ligne,atm,Belgique,Belgique,0,0
182,29.46,24.26,18,paiement_pos,mobile,France,France,1,0
33,129.35,72.5,22,achat_en_ligne,pos,France,France,0,0
146,8.01,7.1,22,retrait_atm,atm,Allemagne,Italie,1,0
273,44.94,35.0,18,achat_en_ligne,pos,France,France,0,0
11,15.67,24.54,23,retrait_atm,web,Allemagne,Allemagne,3,0
142,42.58,31.12,22,retrait_atm,mobile,Belgique,Belgique,0,0
230,5.72,9.95,12,virement,mobile,France,France,0,0
287,124.89,57.8,2,virement,web,France,France,1,0
163,126.93,67.12,13,achat_en_ligne,mobile,Allemagne,Allemagne,0,0
86,211.45,68.27,6,achat_en_ligne,web,Espagne,Espagne,0,0
16,31.88,20.23,10,paiement_pos,atm,Espagne,Espagne,0,0
153,133.31,93.36,5,retrait_atm,pos,Italie,Italie,0,0
11,11.87,24.54,18,achat_en_ligne,atm,Allemagne,Allemagne,0,0
85,189.27,40.02,8,retrait_atm,mobile,Espagne,Espagne,1,0
148,4.33,36.82,20,retrait_atm,web,Belgique,Belgique,6,1
61,22.64,19.55,8,virement,atm,Italie,Italie,0,0
102,25.48,16.4,11,virement,pos,France,France,5,0
290,99.98,17.43,17,retrait_atm,web,Allemagne,Allemagne,1,1
59,20.39,19.97,9,achat_en_ligne,pos,Espagne,Espagne,2,0
252,21.41,21.7,1,paiement_pos,atm,Allemagne,Allemagne,0,0
165,140.74,94.29,22,virement,pos,Allemagne,Allemagne,1,0
213,31.69,30.22,21,retrait_atm,atm,Espagne,Espagne,1,0
38,37.6,83.22,11,paiement_pos,mobile,Italie,Italie,4,0
24,94.37,43.28,19,achat_en_ligne,web,France,Italie,0,0
4,30.2,17.79,15,virement,atm,Allemagne,Allemagne,0,0
68,604.64,60.44,10,retrait_atm,atm,Nigeria,Belgique,1,1
120,61.33,40.9,9,virement,web,France,France,1,0
183,69.45,82.0,7,achat_en_ligne,atm,Allemagne,Allemagne,0,0
14,39.7,21.43,22,paiement_pos,mobile,Espagne,Espagne,0,0
77,22.01,34.96,11,achat_en_ligne,pos,Belgique,Belgique,0,0
293,46.59,29.56,22,retrait_atm,mobile,Italie,Italie,0,0
115,55.24,38.07,9,achat_en_ligne,mobile,Allemagne,Allemagne,1,0
23,46.0,22.36,10,paiement_pos,mobile,France,France,0,0
11,30.39,24.54,17,paiement_pos,pos,Allemagne,Allemagne,1,0
278,23.24,26.71,23,paiement_pos,mobile,Espagne,Espagne,2,0
112,19.56,14.51,7,retrait_atm,mobile,Espagne,Espagne,1,0
19,30.44,57.91,13,virement,mobile,Italie,Italie,1,0
42,182.87,89.17,22,achat_en_ligne,web,Espagne,Espagne,0,0
269,34.09,63.66,1,virement,mobile,Espagne,Espagne,0,0
110,41.63,26.42,20,paiement_pos,mobile,Espagne,Espagne,0,0
220,30.97,20.22,19,retrait_atm,web,Italie,Italie,1,0
249,86.33,52.25,12,virement,web,Espagne,Espagne,0,0
48,23.39,19.36,7,virement,mobile,Italie,Italie,1,0
178,11.15,51.34,23,achat_en_ligne,mobile,France,France,1,0
285,13.43,30.61,16,virement,pos,Allemagne,Allemagne,2,0
140,69.62,34.17,23,retrait_atm,mobile,Allemagne,Allemagne,2,0
62,17.03,27.1,20,virement,mobile,Espagne,Espagne,0,0
282,26.22,41.92,23,retrait_atm,atm,Allemagne,Allemagne,0,0
25,22.92,25.2,9,paiement_pos,web,Espagne,Espagne,0,0
170,13.06,21.79,2,paiement_pos,pos,France,France,0,0
265,25.77,22.04,20,achat_en_ligne,pos,Italie,Italie,0,0
52,38.95,30.02,11,virement,atm,France,France,0,0
36,76.75,64.31,13,paiement_pos,pos,France,France,0,0
123,28.61,21.48,1,virement,mobile,Espagne,Espagne,0,0
175,144.79,66.87,17,paiement_pos,mobile,Espagne,Espagne,0,0
165,153.24,94.29,5,retrait_atm,web,Allemagne,Allemagne,0,0
248,75.06,35.98,11,virement,pos,Allemagne,Allemagne,0,0
27,20.04,15.38,17,achat_en_ligne,web,Allemagne,Allemagne,0,0
291,39.53,22.36,2,retrait_atm,atm,Italie,Italie,0,0
194,76.62,39.75,6,paiement_pos,atm,Belgique,Belgique,0,0
39,13.23,36.96,0,paiement_pos,mobile,Belgique,Belgique,2,0
90,36.27,30.04,15,virement,pos,Italie,Italie,1,0
15,414.54,118.76,12,retrait_atm,atm,Espagne,Espagne,0,0
154,23.05,13.19,11,virement,web,Belgique,Belgique,1,0
155,109.84,55.61,4,virement,mobile,Allemagne,Allemagne,0,0
189,30.94,22.14,22,retrait_atm,web,Belgique,Belgique,0,0
103,26.23,26.55,10,paiement_pos,pos,Italie,Italie,2,0
187,34.81,33.77,15,virement,atm,France,France,0,0
16,41.77,20.23,18,virement,web,Espagne,Espagne,1,0
191,238.39,66.23,23,achat_en_ligne,web,Espagne,Espagne,0,0
254,55.88,37.27,19,paiement_pos,atm,Belgique,Belgique,0,0
172,13.22,16.33,8,retrait_atm,atm,France,France,0,0
287,103.35,57.8,13,virement,pos,France,France,0,0
217,28.36,30.72,13,virement,pos,France,France,2,0
91,21.87,17.51,12,achat_en_ligne,pos,Belgique,Allemagne,0,0
262,4.58,15.21,7,achat_en_ligne,web,France,France,1,0
124,20.38,40.04,17,paiement_pos,pos,Allemagne,Allemagne,0,0
79,247.94,149.98,12,virement,web,Allemagne,Allemagne,0,0
206,55.16,53.96,21,achat_en_ligne,web,Belgique,Belgique,0,0
91,17.24,17.51,7,paiement_pos,pos,Allemagne,Allemagne,0,0
144,226.5,36.29,2,virement,mobile,Allemagne,Allemagne,2,1
198,3.38,9.6,2,paiement_pos,atm,France,France,0,0
127,38.7,85.12,3,paiement_pos,mobile,France,France,1,0
11,47.39,24.54,19,virement,atm,Allemagne,Allemagne,0,0
221,8.33,37.39,10,achat_en_ligne,atm,France,France,0,0
238,12.75,20.56,13,achat_en_ligne,web,Allemagne,Allemagne,0,0
83,6.36,13.76,9,achat_en_ligne,mobile,France,France,0,0
106,97.27,18.32,7,paiement_pos,web,Espagne,Espagne,0,0
160,66.93,72.24,4,paiement_pos,atm,Espagne,Espagne,0,0
108,93.43,52.79,19,retrait_atm,mobile,Espagne,Espagne,0,0
162,703.27,93.63,19,virement,pos,Espagne,Espagne,2,1
81,19.79,19.85,20,achat_en_ligne,mobile,Italie,Italie,0,0
81,33.84,19.85,10,virement,atm,Italie,Italie,0,0
291,15.75,22.36,13,retrait_atm,mobile,Italie,Italie,1,0
48,16.68,19.36,20,achat_en_ligne,pos,Italie,Italie,0,0
266,39.47,51.92,11,paiement_pos,pos,Allemagne,Allemagne,0,0
123,42.8,21.48,3,paiement_pos,atm,Espagne,Espagne,8,0
238,11.46,20.56,0,virement,pos,Allemagne,Allemagne,0,0
217,51.07,30.72,12,retrait_atm,pos,France,France,0,0
25,45.83,25.2,11,achat_en_ligne,web,Espagne,Espagne,0,0
234,41.31,72.66,19,achat_en_ligne,atm,Espagne,Espagne,0,0
180,10.66,31.81,23,virement,mobile,Allemagne,Allemagne,0,0
256,136.22,26.15,8,virement,mobile,Italie,France,0,0
244,50.24,34.21,18,paiement_pos,web,France,Espagne,0,0
150,45.14,26.49,11,retrait_atm,web,France,France,0,0
236,31.31,15.63,21,retrait_atm,web,Espagne,Espagne,0,0
53,38.0,40.55,21,paiement_pos,atm,Belgique,Belgique,0,0
133,74.86,44.17,22,retrait_atm,mobile,France,France,0,0
66,23.78,24.77,10,paiement_pos,web,Belgique,Belgique,0,0
225,13.05,55.37,14,virement,mobile,Espagne,Espagne,0,0
288,7.06,23.03,21,retrait_atm,web,Allemagne,Allemagne,0,0
236,14.76,15.63,9,paiement_pos,web,Espagne,Espagne,0,0
291,20.96,22.36,10,retrait_atm,web,Italie,Italie,0,0
212,107.4,30.31,23,paiement_pos,mobile,Espagne,Espagne,1,0
249,2.58,52.25,0,virement,atm,Espagne,Espagne,3,1
249,36.16,52.25,13,achat_en_ligne,web,Espagne,Espagne,2,0
149,2.05,39.55,18,achat_en_ligne,atm,Italie,Italie,1,1
293,7.28,29.56,9,retrait_atm,mobile,Italie,Italie,2,0
229,38.69,29.28,7,retrait_atm,atm,Allemagne,Allemagne,0,0
87,1.39,21.38,6,virement,web,Russie,France,2,1
175,118.73,66.87,3,retrait_atm,pos,Espagne,Espagne,1,0
276,20.81,13.62,17,paiement_pos,mobile,Allemagne,Allemagne,0,0
65,14.67,33.73,20,retrait_atm,web,Allemagne,Allemagne,1,0
141,122.8,27.79,1,retrait_atm,web,Russie,Italie,0,1
296,133.29,73.14,18,retrait_atm,mobile,Allemagne,Allemagne,0,0
205,31.39,23.51,14,virement,pos,Allemagne,Allemagne,0,0
245,35.44,24.95,5,virement,web,Espagne,Espagne,1,0
63,68.38,57.37,19,retrait_atm,web,Belgique,Belgique,0,0
226,37.15,54.88,13,paiement_pos,pos,Belgique,Belgique,1,0
18,39.08,19.26,2,paiement_pos,web,France,France,0,0
49,57.61,48.72,13,achat_en_ligne,web,Espagne,Espagne,0,0
282,128.3,41.92,8,retrait_atm,atm,Allemagne,Allemagne,0,0
289,52.11,24.04,14,virement,web,Allemagne,Allemagne,1,0
39,26.5,36.96,16,virement,atm,Belgique,Belgique,1,0
66,27.1,24.77,10,achat_en_ligne,mobile,Belgique,Belgique,0,0
9,34.44,35.81,17,achat_en_ligne,atm,Belgique,Belgique,0,0
130,2.01,16.99,5,achat_en_ligne,atm,Italie,Espagne,7,1
20,32.99,41.72,7,virement,web,Allemagne,Allemagne,0,0
237,115.11,12.67,2,virement,mobile,Espagne,Espagne,0,1
82,45.4,27.87,5,paiement_pos,mobile,Allemagne,Allemagne,0,0
221,52.41,37.39,5,virement,mobile,Espagne,France,0,0
257,305.86,45.27,0,virement,mobile,Espagne,Espagne,5,1
219,87.53,21.2,7,virement,pos,Allemagne,Allemagne,1,0
169,18.73,34.46,17,virement,atm,Belgique,Belgique,0,0
127,132.48,85.12,19,virement,atm,France,France,0,0
225,211.76,55.37,7,retrait_atm,atm,Espagne,Espagne,0,0
113,72.2,28.71,13,retrait_atm,mobile,Allemagne,Allemagne,0,0
106,95.6,18.32,16,achat_en_ligne,web,Espagne,Espagne,0,0
208,12.94,38.08,18,paiement_pos,web,Italie,Italie,0,0
47,29.68,17.04,15,paiement_pos,pos,Allemagne,Allemagne,1,0
294,35.13,40.33,5,achat_en_ligne,web,Belgique,Belgique,0,0
256,17.77,26.15,2,paiement_pos,atm,Belgique,France,1,0
189,39.15,22.14,12,paiement_pos,pos,Belgique,Belgique,0,0
170,9.88,21.79,11,retrait_atm,pos,France,France,0,0
184,48.71,48.55,2,retrait_atm,mobile,Espagne,Espagne,0,0
259,54.4,30.86,13,paiement_pos,atm,France,France,0,0
61,25.63,19.55,17,achat_en_ligne,pos,Italie,Italie,1,0
137,27.59,17.01,3,paiement_pos,pos,Espagne,Espagne,0,0
212,46.52,30.31,1,retrait_atm,pos,Espagne,Espagne,0,0
76,59.75,17.28,2,retrait_atm,web,Allemagne,Allemagne,0,0
264,3.22,8.16,16,achat_en_ligne,web,Belgique,Italie,0,0
238,43.84,20.56,23,achat_en_ligne,mobile,Allemagne,Allemagne,0,0
285,61.51,30.61,19,virement,pos,Allemagne,Allemagne,0,0
129,45.12,20.95,16,virement,mobile,Allemagne,Allemagne,0,0
134,6.66,11.63,17,retrait_atm,pos,Allemagne,Allemagne,0,0
27,30.29,15.38,13,achat_en_ligne,web,Allemagne,Allemagne,0,0
95,15.54,11.53,22,paiement_pos,atm,Italie,Italie,0,0
12,33.1,16.27,1,achat_en_ligne,web,Italie,Italie,0,0
139,48.4,38.79,4,virement,web,Belgique,Belgique,0,0
12,23.73,16.27,4,paiement_pos,atm,Italie,Italie,0,0
195,264.57,34.58,4,virement,pos,Roumanie,Italie,0,1
197,30.32,87.33,8,paiement_pos,pos,Belgique,Belgique,0,0
205,11.14,23.51,9,virement,web,Allemagne,Allemagne,1,0
159,44.81,27.09,10,achat_en_ligne,atm,Allemagne,Allemagne,0,0
55,43.92,34.97,16,virement,web,Allemagne,Allemagne,0,0
284,9.7,44.03,11,retrait_atm,atm,Allemagne,Allemagne,0,0
16,32.4,20.23,5,virement,pos,Espagne,Espagne,0,0
223,49.66,33.34,4,paiement_pos,atm,Belgique,Espagne,0,0
300,10.91,27.14,16,retrait_atm,pos,France,France,0,0
231,45.62,86.71,15,paiement_pos,web,Allemagne,Allemagne,0,0
7,55.11,32.06,13,virement,web,France,France,0,0
123,21.57,21.48,4,virement,atm,Espagne,Espagne,4,0
49,37.99,48.72,13,retrait_atm,mobile,Espagne,Espagne,0,0
272,124.7,74.6,21,achat_en_ligne,pos,France,France,0,0
271,92.24,31.77,14,retrait_atm,atm,Belgique,Belgique,0,0
2,36.7,36.39,8,paiement_pos,mobile,Espagne,Espagne,1,0
131,380.3,67.67,1,virement,pos,Allemagne,Allemagne,0,1
76,24.96,17.28,17,achat_en_ligne,mobile,Allemagne,Allemagne,1,0
8,190.22,95.66,6,paiement_pos,mobile,Espagne,Espagne,0,0
238,40.4,20.56,21,achat_en_ligne,atm,France,Allemagne,3,0
7,11.87,32.06,14,retrait_atm,atm,France,France,0,0
170,39.86,21.79,15,retrait_atm,mobile,France,France,1,0
227,29.22,46.18,10,retrait_atm,pos,Italie,Italie,0,0
186,63.17,18.03,6,achat_en_ligne,mobile,Allemagne,Allemagne,0,0
54,564.1,77.05,3,virement,pos,Roumanie,Allemagne,0,1
9,213.67,35.81,2,retrait_atm,mobile,Belgique,Belgique,1,1
8,402.28,95.66,2,virement,pos,Espagne,Espagne,2,1
210,46.77,38.95,10,virement,web,Espagne,Espagne,0,0
184,99.52,48.55,11,paiement_pos,web,Espagne,Espagne,1,0
278,14.71,26.71,10,virement,mobile,Espagne,Espagne,0,0
283,31.0,17.74,3,achat_en_ligne,atm,France,Espagne,0,0
275,41.57,23.18,22,virement,pos,Allemagne,Allemagne,0,0
248,46.59,35.98,17,achat_en_ligne,web,Allemagne,Allemagne,0,0
180,25.79,31.81,1,virement,atm,Allemagne,Allemagne,0,0
76,37.04,17.28,18,paiement_pos,web,Allemagne,Allemagne,1,0
13,97.91,18.56,13,achat_en_ligne,atm,Espagne,Espagne,2,1
92,144.12,24.1,6,retrait_atm,web,Italie,Italie,1,0
249,57.52,52.25,14,paiement_pos,pos,Espagne,Espagne,1,0
34,2.16,37.77,6,retrait_atm,pos,Roumanie,Allemagne,3,1
38,73.15,83.22,3,retrait_atm,web,Italie,Italie,1,0
250,20.17,38.0,23,paiement_pos,mobile,France,France,0,0
135,57.28,57.77,18,achat_en_ligne,pos,Espagne,Espagne,0,0
92,9.79,24.1,7,retrait_atm,mobile,Italie,Italie,0,0
49,30.65,48.72,20,paiement_pos,mobile,Espagne,Espagne,0,0
94,68.8,31.29,21,achat_en_ligne,web,Belgique,Belgique,1,0
218,122.23,80.55,9,virement,pos,France,France,0,0
150,130.23,26.49,14,retrait_atm,pos,France,France,0,0
1,73.34,62.78,14,paiement_pos,web,France,France,0,0
292,86.24,42.81,11,paiement_pos,pos,Belgique,Belgique,1,0
32,25.59,39.31,17,retrait_atm,web,Belgique,Belgique,1,0
215,24.54,60.33,9,achat_en_ligne,pos,Espagne,Espagne,1,0
150,56.95,26.49,5,achat_en_ligne,atm,France,France,0,0
42,81.95,89.17,9,virement,atm,Espagne,Espagne,0,0
285,25.25,30.61,0,virement,mobile,Allemagne,Allemagne,1,0
163,30.05,67.12,11,paiement_pos,web,Allemagne,Allemagne,0,0
4,27.8,17.79,10,virement,web,Allemagne,Allemagne,0,0
64,1.15,14.94,0,virement,web,Italie,Italie,5,1
87,8.88,21.38,11,paiement_pos,mobile,France,France,1,0
252,12.56,21.7,22,virement,atm,Allemagne,Allemagne,0,0
221,23.38,37.39,4,retrait_atm,pos,Belgique,France,0,0
14,17.35,21.43,8,retrait_atm,pos,Espagne,Espagne,0,0
285,247.36,30.61,5,virement,atm,Ukraine,Allemagne,0,1
148,4.07,36.82,16,paiement_pos,web,Belgique,Belgique,3,1
199,40.95,23.23,13,paiement_pos,web,Belgique,Belgique,0,0
101,165.64,189.24,12,achat_en_ligne,web,Italie,Italie,0,0
2,73.52,36.39,0,virement,web,Espagne,Espagne,0,0
238,6.85,20.56,3,achat_en_ligne,mobile,Allemagne,Allemagne,1,0
252,41.31,21.7,16,virement,mobile,Allemagne,Allemagne,0,0
67,41.96,27.2,13,paiement_pos,web,Italie,Italie,0,0
14,9.68,21.43,1,retrait_atm,atm,Espagne,Espagne,0,0
268,50.95,37.29,14,retrait_atm,atm,Belgique,Belgique,0,0
222,24.51,54.96,2,achat_en_ligne,pos,Allemagne,Allemagne,0,0
182,21.66,24.26,1,achat_en_ligne,web,France,France,0,0
214,138.61,41.68,12,achat_en_ligne,mobile,Allemagne,Allemagne,1,0
66,51.09,24.77,16,achat_en_ligne,atm,Belgique,Belgique,0,0
3,29.6,30.11,4,achat_en_ligne,mobile,Espagne,Espagne,0,0
6,41.67,24.73,12,achat_en_ligne,pos,Italie,Italie,0,0
148,21.6,36.82,13,virement,mobile,Belgique,Belgique,0,0
247,145.82,50.46,3,virement,web,Espagne,Espagne,1,0
71,43.12,30.18,16,virement,atm,France,Espagne,0,0
272,116.85,74.6,11,virement,web,France,France,0,0
180,57.57,31.81,17,retrait_atm,pos,Allemagne,Allemagne,0,0
282,62.64,41.92,16,achat_en_ligne,atm,Allemagne,Allemagne,0,0
227,172.25,46.18,0,retrait_atm,web,Roumanie,Italie,0,1
236,34.27,15.63,9,virement,pos,Espagne,Espagne,0,0
149,51.0,39.55,6,retrait_atm,atm,Italie,Italie,0,0
210,23.19,38.95,0,virement,web,Espagne,Espagne,0,0
169,8.01,34.46,1,virement,mobile,Belgique,Belgique,0,0
224,98.98,73.51,12,paiement_pos,web,Belgique,Belgique,0,0
201,27.54,12.82,7,virement,atm,Belgique,Belgique,0,0
120,60.24,40.9,10,virement,atm,France,France,0,0
209,35.52,38.12,13,paiement_pos,pos,Belgique,Belgique,2,0
274,26.03,20.04,19,achat_en_ligne,atm,Italie,Italie,1,0
67,57.23,27.2,22,achat_en_ligne,mobile,Italie,Italie,0,0
188,91.72,15.96,14,retrait_atm,pos,Ukraine,Belgique,1,1
105,128.4,93.43,18,retrait_atm,atm,Espagne,Espagne,0,0
73,28.61,28.95,8,retrait_atm,pos,Allemagne,Allemagne,1,0
231,92.02,86.71,18,achat_en_ligne,atm,Allemagne,Allemagne,0,0
58,50.01,32.16,13,virement,mobile,France,France,1,0
121,36.32,34.19,13,achat_en_ligne,mobile,Allemagne,Allemagne,0,0
153,98.66,93.36,9,achat_en_ligne,atm,Italie,Italie,0,0
243,16.14,8.28,1,virement,web,France,France,0,0
220,11.91,20.22,5,retrait_atm,web,Italie,Italie,0,0
231,101.65,86.71,14,retrait_atm,pos,Allemagne,Allemagne,0,0
288,32.58,23.03,19,retrait_atm,pos,Allemagne,Allemagne,0,0
20,54.05,41.72,18,virement,atm,Allemagne,Allemagne,0,0
291,14.82,22.36,15,retrait_atm,atm,Italie,Italie,2,0
245,27.74,24.95,21,achat_en_ligne,atm,Espagne,Espagne,0,0
210,15.78,38.95,21,paiement_pos,pos,Espagne,Espagne,2,0
10,63.09,59.72,6,virement,mobile,France,France,1,0
226,119.16,54.88,18,retrait_atm,atm,Belgique,Belgique,1,0
262,29.76,15.21,14,achat_en_ligne,web,France,France,0,0
141,36.14,27.79,6,virement,mobile,Italie,Italie,0,0
169,41.88,34.46,12,achat_en_ligne,atm,Belgique,Belgique,0,0
185,224.43,21.77,1,retrait_atm,pos,Nigeria,Allemagne,0,1
144,9.26,36.29,2,paiement_pos,atm,Allemagne,Allemagne,0,0
254,58.22,37.27,14,virement,web,Belgique,Belgique,1,0
253,46.75,29.73,5,retrait_atm,pos,France,France,0,0
275,6.18,23.18,11,virement,web,Allemagne,Allemagne,0,0
56,56.99,48.73,8,paiement_pos,pos,France,France,0,0
235,26.28,12.66,10,retrait_atm,atm,Allemagne,Allemagne,2,0
289,46.55,24.04,8,retrait_atm,web,Allemagne,Allemagne,0,0
242,9.34,14.19,7,achat_en_ligne,web,Allemagne,Allemagne,0,0
199,38.41,23.23,11,paiement_pos,pos,Belgique,Belgique,0,0
212,47.93,30.31,7,paiement_pos,atm,Espagne,Espagne,0,0
279,19.15,53.63,19,retrait_atm,web,France,France,0,0
33,145.84,72.5,19,retrait_atm,atm,France,France,1,0
117,87.53,43.94,15,achat_en_ligne,mobile,France,France,0,0
73,17.84,28.95,18,retrait_atm,atm,Allemagne,Allemagne,0,0
215,5.36,60.33,0,paiement_pos,web,Nigeria,Espagne,4,1
264,2.62,8.16,22,virement,mobile,Italie,Italie,0,0
7,7.87,32.06,14,achat_en_ligne,web,France,France,0,0
279,13.26,53.63,13,achat_en_ligne,pos,France,France,0,0
284,46.38,44.03,3,virement,mobile,Allemagne,Allemagne,0,0
236,2.12,15.63,15,virement,web,Russie,Espagne,4,1
263,28.02,13.61,4,paiement_pos,atm,Belgique,Belgique,0,0
160,66.97,72.24,23,paiement_pos,mobile,Espagne,Espagne,2,0
1,36.1,62.78,5,virement,web,France,France,0,0
93,25.48,19.57,8,retrait_atm,pos,Italie,Italie,0,0
233,47.92,35.33,16,virement,mobile,France,France,0,0
266,37.37,51.92,8,paiement_pos,pos,Allemagne,Allemagne,0,0
165,162.9,94.29,16,retrait_atm,pos,Allemagne,Allemagne,0,0
49,42.76,48.72,6,virement,pos,Espagne,Espagne,2,0
185,21.92,21.77,18,retrait_atm,atm,Allemagne,Allemagne,0,0
255,64.32,54.18,22,retrait_atm,mobile,Espagne,Espagne,2,0
70,82.11,73.88,5,paiement_pos,pos,Allemagne,Allemagne,0,0
121,67.46,34.19,11,virement,mobile,Allemagne,Allemagne,0,0
40,26.65,15.88,8,paiement_pos,pos,Espagne,Espagne,0,0
25,16.22,25.2,7,paiement_pos,mobile,Espagne,Espagne,0,0
99,14.65,17.15,13,virement,mobile,Espagne,Espagne,0,0
128,24.5,41.74,15,paiement_pos,atm,Espagne,Espagne,0,0
34,25.48,37.77,19,paiement_pos,web,Allemagne,Allemagne,0,0
289,2.3,24.04,20,paiement_pos,atm,Ukraine,Allemagne,4,1
19,30.79,57.91,15,paiement_pos,pos,Italie,Italie,0,0
13,15.41,18.56,22,paiement_pos,pos,Espagne,Espagne,0,0
2,64.12,36.39,20,achat_en_ligne,atm,Espagne,Espagne,0,0
209,9.58,38.12,14,virement,mobile,Belgique,Belgique,0,0
126,76.81,116.27,6,retrait_atm,pos,Allemagne,Allemagne,0,0
246,4.03,43.63,22,virement,atm,France,France,5,1
102,33.48,16.4,23,retrait_atm,atm,France,France,0,0
59,74.0,19.97,3,virement,mobile,Espagne,Espagne,1,1
53,21.29,40.55,21,achat_en_ligne,web,Belgique,Belgique,0,0
54,234.68,77.05,19,virement,atm,Allemagne,Allemagne,0,0
94,130.89,31.29,12,virement,mobile,Belgique,Belgique,0,0
195,10.68,34.58,10,achat_en_ligne,mobile,Italie,Italie,0,0
19,20.68,57.91,17,achat_en_ligne,pos,Italie,Italie,0,0
42,100.32,89.17,15,virement,atm,Espagne,Espagne,0,0
76,12.77,17.28,21,virement,web,Allemagne,Allemagne,0,0
107,8.56,28.58,21,paiement_pos,pos,Espagne,Espagne,0,0
169,34.97,34.46,20,virement,mobile,Belgique,Belgique,1,0
41,30.06,14.57,4,paiement_pos,pos,France,France,0,0
86,113.23,68.27,23,paiement_pos,atm,Espagne,Espagne,0,0
147,38.93,28.73,4,paiement_pos,pos,France,France,0,0
255,22.19,54.18,23,retrait_atm,web,Espagne,Espagne,0,0
169,66.15,34.46,13,achat_en_ligne,web,Belgique,Belgique,0,0
101,194.18,189.24,5,achat_en_ligne,pos,Italie,Italie,0,0
183,46.12,82.0,23,retrait_atm,web,Allemagne,Allemagne,0,0
66,7.61,24.77,16,paiement_pos,pos,Belgique,Belgique,0,0
128,336.37,41.74,14,paiement_pos,web,Espagne,Espagne,3,1
139,105.87,38.79,1,retrait_atm,web,Belgique,Belgique,0,0
38,72.18,83.22,11,paiement_pos,web,Italie,Italie,0,0
99,18.11,17.15,9,achat_en_ligne,pos,Espagne,Espagne,0,0
158,9.34,17.61,18,retrait_atm,mobile,Allemagne,Allemagne,0,0
282,14.73,41.92,18,retrait_atm,mobile,Allemagne,Allemagne,0,0
55,14.38,34.97,4,retrait_atm,web,Allemagne,Allemagne,1,0
279,14.49,53.63,4,achat_en_ligne,mobile,France,France,1,0
46,67.05,79.59,15,virement,pos,Italie,Italie,0,0
176,66.84,51.96,11,paiement_pos,mobile,Allemagne,Allemagne,0,0
190,8.41,39.93,7,virement,mobile,Belgique,Belgique,1,0
205,40.3,23.51,11,paiement_pos,pos,Allemagne,Allemagne,1,0
206,207.15,53.96,0,retrait_atm,web,Ukraine,Belgique,0,1
4,4.13,17.79,6,retrait_atm,pos,Allemagne,Allemagne,0,0
83,11.06,13.76,15,retrait_atm,atm,France,France,0,0
148,26.92,36.82,11,achat_en_ligne,pos,Belgique,Belgique,0,0
149,9.15,39.55,10,virement,mobile,Italie,Italie,0,0
7,161.76,32.06,19,virement,web,France,France,1,0
80,193.4,102.12,8,achat_en_ligne,mobile,Espagne,Espagne,1,0
237,17.14,12.67,12,retrait_atm,pos,Espagne,Espagne,0,0
282,45.4,41.92,9,retrait_atm,pos,Allemagne,Allemagne,1,0
121,74.76,34.19,14,achat_en_ligne,pos,Allemagne,Allemagne,0,0
59,23.76,19.97,7,virement,atm,Espagne,Espagne,0,0
296,49.25,73.14,21,paiement_pos,atm,Allemagne,Allemagne,2,0
231,164.55,86.71,10,retrait_atm,atm,Allemagne,Allemagne,0,0
272,15.48,74.6,9,paiement_pos,pos,France,France,0,0
85,27.15,40.02,19,retrait_atm,atm,Espagne,Espagne,1,0
151,17.8,11.54,4,paiement_pos,atm,Italie,Italie,1,0
10,120.88,59.72,8,retrait_atm,atm,France,France,0,0
114,25.38,28.22,13,retrait_atm,web,Allemagne,Allemagne,0,0
122,28.79,33.12,15,virement,pos,Espagne,Espagne,0,0
200,71.33,47.21,19,achat_en_ligne,atm,Italie,Italie,0,0
191,13.94,66.23,18,virement,pos,Espagne,Espagne,0,0
115,80.89,38.07,15,paiement_pos,mobile,Allemagne,Allemagne,0,0
103,15.93,26.55,10,virement,mobile,Italie,Italie,0,0
57,17.06,9.68,19,paiement_pos,atm,Allemagne,Allemagne,0,0
289,34.33,24.04,13,retrait_atm,pos,Allemagne,Allemagne,0,0
296,28.47,73.14,21,achat_en_ligne,pos,Allemagne,Allemagne,1,0
166,24.21,43.09,6,retrait_atm,mobile,Italie,Italie,0,0
247,68.56,50.46,8,paiement_pos,pos,Espagne,Espagne,2,0
248,69.07,35.98,13,virement,atm,Allemagne,Allemagne,1,0
218,109.75,80.55,18,retrait_atm,mobile,France,France,0,0
277,63.76,19.44,8,paiement_pos,atm,Allemagne,Allemagne,1,0
61,41.0,19.55,17,retrait_atm,atm,France,Italie,0,0
160,104.82,72.24,8,achat_en_ligne,pos,Espagne,Espagne,1,0
57,16.72,9.68,18,achat_en_ligne,pos,Allemagne,Allemagne,0,0
50,49.27,26.13,7,virement,pos,Espagne,Espagne,0,0
156,111.12,27.19,9,virement,atm,Espagne,Espagne,1,0
72,15.12,21.81,21,achat_en_ligne,atm,France,France,0,0
142,63.68,31.12,16,virement,web,Belgique,Belgique,0,0
259,90.49,30.86,15,virement,atm,Russie,France,3,1
121,60.47,34.19,15,retrait_atm,atm,Allemagne,Allemagne,3,0
260,502.03,54.47,5,virement,web,Allemagne,Allemagne,1,1
62,185.13,27.1,2,virement,mobile,Roumanie,Espagne,3,1
84,17.14,23.23,1,virement,atm,Italie,Italie,0,0
256,43.52,26.15,17,retrait_atm,atm,France,France,0,0
223,46.41,33.34,7,virement,mobile,Espagne,Espagne,0,0
251,58.25,45.51,2,virement,atm,France,France,0,0
108,56.83,52.79,20,paiement_pos,web,Espagne,Espagne,0,0
130,20.01,16.99,9,paiement_pos,web,Espagne,Espagne,2,0
230,8.6,9.95,22,virement,web,France,France,0,0
89,6.4,9.13,9,retrait_atm,atm,Espagne,Espagne,0,0
23,12.91,22.36,15,achat_en_ligne,web,France,France,0,0
91,5.59,17.51,9,virement,atm,Allemagne,Allemagne,0,0
44,21.13,29.73,10,paiement_pos,pos,Belgique,Belgique,0,0
298,52.81,13.65,19,achat_en_ligne,atm,Allemagne,Allemagne,0,0
269,15.45,63.66,12,achat_en_ligne,atm,Espagne,Espagne,0,0
135,100.52,57.77,16,retrait_atm,atm,Espagne,Espagne,0,0
59,106.12,19.97,23,virement,atm,Espagne,Espagne,0,0
174,35.71,29.54,16,retrait_atm,web,Espagne,Espagne,0,0
162,40.54,93.63,5,achat_en_ligne,mobile,Espagne,Espagne,1,0
117,65.82,43.94,18,paiement_pos,atm,France,France,0,0
290,7.89,17.43,3,retrait_atm,mobile,Allemagne,Allemagne,0,0
129,10.58,20.95,1,paiement_pos,atm,Allemagne,Allemagne,0,0
231,84.51,86.71,12,achat_en_ligne,pos,Allemagne,Allemagne,0,0
149,58.95,39.55,13,paiement_pos,pos,Italie,Italie,0,0
181,23.98,16.39,18,paiement_pos,mobile,Italie,Italie,0,0
221,78.33,37.39,15,paiement_pos,pos,France,France,0,0
215,51.57,60.33,0,virement,mobile,Espagne,Espagne,0,0
155,82.52,55.61,18,achat_en_ligne,pos,Allemagne,Allemagne,0,0
230,2.72,9.95,22,virement,mobile,France,France,0,0
60,34.45,15.94,6,paiement_pos,pos,Espagne,Espagne,0,0
6,18.62,24.73,18,retrait_atm,atm,Italie,Italie,0,0
52,59.37,30.02,11,retrait_atm,web,France,France,0,0
165,293.13,94.29,20,paiement_pos,web,Allemagne,Allemagne,1,0
84,11.44,23.23,8,achat_en_ligne,mobile,Italie,Italie,0,0
170,22.3,21.79,21,retrait_atm,pos,France,France,1,0
146,2.42,7.1,4,paiement_pos,pos,Italie,Italie,0,0
150,8.81,26.49,18,paiement_pos,atm,France,France,0,0
143,9.94,28.47,5,achat_en_ligne,mobile,Belgique,Belgique,0,0
241,75.07,39.09,10,virement,pos,France,France,2,0
98,3.81,15.3,15,retrait_atm,mobile,Espagne,Espagne,0,0
126,129.94,116.27,6,virement,atm,Allemagne,Allemagne,0,0
117,24.27,43.94,15,retrait_atm,web,France,France,0,0
47,99.3,17.04,14,achat_en_ligne,mobile,Allemagne,Allemagne,1,0
171,95.16,59.96,1,paiement_pos,web,France,France,0,0
166,47.77,43.09,17,achat_en_ligne,web,Italie,Italie,2,0
181,33.24,16.39,12,paiement_pos,web,Italie,Italie,0,0
94,60.0,31.29,18,achat_en_ligne,pos,Belgique,Belgique,0,0
114,18.27,28.22,12,paiement_pos,atm,Allemagne,Allemagne,0,0
197,107.46,87.33,18,paiement_pos,mobile,Belgique,Belgique,0,0
31,15.6,30.84,23,retrait_atm,atm,Allemagne,Allemagne,0,0
197,92.29,87.33,21,virement,pos,Belgique,Belgique,0,0
3,65.61,30.11,23,achat_en_ligne,mobile,Espagne,Espagne,0,0
107,6.41,28.58,15,virement,web,Espagne,Espagne,0,0
71,25.53,30.18,21,achat_en_ligne,pos,Espagne,Espagne,1,0
151,3.57,11.54,16,paiement_pos,mobile,Italie,Italie,1,0
58,48.27,32.16,12,paiement_pos,pos,France,France,0,0
211,34.77,19.73,15,virement,pos,Belgique,Belgique,0,0
281,11.49,14.45,23,virement,atm,Belgique,Belgique,1,0
35,18.64,25.88,0,achat_en_ligne,atm,Italie,Italie,0,0
31,31.69,30.84,18,achat_en_ligne,atm,Allemagne,Allemagne,0,0
98,27.85,15.3,10,retrait_atm,atm,Espagne,Espagne,0,0
130,17.05,16.99,4,paiement_pos,pos,Espagne,Espagne,0,0
181,12.72,16.39,12,achat_en_ligne,atm,Italie,Italie,0,0
84,36.66,23.23,19,achat_en_ligne,web,Italie,Italie,0,0
68,91.09,60.44,14,retrait_atm,mobile,Belgique,Belgique,1,0
200,70.18,47.21,9,paiement_pos,atm,Italie,Italie,0,0
19,114.19,57.91,10,paiement_pos,atm,Italie,Italie,0,0
105,113.86,93.43,15,achat_en_ligne,atm,Espagne,Espagne,1,0
290,11.84,17.43,7,retrait_atm,mobile,Allemagne,Allemagne,0,0
1,59.69,62.78,6,achat_en_ligne,mobile,France,France,0,0
204,71.81,55.03,11,paiement_pos,web,Espagne,Espagne,0,0
151,11.0,11.54,19,retrait_atm,mobile,Italie,Italie,1,0
173,39.08,52.95,13,retrait_atm,atm,Espagne,Espagne,0,0
267,31.48,27.91,12,retrait_atm,pos,Allemagne,Allemagne,0,0
215,45.68,60.33,10,virement,web,Espagne,Espagne,0,0
296,88.39,73.14,16,achat_en_ligne,web,Allemagne,Allemagne,1,0
5,12.66,12.12,20,retrait_atm,mobile,Allemagne,Allemagne,0,0
257,91.0,45.27,22,paiement_pos,atm,Espagne,Espagne,1,0
61,25.69,19.55,9,virement,atm,Italie,Italie,0,0
115,47.21,38.07,4,paiement_pos,pos,Allemagne,Allemagne,1,0
249,80.1,52.25,12,paiement_pos,pos,Espagne,Espagne,0,0
237,25.21,12.67,16,achat_en_ligne,mobile,Espagne,Espagne,0,0
85,29.43,40.02,12,achat_en_ligne,web,Espagne,Espagne,0,0
32,23.53,39.31,17,achat_en_ligne,pos,Belgique,Belgique,1,0
168,39.19,27.72,15,retrait_atm,pos,France,France,0,0
278,7.21,26.71,18,paiement_pos,web,Espagne,Espagne,0,0
294,83.39,40.33,9,achat_en_ligne,mobile,Belgique,Belgique,1,0
91,28.68,17.51,22,achat_en_ligne,atm,Allemagne,Allemagne,0,0
162,61.99,93.63,10,paiement_pos,mobile,Espagne,Espagne,1,0
77,27.62,34.96,11,retrait_atm,web,Belgique,Belgique,0,0
120,215.27,40.9,0,virement,atm,France,France,2,1
124,14.33,40.04,21,paiement_pos,atm,Allemagne,Allemagne,0,0
295,73.9,41.15,12,paiement_pos,web,Allemagne,Allemagne,1,0
270,33.53,73.45,13,paiement_pos,pos,Allemagne,Allemagne,1,0
190,165.37,39.93,8,paiement_pos,mobile,Belgique,Belgique,0,0
265,2.63,22.04,14,virement,mobile,Ukraine,Italie,5,1
264,12.32,8.16,21,achat_en_ligne,pos,Italie,Italie,0,0
182,83.2,24.26,9,achat_en_ligne,web,France,France,3,0
163,22.15,67.12,21,paiement_pos,atm,Allemagne,Allemagne,0,0
158,21.68,17.61,21,retrait_atm,mobile,Belgique,Allemagne,0,0
48,39.87,19.36,5,retrait_atm,web,Italie,Italie,1,0
170,46.71,21.79,19,paiement_pos,pos,France,France,0,0
186,23.99,18.03,21,virement,atm,Allemagne,Allemagne,0,0
236,8.5,15.63,19,achat_en_ligne,web,Espagne,Espagne,0,0
205,19.44,23.51,9,retrait_atm,web,Allemagne,Allemagne,1,0
54,124.47,77.05,23,paiement_pos,mobile,Allemagne,Allemagne,2,0
268,33.56,37.29,7,achat_en_ligne,web,Belgique,Belgique,0,0
176,12.7,51.96,17,paiement_pos,atm,Allemagne,Allemagne,1,0
211,28.96,19.73,16,virement,mobile,Belgique,Belgique,1,0
252,60.1,21.7,21,retrait_atm,web,Allemagne,Allemagne,0,0
191,56.04,66.23,0,paiement_pos,pos,Espagne,Espagne,0,0
83,10.1,13.76,10,paiement_pos,pos,France,France,0,0
155,44.55,55.61,20,paiement_pos,atm,Allemagne,Allemagne,0,0
161,78.14,46.97,9,virement,atm,Italie,Italie,1,0
231,23.25,86.71,7,paiement_pos,web,Allemagne,Allemagne,0,0
249,74.0,52.25,8,virement,mobile,Espagne,Espagne,0,0
24,42.41,43.28,19,achat_en_ligne,atm,Italie,Italie,0,0
143,50.49,28.47,10,paiement_pos,mobile,Belgique,Belgique,1,0
116,33.47,23.73,17,virement,pos,Allemagne,Allemagne,0,0
120,81.08,40.9,17,virement,web,France,France,0,0
117,39.52,43.94,8,retrait_atm,web,Allemagne,France,0,0
91,6.87,17.51,0,paiement_pos,atm,Allemagne,Allemagne,0,0
114,40.12,28.22,7,virement,mobile,Allemagne,Allemagne,0,0
104,10.22,40.65,20,achat_en_ligne,mobile,France,France,0,0
253,155.62,29.73,11,paiement_pos,mobile,France,France,1,0
42,493.48,89.17,17,achat_en_ligne,web,Espagne,Espagne,0,0
218,94.42,80.55,23,virement,atm,France,France,0,0
135,56.63,57.77,21,paiement_pos,atm,Espagne,Espagne,1,0
43,152.38,93.15,20,achat_en_ligne,pos,Espagne,Espagne,0,0
151,31.46,11.54,12,retrait_atm,mobile,Italie,Italie,1,0
148,35.74,36.82,23,virement,web,Belgique,Belgique,0,0
248,64.7,35.98,17,virement,atm,Allemagne,Allemagne,0,0
286,17.68,11.04,22,retrait_atm,pos,Italie,Italie,0,0
56,81.62,48.73,18,virement,mobile,France,France,0,0
154,34.03,13.19,14,achat_en_ligne,pos,Belgique,Belgique,1,0
267,18.32,27.91,15,achat_en_ligne,web,Allemagne,Allemagne,0,0
91,11.72,17.51,7,paiement_pos,atm,Allemagne,Allemagne,0,0
151,4.49,11.54,6,achat_en_ligne,atm,Italie,Italie,0,0
81,37.11,19.85,20,virement,mobile,Allemagne,Italie,1,0
93,19.25,19.57,6,paiement_pos,web,Italie,Italie,0,0
6,14.22,24.73,19,retrait_atm,web,Italie,Italie,0,0
183,111.92,82.0,15,retrait_atm,pos,Allemagne,Allemagne,0,0
296,110.13,73.14,9,retrait_atm,web,Allemagne,Allemagne,0,0
275,50.62,23.18,18,achat_en_ligne,mobile,Allemagne,Allemagne,0,0
220,4.57,20.22,23,paiement_pos,web,Italie,Italie,0,0
1,57.91,62.78,6,achat_en_ligne,web,France,France,0,0
258,49.78,28.23,9,achat_en_ligne,pos,France,France,0,0
180,26.09,31.81,9,retrait_atm,pos,Allemagne,Allemagne,0,0
89,1.07,9.13,3,paiement_pos,mobile,Espagne,Espagne,6,1
78,54.7,37.98,5,virement,pos,Belgique,Belgique,0,0
290,91.04,17.43,14,virement,web,Allemagne,Allemagne,0,0
205,122.82,23.51,7,virement,mobile,Allemagne,Allemagne,0,0
59,22.22,19.97,18,achat_en_ligne,pos,Espagne,Espagne,1,0
79,58.95,149.98,9,paiement_pos,mobile,Allemagne,Allemagne,0,0
13,36.72,18.56,22,virement,web,Espagne,Espagne,1,0
218,43.38,80.55,13,achat_en_ligne,atm,Allemagne,France,0,0
17,80.45,54.77,12,paiement_pos,pos,Italie,Allemagne,0,0
154,94.13,13.19,13,virement,pos,Ukraine,Belgique,2,1
219,20.83,21.2,4,virement,pos,Allemagne,Allemagne,0,0
272,40.92,74.6,14,achat_en_ligne,web,France,France,0,0
142,24.84,31.12,20,achat_en_ligne,atm,Belgique,Belgique,0,0
284,48.59,44.03,3,paiement_pos,mobile,Allemagne,Allemagne,0,0
10,71.49,59.72,9,virement,web,France,France,2,0
261,7.91,10.02,8,paiement_pos,pos,Espagne,Espagne,1,0
282,25.49,41.92,7,achat_en_ligne,mobile,Allemagne,Allemagne,0,0
143,20.82,28.47,16,achat_en_ligne,atm,Belgique,Belgique,0,0
60,4.83,15.94,19,achat_en_ligne,web,Espagne,Espagne,0,0
77,18.4,34.96,2,paiement_pos,web,Belgique,Belgique,0,0
279,30.91,53.63,21,achat_en_ligne,pos,France,France,0,0
157,51.52,31.92,17,virement,mobile,France,France,0,0
186,13.41,18.03,10,paiement_pos,atm,Allemagne,Allemagne,0,0
130,6.89,16.99,4,paiement_pos,mobile,Espagne,Espagne,0,0
291,37.38,22.36,21,retrait_atm,atm,Italie,Italie,0,0
38,92.82,83.22,4,retrait_atm,web,Italie,Italie,0,0
22,12.71,32.32,22,virement,atm,Belgique,Belgique,0,0
44,175.03,29.73,11,virement,web,Belgique,Belgique,0,0
260,83.71,54.47,23,achat_en_ligne,web,Allemagne,Allemagne,1,0
108,67.66,52.79,2,paiement_pos,mobile,Espagne,Espagne,1,0
249,77.26,52.25,21,paiement_pos,atm,Espagne,Espagne,0,0
285,45.46,30.61,20,virement,web,Allemagne,Allemagne,0,0
172,64.99,16.33,11,virement,atm,France,France,1,0
32,56.16,39.31,0,achat_en_ligne,pos,Belgique,Belgique,1,0
295,72.9,41.15,7,virement,atm,Allemagne,Allemagne,1,0
289,45.89,24.04,18,achat_en_ligne,atm,Allemagne,Allemagne,0,0
258,13.02,28.23,1,achat_en_ligne,mobile,France,France,0,0
15,213.08,118.76,10,paiement_pos,web,Espagne,Espagne,1,0
6,10.94,24.73,12,achat_en_ligne,atm,Italie,Italie,0,0
18,31.25,19.26,2,retrait_atm,web,France,France,1,0
100,127.07,99.7,9,virement,web,France,France,0,0
34,31.99,37.77,6,achat_en_ligne,web,Allemagne,Allemagne,0,0
39,133.69,36.96,18,paiement_pos,pos,Roumanie,Belgique,1,1
112,14.1,14.51,22,achat_en_ligne,atm,Espagne,Espagne,0,0
81,31.03,19.85,10,achat_en_ligne,atm,Italie,Italie,0,0
30,66.19,36.45,14,virement,atm,Allemagne,Allemagne,3,0
113,37.51,28.71,17,paiement_pos,web,Allemagne,Allemagne,0,0
64,5.77,14.94,9,virement,atm,Italie,Italie,0,0
50,19.56,26.13,13,virement,mobile,Espagne,Espagne,0,0
89,9.04,9.13,17,retrait_atm,web,Espagne,Espagne,0,0
246,43.62,43.63,12,retrait_atm,atm,France,France,0,0
154,0.62,13.19,21,virement,mobile,Roumanie,Belgique,5,1
95,30.28,11.53,19,retrait_atm,pos,Italie,Italie,0,0
22,68.96,32.32,7,retrait_atm,mobile,Belgique,Belgique,0,0
148,32.56,36.82,20,virement,web,Belgique,Belgique,2,0
109,272.0,42.99,10,paiement_pos,atm,Ukraine,Allemagne,0,1
180,23.47,31.81,20,paiement_pos,atm,Allemagne,Allemagne,0,0
148,40.24,36.82,0,achat_en_ligne,pos,Belgique,Belgique,1,0
136,45.7,43.5,20,retrait_atm,web,Belgique,Belgique,0,0
274,31.85,20.04,8,paiement_pos,pos,Italie,Italie,0,0
235,6.42,12.66,3,retrait_atm,mobile,Allemagne,Allemagne,0,0
270,72.1,73.45,14,paiement_pos,atm,Allemagne,Allemagne,0,0
117,48.29,43.94,7,achat_en_ligne,pos,France,France,0,0
281,4.8,14.45,22,paiement_pos,pos,Belgique,Belgique,0,0
300,27.03,27.14,4,achat_en_ligne,atm,France,France,1,0
201,24.41,12.82,16,paiement_pos,pos,Belgique,Belgique,1,0
229,53.17,29.28,6,virement,atm,France,Allemagne,1,0
266,33.98,51.92,5,virement,web,Allemagne,Allemagne,1,0
109,90.99,42.99,22,virement,mobile,Allemagne,Allemagne,0,0
147,59.97,28.73,20,retrait_atm,web,France,France,2,0
94,187.56,31.29,10,virement,web,Belgique,Belgique,1,0
194,29.8,39.75,6,achat_en_ligne,mobile,Belgique,Belgique,0,0
13,100.49,18.56,16,achat_en_ligne,mobile,Espagne,Espagne,0,0
196,43.79,42.45,3,virement,mobile,France,France,1,0
187,44.43,33.77,20,paiement_pos,mobile,France,France,0,0
84,31.74,23.23,19,retrait_atm,pos,Italie,Italie,1,0
201,24.69,12.82,21,virement,web,Belgique,Belgique,0,0
105,196.37,93.43,22,paiement_pos,pos,Espagne,Espagne,0,0
38,50.9,83.22,15,paiement_pos,atm,Italie,Italie,0,0
172,25.81,16.33,16,paiement_pos,mobile,France,France,1,0
11,29.44,24.54,13,retrait_atm,web,Allemagne,Allemagne,0,0
208,45.29,38.08,18,paiement_pos,atm,Italie,Italie,0,0
115,47.89,38.07,6,virement,pos,Allemagne,Allemagne,0,0
145,127.66,80.07,23,achat_en_ligne,pos,Italie,Italie,1,0
71,147.65,30.18,1,paiement_pos,mobile,Espagne,Espagne,0,0
270,100.61,73.45,2,paiement_pos,mobile,Allemagne,Allemagne,0,0
122,71.17,33.12,23,paiement_pos,web,Espagne,Espagne,1,0
256,24.36,26.15,9,virement,web,France,France,0,0
235,22.29,12.66,10,retrait_atm,pos,Allemagne,Allemagne,0,0
205,9.5,23.51,23,virement,atm,Allemagne,Allemagne,0,0
272,48.84,74.6,15,retrait_atm,web,France,France,1,0
254,31.22,37.27,14,retrait_atm,atm,Belgique,Belgique,0,0
164,70.73,43.1,13,achat_en_ligne,web,Allemagne,Allemagne,0,0
153,189.65,93.36,9,virement,pos,Italie,Italie,0,0
138,30.95,24.96,8,retrait_atm,web,France,France,1,0
278,22.32,26.71,11,paiement_pos,mobile,Espagne,Espagne,1,0
70,150.86,73.88,23,virement,pos,Allemagne,Allemagne,0,0
117,9.64,43.94,9,virement,mobile,France,France,0,0
62,5.65,27.1,10,achat_en_ligne,atm,Espagne,Espagne,0,0
31,126.52,30.84,4,retrait_atm,atm,Allemagne,Allemagne,0,0
217,57.28,30.72,17,virement,mobile,France,France,0,0
101,298.27,189.24,22,retrait_atm,pos,Italie,Italie,1,0
299,32.25,62.82,14,retrait_atm,atm,Belgique,Belgique,0,0
108,103.86,52.79,2,achat_en_ligne,web,Espagne,Espagne,1,0
52,34.31,30.02,16,paiement_pos,web,France,France,1,0
66,52.26,24.77,12,virement,atm,Belgique,Belgique,0,0
87,18.66,21.38,17,retrait_atm,atm,France,France,0,0
221,97.93,37.39,9,retrait_atm,mobile,France,France,1,0
131,72.07,67.67,20,achat_en_ligne,pos,Allemagne,Allemagne,0,0
129,43.28,20.95,6,paiement_pos,pos,Allemagne,Allemagne,3,0
158,23.67,17.61,8,achat_en_ligne,web,Allemagne,Allemagne,0,0
153,50.19,93.36,5,virement,web,Italie,Italie,2,0
249,20.97,52.25,22,paiement_pos,web,Belgique,Espagne,0,0
193,16.63,8.37,18,paiement_pos,mobile,Espagne,Espagne,0,0
127,169.91,85.12,10,retrait_atm,pos,France,France,0,0
38,16.86,83.22,10,achat_en_ligne,atm,Italie,Italie,0,0
210,79.66,38.95,17,virement,web,Espagne,Espagne,0,0
125,49.96,31.24,14,achat_en_ligne,atm,Italie,Italie,0,0
38,134.45,83.22,19,paiement_pos,atm,Italie,Italie,1,0
210,56.22,38.95,17,achat_en_ligne,web,Espagne,Espagne,0,0
212,22.25,30.31,15,achat_en_ligne,atm,Espagne,Espagne,0,0
66,11.43,24.77,6,virement,pos,Belgique,Belgique,0,0
231,95.46,86.71,8,virement,atm,Allemagne,Allemagne,0,0
121,126.84,34.19,10,retrait_atm,mobile,Allemagne,Allemagne,1,1
130,19.99,16.99,10,retrait_atm,web,Espagne,Espagne,0,0
52,64.14,30.02,4,retrait_atm,pos,France,France,0,0
205,19.48,23.51,16,retrait_atm,web,Allemagne,Allemagne,0,0
173,26.85,52.95,5,achat_en_ligne,web,Espagne,Espagne,0,0
82,48.97,27.87,1,achat_en_ligne,web,Allemagne,Allemagne,1,0
77,98.04,34.96,21,virement,pos,Italie,Belgique,0,0
89,7.35,9.13,13,achat_en_ligne,mobile,Espagne,Espagne,1,0
252,47.07,21.7,9,retrait_atm,atm,Allemagne,Allemagne,1,0
44,85.11,29.73,12,virement,web,Belgique,Belgique,0,0
195,26.7,34.58,14,paiement_pos,mobile,Italie,Italie,0,0
93,24.38,19.57,17,retrait_atm,atm,Italie,Italie,2,0
60,20.13,15.94,4,virement,atm,Espagne,Espagne,0,0
255,203.61,54.18,13,virement,web,Espagne,Espagne,0,0
246,24.99,43.63,1,retrait_atm,web,France,France,0,0
225,29.07,55.37,21,achat_en_ligne,pos,Espagne,Espagne,0,0
252,35.64,21.7,7,retrait_atm,pos,Allemagne,Allemagne,0,0
217,11.17,30.72,20,achat_en_ligne,mobile,France,France,2,0
131,82.9,67.67,12,virement,mobile,Allemagne,Allemagne,0,0
194,50.82,39.75,20,paiement_pos,atm,Belgique,Belgique,0,0
178,91.13,51.34,16,virement,atm,France,France,0,0
141,56.5,27.79,22,retrait_atm,mobile,Italie,Italie,0,0
231,111.66,86.71,20,retrait_atm,atm,Allemagne,Allemagne,0,0
34,21.1,37.77,6,retrait_atm,web,Allemagne,Allemagne,1,0
93,71.78,19.57,17,virement,web,Italie,Italie,0,0
261,21.03,10.02,17,achat_en_ligne,atm,Espagne,Espagne,0,0
107,25.64,28.58,8,retrait_atm,atm,Espagne,Espagne,1,0
130,19.2,16.99,19,retrait_atm,atm,Espagne,Espagne,0,0
263,10.23,13.61,1,virement,web,Belgique,Belgique,0,0
172,29.51,16.33,12,achat_en_ligne,atm,France,France,0,0
289,44.78,24.04,11,paiement_pos,atm,Allemagne,Allemagne,0,0
76,31.62,17.28,22,virement,mobile,Allemagne,Allemagne,0,0
28,72.58,36.73,21,paiement_pos,web,Italie,Italie,0,0
136,211.8,43.5,14,paiement_pos,atm,Belgique,Belgique,0,0
57,18.8,9.68,4,achat_en_ligne,mobile,France,Allemagne,1,0
30,73.57,36.45,14,retrait_atm,atm,Allemagne,Allemagne,1,0
176,101.12,51.96,5,virement,atm,Allemagne,Allemagne,0,0
128,164.94,41.74,8,retrait_atm,mobile,Espagne,Espagne,0,0
15,165.69,118.76,22,retrait_atm,web,Espagne,Espagne,0,0
75,24.88,36.82,20,virement,mobile,Espagne,Espagne,1,0
73,23.06,28.95,18,virement,web,Allemagne,Allemagne,0,0
1,25.03,62.78,10,paiement_pos,atm,France,France,0,0
277,177.29,19.44,13,paiement_pos,atm,Roumanie,Allemagne,0,1
61,18.51,19.55,6,achat_en_ligne,atm,Italie,Italie,0,0
227,65.92,46.18,7,retrait_atm,mobile,Italie,Italie,0,0
180,55.38,31.81,19,achat_en_ligne,pos,Allemagne,Allemagne,0,0
8,76.31,95.66,18,achat_en_ligne,web,Espagne,Espagne,0,0
197,54.41,87.33,22,virement,pos,Belgique,Belgique,0,0
53,45.17,40.55,9,virement,atm,Belgique,Belgique,3,0
284,20.55,44.03,9,retrait_atm,atm,Allemagne,Allemagne,0,0
163,108.97,67.12,4,virement,web,Allemagne,Allemagne,1,0
245,6.27,24.95,4,virement,mobile,Espagne,Espagne,0,0
99,34.66,17.15,21,virement,atm,Espagne,Espagne,1,0
154,11.81,13.19,19,achat_en_ligne,web,Belgique,Belgique,1,0
33,78.53,72.5,2,paiement_pos,pos,France,France,0,0
53,10.67,40.55,20,paiement_pos,web,Belgique,Belgique,0,0
281,16.36,14.45,19,virement,atm,Belgique,Belgique,0,0
97,658.44,118.81,14,retrait_atm,atm,Belgique,Belgique,0,0
194,15.39,39.75,13,paiement_pos,atm,Belgique,Belgique,1,0
79,270.65,149.98,5,retrait_atm,mobile,Allemagne,Allemagne,1,0
299,116.62,62.82,11,virement,mobile,Belgique,Belgique,1,0
141,36.87,27.79,6,achat_en_ligne,pos,Italie,Italie,1,0
231,161.05,86.71,12,retrait_atm,atm,Allemagne,Allemagne,0,0
120,55.1,40.9,15,virement,web,France,France,0,0
287,14.39,57.8,20,retrait_atm,pos,France,France,0,0
35,56.44,25.88,10,retrait_atm,atm,Italie,Italie,0,0
160,35.4,72.24,7,achat_en_ligne,web,Espagne,Espagne,1,0
172,5.18,16.33,21,paiement_pos,mobile,France,France,0,0
220,26.71,20.22,16,retrait_atm,web,Italie,Italie,0,0
196,88.87,42.45,2,achat_en_ligne,mobile,Belgique,France,0,0
295,20.34,41.15,22,virement,web,Allemagne,Allemagne,0,0
107,11.91,28.58,10,achat_en_ligne,pos,Espagne,Espagne,0,0
59,5.69,19.97,21,retrait_atm,pos,Espagne,Espagne,0,0
268,200.17,37.29,3,paiement_pos,mobile,Belgique,Belgique,1,0
140,70.92,34.17,15,achat_en_ligne,web,Allemagne,Allemagne,0,0
178,78.86,51.34,17,paiement_pos,pos,France,France,0,0
235,13.97,12.66,6,retrait_atm,mobile,Allemagne,Allemagne,1,0
203,53.04,41.31,18,retrait_atm,web,Allemagne,Allemagne,0,0
205,28.5,23.51,19,retrait_atm,pos,Italie,Allemagne,0,0
74,14.58,38.3,17,virement,web,France,France,0,0
144,18.41,36.29,20,virement,web,Allemagne,Allemagne,0,0
261,8.13,10.02,7,achat_en_ligne,web,Espagne,Espagne,0,0
63,164.1,57.37,9,paiement_pos,mobile,Belgique,Belgique,0,0
130,32.79,16.99,18,virement,web,Espagne,Espagne,0,0
269,111.67,63.66,5,virement,pos,Espagne,Espagne,1,0
290,10.33,17.43,19,retrait_atm,pos,Allemagne,Allemagne,0,0
48,36.22,19.36,9,virement,pos,Italie,Italie,1,0
32,65.55,39.31,21,paiement_pos,atm,Belgique,Belgique,0,0
237,10.52,12.67,19,paiement_pos,atm,Espagne,Espagne,0,0
248,21.94,35.98,10,achat_en_ligne,atm,Allemagne,Allemagne,2,0
166,45.18,43.09,23,retrait_atm,web,Italie,Italie,0,0
81,19.88,19.85,8,paiement_pos,web,Allemagne,Italie,0,0
93,35.54,19.57,0,virement,mobile,Italie,Italie,1,0
205,49.53,23.51,21,retrait_atm,mobile,Espagne,Allemagne,1,0
69,62.22,45.74,10,paiement_pos,atm,France,France,0,0
105,58.88,93.43,0,achat_en_ligne,web,Espagne,Espagne,0,0
27,24.21,15.38,23,virement,atm,Allemagne,Allemagne,0,0
230,17.83,9.95,1,virement,pos,France,France,0,0
148,157.63,36.82,13,achat_en_ligne,atm,Belgique,Belgique,2,0
30,23.25,36.45,0,virement,web,Allemagne,Allemagne,1,0
143,20.84,28.47,5,paiement_pos,mobile,Belgique,Belgique,0,0
278,11.48,26.71,14,paiement_pos,pos,Espagne,Espagne,1,0
226,96.16,54.88,12,virement,mobile,Belgique,Belgique,0,0
59,20.04,19.97,21,virement,pos,Espagne,Espagne,0,0
178,20.23,51.34,15,virement,mobile,France,France,0,0
11,39.63,24.54,7,retrait_atm,web,Allemagne,Allemagne,1,0
75,18.88,36.82,11,virement,web,Espagne,Espagne,0,0
92,10.09,24.1,5,virement,web,Italie,Italie,0,0
295,55.06,41.15,23,achat_en_ligne,atm,Allemagne,Allemagne,0,0
169,37.22,34.46,17,virement,pos,Belgique,Belgique,0,0
107,35.4,28.58,23,retrait_atm,web,France,Espagne,1,0
177,129.04,98.73,21,retrait_atm,mobile,Espagne,Espagne,0,0
241,52.79,39.09,21,retrait_atm,pos,France,France,0,0
196,78.19,42.45,13,achat_en_ligne,web,France,France,1,0
276,16.58,13.62,5,retrait_atm,mobile,Allemagne,Allemagne,0,0
83,5.73,13.76,9,achat_en_ligne,web,France,France,0,0
65,148.42,33.73,6,retrait_atm,web,Allemagne,Allemagne,0,0
160,45.67,72.24,15,virement,web,Espagne,Espagne,0,0
200,137.84,47.21,22,retrait_atm,pos,Italie,Italie,1,1
92,34.94,24.1,17,achat_en_ligne,mobile,Italie,Italie,0,0
165,154.71,94.29,4,retrait_atm,pos,Allemagne,Allemagne,0,0
227,22.52,46.18,13,achat_en_ligne,mobile,Italie,Italie,0,0
2,9.75,36.39,17,paiement_pos,pos,Espagne,Espagne,0,0
257,67.17,45.27,0,achat_en_ligne,atm,Espagne,Espagne,0,0
176,66.04,51.96,20,paiement_pos,pos,Allemagne,Allemagne,1,0
19,14.86,57.91,12,retrait_atm,atm,Italie,Italie,0,0
195,37.23,34.58,4,retrait_atm,mobile,Italie,Italie,1,0
26,12.79,15.87,13,retrait_atm,atm,Espagne,Espagne,1,0
274,20.6,20.04,10,virement,web,Italie,Italie,0,0
1,120.6,62.78,6,virement,pos,Allemagne,France,0,0
40,34.7,15.88,23,virement,mobile,Espagne,Espagne,0,0
76,20.53,17.28,4,retrait_atm,pos,Allemagne,Allemagne,1,0
269,78.2,63.66,16,retrait_atm,atm,Espagne,Espagne,0,0
119,11.89,36.35,14,achat_en_ligne,web,Belgique,Belgique,0,0
234,15.38,72.66,23,paiement_pos,mobile,Espagne,Espagne,0,0
300,51.39,27.14,23,paiement_pos,pos,France,France,0,0
71,35.64,30.18,13,virement,web,Belgique,Espagne,0,0
300,42.71,27.14,0,retrait_atm,mobile,France,France,1,0
23,0.5,22.36,22,retrait_atm,web,Nigeria,France,2,1
292,35.87,42.81,20,paiement_pos,atm,Belgique,Belgique,0,0
219,38.14,21.2,2,retrait_atm,mobile,Allemagne,Allemagne,0,0
216,27.91,17.55,8,virement,pos,Belgique,Belgique,0,0
264,17.83,8.16,18,achat_en_ligne,mobile,Italie,Italie,0,0
94,50.2,31.29,5,virement,mobile,Belgique,Belgique,1,0
228,40.08,133.83,8,paiement_pos,atm,Allemagne,Allemagne,0,0
29,186.37,85.41,4,paiement_pos,web,Allemagne,Allemagne,1,0
197,180.17,87.33,15,achat_en_ligne,web,Belgique,Belgique,0,0
204,102.19,55.03,16,virement,web,Espagne,Espagne,0,0
205,43.36,23.51,19,achat_en_ligne,web,Italie,Allemagne,0,0
266,77.13,51.92,12,retrait_atm,web,Allemagne,Allemagne,0,0
71,11.3,30.18,9,achat_en_ligne,mobile,Espagne,Espagne,0,0
199,27.74,23.23,20,retrait_atm,web,Belgique,Belgique,0,0
261,14.93,10.02,6,virement,pos,Espagne,Espagne,1,0
224,98.46,73.51,9,retrait_atm,web,Belgique,Belgique,0,0
206,92.05,53.96,13,retrait_atm,web,Belgique,Belgique,1,0
194,31.61,39.75,12,retrait_atm,pos,Belgique,Belgique,1,0
26,94.1,15.87,3,retrait_atm,mobile,Italie,Espagne,0,0
63,235.82,57.37,10,paiement_pos,web,Belgique,Belgique,0,0
174,50.15,29.54,17,paiement_pos,web,Espagne,Espagne,0,0
287,39.88,57.8,21,virement,mobile,France,France,0,0
288,4.75,23.03,6,retrait_atm,mobile,Allemagne,Allemagne,0,0
158,38.55,17.61,1,paiement_pos,atm,Allemagne,Allemagne,0,0
194,28.67,39.75,22,virement,pos,Belgique,Belgique,0,0
34,28.01,37.77,3,paiement_pos,mobile,Allemagne,Allemagne,0,0
148,79.62,36.82,11,virement,mobile,Belgique,Belgique,0,0
216,24.41,17.55,18,virement,atm,Belgique,Belgique,1,0
153,373.64,93.36,14,achat_en_ligne,atm,Italie,Italie,0,0
9,115.63,35.81,11,achat_en_ligne,pos,Belgique,Belgique,0,0
31,21.59,30.84,8,achat_en_ligne,atm,Allemagne,Allemagne,1,0
195,54.91,34.58,15,virement,web,Italie,Italie,1,0
122,66.34,33.12,8,achat_en_ligne,mobile,Espagne,Espagne,0,0
209,68.78,38.12,7,virement,atm,Belgique,Belgique,1,0
300,26.64,27.14,21,paiement_pos,web,France,France,0,0
266,4.52,51.92,22,virement,atm,Ukraine,Allemagne,3,1
296,85.75,73.14,10,achat_en_ligne,pos,Allemagne,Allemagne,0,0
22,12.0,32.32,21,virement,web,Belgique,Belgique,2,0
113,163.74,28.71,10,retrait_atm,pos,Allemagne,Allemagne,1,0
31,92.01,30.84,11,retrait_atm,web,Allemagne,Allemagne,2,0
193,9.72,8.37,1,virement,mobile,Espagne,Espagne,0,0
98,25.37,15.3,9,retrait_atm,atm,Espagne,Espagne,0,0
90,45.82,30.04,11,retrait_atm,mobile,Italie,Italie,2,0
234,77.53,72.66,16,paiement_pos,pos,Espagne,Espagne,0,0
49,105.62,48.72,10,virement,pos,Espagne,Espagne,1,0
103,90.99,26.55,0,virement,web,Italie,Italie,1,0
123,67.03,21.48,13,retrait_atm,pos,Espagne,Espagne,1,0
206,314.38,53.96,4,retrait_atm,pos,Belgique,Belgique,1,0
113,14.29,28.71,20,retrait_atm,atm,Allemagne,Allemagne,3,0
189,24.93,22.14,23,retrait_atm,mobile,Belgique,Belgique,1,0
98,16.09,15.3,12,achat_en_ligne,pos,Espagne,Espagne,0,0
247,98.41,50.46,13,virement,atm,Espagne,Espagne,0,0
50,9.53,26.13,5,retrait_atm,atm,Espagne,Espagne,1,0
197,123.99,87.33,13,retrait_atm,web,Belgique,Belgique,0,0
15,245.05,118.76,17,paiement_pos,mobile,Espagne,Espagne,0,0
270,61.68,73.45,8,retrait_atm,atm,Belgique,Allemagne,1,0
187,260.91,33.77,3,retrait_atm,mobile,Roumanie,France,3,1
12,24.39,16.27,10,retrait_atm,pos,Italie,Italie,0,0
193,16.07,8.37,11,retrait_atm,web,Espagne,Espagne,0,0
300,54.55,27.14,17,retrait_atm,mobile,France,France,0,0
148,73.36,36.82,21,achat_en_ligne,web,Belgique,Belgique,0,0
164,49.71,43.1,6,achat_en_ligne,pos,Allemagne,Allemagne,0,0
117,20.9,43.94,11,virement,pos,France,France,1,0
205,10.63,23.51,20,virement,pos,Belgique,Allemagne,0,0
89,10.67,9.13,20,virement,mobile,Espagne,Espagne,1,0
234,32.83,72.66,10,paiement_pos,web,Espagne,Espagne,1,0
91,34.79,17.51,9,virement,pos,Allemagne,Allemagne,0,0
229,46.51,29.28,22,paiement_pos,mobile,Allemagne,Allemagne,0,0
217,56.97,30.72,12,paiement_pos,atm,France,France,1,0
6,35.6,24.73,4,retrait_atm,pos,Italie,Italie,1,0
166,30.65,43.09,14,retrait_atm,mobile,Italie,Italie,0,0
144,64.88,36.29,10,virement,mobile,Allemagne,Allemagne,1,0
256,11.54,26.15,8,achat_en_ligne,pos,France,France,0,0
161,15.17,46.97,14,retrait_atm,web,Italie,Italie,0,0
78,69.03,37.98,7,retrait_atm,atm,Belgique,Belgique,0,0
43,82.41,93.15,2,paiement_pos,atm,Espagne,Espagne,1,0
114,40.76,28.22,11,virement,mobile,Allemagne,Allemagne,0,0
144,186.59,36.29,7,virement,mobile,Allemagne,Allemagne,0,0
153,28.8,93.36,23,achat_en_ligne,mobile,Italie,Italie,0,0
180,8.91,31.81,8,retrait_atm,mobile,Allemagne,Allemagne,1,0
76,0.88,17.28,3,virement,web,Nigeria,Allemagne,6,1
143,60.37,28.47,10,retrait_atm,pos,Belgique,Belgique,0,0
84,42.88,23.23,12,achat_en_ligne,pos,Italie,Italie,0,0
222,11.73,54.96,20,virement,web,Allemagne,Allemagne,0,0
200,62.24,47.21,8,paiement_pos,web,Italie,Italie,0,0
43,143.43,93.15,8,virement,mobile,Espagne,Espagne,0,0
115,14.3,38.07,11,paiement_pos,atm,Allemagne,Allemagne,2,0
13,22.68,18.56,3,paiement_pos,atm,Espagne,Espagne,0,0
63,24.32,57.37,3,achat_en_ligne,pos,Belgique,Belgique,0,0
288,32.7,23.03,20,retrait_atm,web,Allemagne,Allemagne,0,0
196,76.06,42.45,20,retrait_atm,atm,France,France,1,0
27,14.71,15.38,13,achat_en_ligne,atm,Allemagne,Allemagne,0,0
281,18.53,14.45,12,achat_en_ligne,atm,Belgique,Belgique,0,0
299,91.6,62.82,15,paiement_pos,pos,Belgique,Belgique,0,0
95,6.77,11.53,13,achat_en_ligne,atm,Italie,Italie,0,0
190,63.95,39.93,15,virement,pos,Belgique,Belgique,0,0
300,123.19,27.14,19,virement,atm,France,France,0,0
71,42.52,30.18,16,virement,mobile,Espagne,Espagne,0,0
169,75.26,34.46,14,paiement_pos,atm,Belgique,Belgique,2,0
229,31.31,29.28,0,retrait_atm,pos,Allemagne,Allemagne,3,0
230,8.82,9.95,21,achat_en_ligne,web,Espagne,France,0,0
224,96.67,73.51,20,paiement_pos,pos,Belgique,Belgique,0,0
209,76.9,38.12,21,achat_en_ligne,mobile,Belgique,Belgique,0,0
218,2.61,80.55,4,retrait_atm,pos,France,France,7,1
300,20.34,27.14,8,virement,web,France,France,0,0
229,23.71,29.28,17,paiement_pos,atm,Allemagne,Allemagne,1,0
104,71.21,40.65,19,paiement_pos,pos,France,France,1,0
49,88.11,48.72,15,achat_en_ligne,pos,Espagne,Espagne,1,0
8,199.95,95.66,13,retrait_atm,web,Espagne,Espagne,1,0
18,27.57,19.26,10,paiement_pos,atm,France,France,0,0
18,87.54,19.26,0,virement,pos,Roumanie,France,0,1
231,95.67,86.71,10,virement,mobile,Allemagne,Allemagne,2,0
132,18.54,38.77,22,retrait_atm,mobile,Allemagne,Allemagne,0,0
98,11.29,15.3,4,achat_en_ligne,pos,Espagne,Espagne,1,0
141,49.27,27.79,7,achat_en_ligne,atm,Italie,Italie,0,0
241,73.94,39.09,5,virement,mobile,France,France,0,0
99,8.31,17.15,9,paiement_pos,web,Espagne,Espagne,1,0
217,51.19,30.72,1,paiement_pos,web,France,France,1,0
203,5.91,41.31,1,paiement_pos,web,Belgique,Allemagne,5,1
162,143.38,93.63,14,paiement_pos,atm,Espagne,Espagne,0,0
241,181.32,39.09,3,paiement_pos,web,Nigeria,France,4,1
50,37.67,26.13,22,achat_en_ligne,atm,Espagne,Espagne,0,0
124,75.19,40.04,8,achat_en_ligne,pos,Allemagne,Allemagne,0,0
141,13.63,27.79,3,achat_en_ligne,web,Italie,Italie,0,0
129,40.41,20.95,0,paiement_pos,pos,Allemagne,Allemagne,0,0
285,56.82,30.61,11,achat_en_ligne,atm,Allemagne,Allemagne,0,0
201,10.06,12.82,23,paiement_pos,atm,Belgique,Belgique,0,0
85,311.45,40.02,9,paiement_pos,mobile,Roumanie,Espagne,2,1
281,28.0,14.45,0,virement,pos,Belgique,Belgique,0,0
216,74.81,17.55,4,paiement_pos,pos,Belgique,Belgique,2,0
297,97.25,26.96,0,virement,mobile,Italie,Italie,1,1
177,52.12,98.73,16,achat_en_ligne,atm,Espagne,Espagne,0,0
26,4.76,15.87,23,virement,mobile,Espagne,Espagne,1,0
55,50.97,34.97,20,virement,pos,Allemagne,Allemagne,2,0
263,20.0,13.61,0,achat_en_ligne,pos,Belgique,Belgique,0,0
176,82.19,51.96,7,virement,pos,Allemagne,Allemagne,0,0
220,5.26,20.22,14,achat_en_ligne,mobile,Italie,Italie,0,0
224,30.42,73.51,20,achat_en_ligne,atm,Belgique,Belgique,0,0
98,10.55,15.3,10,achat_en_ligne,pos,Espagne,Espagne,0,0
261,19.94,10.02,11,achat_en_ligne,atm,Espagne,Espagne,0,0
64,12.51,14.94,3,virement,pos,Italie,Italie,1,0
61,19.65,19.55,7,paiement_pos,mobile,Italie,Italie,1,0
215,20.49,60.33,17,paiement_pos,atm,Espagne,Espagne,0,0
224,135.21,73.51,13,retrait_atm,mobile,Belgique,Belgique,0,0
34,22.86,37.77,9,achat_en_ligne,web,Allemagne,Allemagne,0,0
261,4.38,10.02,17,achat_en_ligne,mobile,Espagne,Espagne,0,0
187,140.01,33.77,12,virement,pos,France,France,0,0
223,90.05,33.34,22,retrait_atm,web,Espagne,Espagne,0,0
102,23.86,16.4,9,virement,web,France,France,1,0
108,13.29,52.79,11,achat_en_ligne,web,Espagne,Espagne,0,0
120,78.93,40.9,5,achat_en_ligne,pos,France,France,0,0
96,8.58,13.73,12,virement,web,Belgique,Belgique,0,0
268,70.39,37.29,19,virement,web,Belgique,Belgique,0,0
82,150.57,27.87,12,paiement_pos,web,Allemagne,Allemagne,0,0
253,6.02,29.73,21,paiement_pos,pos,France,France,0,0
69,100.53,45.74,10,paiement_pos,mobile,France,France,1,0
40,89.87,15.88,15,achat_en_ligne,pos,Espagne,Espagne,2,0
278,44.35,26.71,14,retrait_atm,mobile,Espagne,Espagne,0,0
32,11.56,39.31,14,virement,web,Belgique,Belgique,1,0
117,198.94,43.94,23,retrait_atm,pos,France,France,0,0
203,28.52,41.31,20,achat_en_ligne,atm,Allemagne,Allemagne,0,0
19,194.33,57.91,1,retrait_atm,pos,Italie,Italie,1,0
9,29.77,35.81,20,paiement_pos,web,Allemagne,Belgique,0,0
267,15.59,27.91,14,achat_en_ligne,mobile,Allemagne,Allemagne,0,0
55,116.74,34.97,11,virement,atm,Allemagne,Allemagne,0,0
263,11.65,13.61,11,virement,atm,Allemagne,Belgique,0,0
230,18.08,9.95,10,virement,pos,France,France,1,0
291,13.98,22.36,17,virement,atm,Italie,Italie,0,0
149,52.21,39.55,17,paiement_pos,pos,Italie,Italie,0,0
168,19.52,27.72,8,paiement_pos,atm,France,France,0,0
202,141.76,80.28,19,retrait_atm,atm,Italie,Italie,1,0
19,86.72,57.91,23,achat_en_ligne,pos,Italie,Italie,0,0
62,19.91,27.1,20,virement,atm,Espagne,Espagne,0,0
151,22.32,11.54,20,achat_en_ligne,atm,Italie,Italie,0,0
252,14.8,21.7,13,virement,mobile,Allemagne,Allemagne,0,0
46,64.36,79.59,1,virement,pos,Italie,Italie,0,0
66,22.92,24.77,9,retrait_atm,pos,Belgique,Belgique,1,0
142,60.97,31.12,21,achat_en_ligne,pos,Belgique,Belgique,1,0
16,11.23,20.23,10,retrait_atm,atm,Espagne,Espagne,0,0
221,80.73,37.39,15,virement,web,France,France,1,0
2,42.51,36.39,23,paiement_pos,pos,Espagne,Espagne,1,0
175,86.22,66.87,12,retrait_atm,web,Espagne,Espagne,0,0
98,15.69,15.3,7,achat_en_ligne,atm,France,Espagne,0,0
161,28.59,46.97,3,paiement_pos,pos,Italie,Italie,0,0
74,81.05,38.3,17,paiement_pos,atm,France,France,0,0
124,19.57,40.04,1,virement,atm,Allemagne,Allemagne,0,0
200,40.84,47.21,17,retrait_atm,pos,Italie,Italie,1,0
55,48.39,34.97,8,achat_en_ligne,web,Allemagne,Allemagne,0,0
61,12.64,19.55,18,achat_en_ligne,web,Italie,Italie,0,0
222,89.03,54.96,14,paiement_pos,pos,Allemagne,Allemagne,0,0
119,72.19,36.35,2,achat_en_ligne,pos,Belgique,Belgique,0,0
127,504.29,85.12,9,paiement_pos,mobile,France,France,0,0
2,77.57,36.39,16,retrait_atm,atm,Espagne,Espagne,0,0
144,2.96,36.29,11,achat_en_ligne,atm,Allemagne,Allemagne,4,1
258,44.8,28.23,18,achat_en_ligne,pos,France,France,0,0
75,76.07,36.82,14,virement,web,Espagne,Espagne,0,0
49,96.01,48.72,14,achat_en_ligne,atm,Espagne,Espagne,0,0
18,40.3,19.26,19,retrait_atm,pos,France,France,0,0
148,76.07,36.82,12,paiement_pos,mobile,Belgique,Belgique,1,0
176,54.43,51.96,13,achat_en_ligne,web,Allemagne,Allemagne,0,0
242,8.86,14.19,10,achat_en_ligne,web,Allemagne,Allemagne,0,0
242,6.24,14.19,14,paiement_pos,pos,Allemagne,Allemagne,0,0
130,4.78,16.99,0,achat_en_ligne,pos,Espagne,Espagne,0,0
111,56.83,30.56,2,retrait_atm,pos,Belgique,Belgique,0,0
208,54.93,38.08,21,virement,pos,Italie,Italie,0,0
265,43.91,22.04,17,paiement_pos,pos,Italie,Italie,0,0
28,53.57,36.73,13,paiement_pos,web,Italie,Italie,0,0
170,27.55,21.79,14,achat_en_ligne,mobile,France,France,0,0
208,25.06,38.08,7,paiement_pos,pos,Italie,Italie,0,0
208,69.81,38.08,19,retrait_atm,web,France,Italie,0,0
162,188.33,93.63,15,virement,pos,Espagne,Espagne,0,0
232,26.82,25.16,2,achat_en_ligne,web,Italie,Italie,0,0
46,75.82,79.59,15,paiement_pos,web,Italie,Italie,0,0
211,34.31,19.73,5,virement,atm,Belgique,Belgique,0,0
285,52.26,30.61,7,virement,mobile,Allemagne,Allemagne,1,0
189,21.88,22.14,6,achat_en_ligne,pos,Belgique,Belgique,0,0
126,170.43,116.27,10,achat_en_ligne,web,Allemagne,Allemagne,2,0
117,65.64,43.94,20,paiement_pos,mobile,France,France,0,0
149,50.3,39.55,11,virement,pos,Italie,Italie,0,0
249,108.53,52.25,0,retrait_atm,atm,Espagne,Espagne,1,0
69,59.52,45.74,23,achat_en_ligne,pos,France,France,1,0
227,64.79,46.18,5,achat_en_ligne,atm,Italie,Italie,0,0
277,4.94,19.44,17,retrait_atm,web,Allemagne,Allemagne,1,0
195,12.58,34.58,6,retrait_atm,atm,Italie,Italie,0,0
86,131.81,68.27,16,paiement_pos,atm,Espagne,Espagne,0,0
297,8.6,26.96,10,achat_en_ligne,mobile,Italie,Italie,0,0
259,18.48,30.86,11,paiement_pos,atm,France,France,0,0
267,59.89,27.91,8,achat_en_ligne,atm,Allemagne,Allemagne,0,0
200,18.33,47.21,12,paiement_pos,mobile,Italie,Italie,0,0
261,20.62,10.02,9,paiement_pos,mobile,Espagne,Espagne,1,0
188,29.39,15.96,21,retrait_atm,web,Belgique,Belgique,0,0
132,5.59,38.77,2,virement,atm,Nigeria,Allemagne,1,1
260,28.49,54.47,23,paiement_pos,atm,Allemagne,Allemagne,1,0
96,6.22,13.73,12,virement,atm,Belgique,Belgique,1,0
28,22.64,36.73,13,retrait_atm,web,Italie,Italie,0,0
94,20.76,31.29,16,achat_en_ligne,pos,Belgique,Belgique,1,0
164,27.31,43.1,12,paiement_pos,mobile,Allemagne,Allemagne,0,0
208,34.78,38.08,10,retrait_atm,web,Italie,Italie,1,0
198,20.3,9.6,23,achat_en_ligne,web,France,France,0,0
164,13.09,43.1,20,virement,mobile,Allemagne,Allemagne,1,0
291,37.62,22.36,19,paiement_pos,web,Italie,Italie,0,0
190,68.0,39.93,6,virement,atm,Belgique,Belgique,1,0
237,12.78,12.67,6,virement,mobile,Espagne,Espagne,0,0
282,78.02,41.92,17,retrait_atm,web,Allemagne,Allemagne,0,0
282,227.8,41.92,13,achat_en_ligne,web,Allemagne,Allemagne,0,0
140,59.2,34.17,11,virement,atm,Allemagne,Allemagne,3,0
181,25.3,16.39,21,achat_en_ligne,web,Italie,Italie,0,0
218,28.91,80.55,14,achat_en_ligne,web,France,France,1,0
11,6.29,24.54,17,virement,mobile,Allemagne,Allemagne,0,0
261,20.56,10.02,14,achat_en_ligne,atm,Espagne,Espagne,0,0
208,47.94,38.08,15,paiement_pos,web,Italie,Italie,0,0
66,23.63,24.77,19,retrait_atm,pos,Belgique,Belgique,0,0
108,44.6,52.79,7,achat_en_ligne,web,Espagne,Espagne,1,0
238,23.1,20.56,7,achat_en_ligne,atm,Allemagne,Allemagne,0,0
105,560.7,93.43,4,virement,atm,Ukraine,Espagne,2,1
151,16.13,11.54,23,achat_en_ligne,pos,Italie,Italie,0,0
84,130.94,23.23,21,virement,pos,Nigeria,Italie,1,1
290,31.67,17.43,23,virement,mobile,Allemagne,Allemagne,0,0
19,96.74,57.91,9,paiement_pos,atm,Italie,Italie,0,0
50,67.17,26.13,19,paiement_pos,mobile,Espagne,Espagne,0,0
244,32.65,34.21,16,achat_en_ligne,mobile,Espagne,Espagne,0,0
111,2.26,30.56,5,retrait_atm,mobile,Belgique,Belgique,5,1
94,19.72,31.29,7,retrait_atm,mobile,Belgique,Belgique,1,0
30,38.23,36.45,3,virement,atm,Allemagne,Allemagne,0,0
133,79.81,44.17,21,virement,web,France,France,0,0
31,12.49,30.84,12,achat_en_ligne,web,Allemagne,Allemagne,0,0
206,379.31,53.96,18,retrait_atm,pos,Belgique,Belgique,0,1
255,17.42,54.18,8,virement,pos,Espagne,Espagne,1,0
289,48.37,24.04,12,achat_en_ligne,web,Allemagne,Allemagne,0,0
290,19.74,17.43,20,retrait_atm,pos,Allemagne,Allemagne,0,0
34,46.17,37.77,7,paiement_pos,mobile,Allemagne,Allemagne,1,0
131,74.45,67.67,16,achat_en_ligne,web,Allemagne,Allemagne,0,0
296,145.61,73.14,21,virement,web,France,Allemagne,0,0
275,41.43,23.18,1,achat_en_ligne,pos,Allemagne,Allemagne,0,0
167,73.3,54.42,19,virement,pos,Belgique,Belgique,0,0
121,28.25,34.19,6,retrait_atm,web,Allemagne,Allemagne,0,0
291,32.81,22.36,11,achat_en_ligne,atm,France,Italie,0,0
7,49.11,32.06,7,virement,web,France,France,1,0
277,35.39,19.44,19,retrait_atm,pos,Allemagne,Allemagne,0,0
61,28.41,19.55,12,retrait_atm,web,Italie,Italie,0,0
71,42.31,30.18,13,paiement_pos,pos,Espagne,Espagne,0,0
265,26.92,22.04,14,paiement_pos,pos,Italie,Italie,1,0
285,31.86,30.61,12,achat_en_ligne,mobile,Allemagne,Allemagne,0,0
46,273.84,79.59,7,retrait_atm,pos,Roumanie,Italie,2,1
200,48.11,47.21,5,retrait_atm,web,Italie,Italie,1,0
176,95.13,51.96,11,virement,mobile,Italie,Allemagne,0,0
218,52.8,80.55,11,retrait_atm,web,France,France,0,0
14,1.1,21.43,4,virement,web,Roumanie,Espagne,5,1
201,48.06,12.82,18,paiement_pos,atm,Belgique,Belgique,0,0
247,97.94,50.46,6,retrait_atm,web,Espagne,Espagne,0,0
151,54.16,11.54,13,virement,atm,Italie,Italie,0,0
289,7.1,24.04,7,virement,pos,Allemagne,Allemagne,3,0
216,16.41,17.55,18,achat_en_ligne,pos,Belgique,Belgique,0,0
84,46.02,23.23,8,achat_en_ligne,pos,Italie,Italie,1,0
165,48.54,94.29,13,paiement_pos,mobile,Allemagne,Allemagne,0,0
268,24.23,37.29,11,achat_en_ligne,atm,Belgique,Belgique,1,0
211,64.59,19.73,4,achat_en_ligne,atm,Belgique,Belgique,0,0
278,27.19,26.71,5,paiement_pos,web,Espagne,Espagne,1,0
133,65.66,44.17,0,paiement_pos,mobile,France,France,0,0
7,33.78,32.06,14,paiement_pos,mobile,France,France,0,0
222,70.88,54.96,21,achat_en_ligne,atm,Allemagne,Allemagne,0,0
130,60.1,16.99,3,virement,web,Espagne,Espagne,1,0
54,169.03,77.05,11,retrait_atm,web,Allemagne,Allemagne,2,0
299,65.49,62.82,10,achat_en_ligne,atm,Belgique,Belgique,0,0
45,35.34,26.31,11,paiement_pos,web,France,France,1,0
271,39.64,31.77,12,achat_en_ligne,web,Belgique,Belgique,0,0
190,72.26,39.93,20,virement,pos,Belgique,Belgique,0,0
264,8.47,8.16,20,retrait_atm,pos,Italie,Italie,0,0
159,21.47,27.09,1,achat_en_ligne,mobile,Allemagne,Allemagne,0,0
287,93.85,57.8,4,retrait_atm,pos,France,France,1,0
73,28.97,28.95,6,virement,atm,France,Allemagne,1,0
211,23.67,19.73,7,retrait_atm,mobile,Belgique,Belgique,0,0
11,38.59,24.54,16,retrait_atm,atm,Allemagne,Allemagne,0,0
158,35.19,17.61,20,achat_en_ligne,mobile,Allemagne,Allemagne,0,0
99,5.17,17.15,10,retrait_atm,pos,Espagne,Espagne,0,0
111,14.37,30.56,7,achat_en_ligne,web,Belgique,Belgique,0,0
219,158.56,21.2,13,retrait_atm,atm,Allemagne,Allemagne,1,1
11,20.42,24.54,8,virement,atm,Allemagne,Allemagne,1,0
67,26.92,27.2,18,paiement_pos,atm,Italie,Italie,0,0
217,17.66,30.72,20,achat_en_ligne,web,France,France,2,0
34,13.87,37.77,15,virement,atm,Allemagne,Allemagne,0,0
63,14.15,57.37,8,retrait_atm,pos,Belgique,Belgique,1,0
246,61.33,43.63,21,achat_en_ligne,web,France,France,0,0
164,255.95,43.1,13,virement,atm,Allemagne,Allemagne,0,0
186,27.81,18.03,20,achat_en_ligne,pos,Allemagne,Allemagne,1,0
205,45.05,23.51,6,retrait_atm,web,Allemagne,Allemagne,0,0
55,53.38,34.97,11,retrait_atm,pos,Allemagne,Allemagne,1,0
4,23.54,17.79,12,paiement_pos,atm,Allemagne,Allemagne,1,0
177,132.63,98.73,6,achat_en_ligne,mobile,Espagne,Espagne,0,0
86,124.52,68.27,21,virement,pos,Espagne,Espagne,2,0
96,16.32,13.73,20,achat_en_ligne,mobile,Belgique,Belgique,0,0
267,46.39,27.91,19,virement,atm,Allemagne,Allemagne,2,0
175,86.71,66.87,21,paiement_pos,mobile,Espagne,Espagne,0,0
132,11.69,38.77,21,achat_en_ligne,web,Allemagne,Allemagne,0,0
10,36.45,59.72,21,achat_en_ligne,pos,France,France,0,0
160,111.17,72.24,12,achat_en_ligne,pos,Espagne,Espagne,0,0
204,39.93,55.03,12,retrait_atm,web,Espagne,Espagne,1,0
42,27.06,89.17,14,retrait_atm,atm,Espagne,Espagne,1,0
260,103.76,54.47,12,retrait_atm,atm,Allemagne,Allemagne,0,0
264,14.57,8.16,5,retrait_atm,mobile,Italie,Italie,1,0
269,74.04,63.66,18,paiement_pos,pos,Espagne,Espagne,1,0
148,58.73,36.82,22,paiement_pos,atm,Belgique,Belgique,0,0
270,114.66,73.45,12,paiement_pos,web,Allemagne,Allemagne,0,0
148,76.6,36.82,21,virement,pos,Belgique,Belgique,0,0
121,33.43,34.19,16,virement,pos,Allemagne,Allemagne,1,0
91,2.43,17.51,7,virement,atm,Allemagne,Allemagne,4,1
270,30.02,73.45,11,paiement_pos,mobile,Allemagne,Allemagne,0,0
15,171.76,118.76,21,virement,atm,Espagne,Espagne,1,0
191,108.03,66.23,19,virement,pos,Espagne,Espagne,0,0
130,20.94,16.99,16,paiement_pos,web,Espagne,Espagne,0,0
169,72.56,34.46,16,achat_en_ligne,atm,Belgique,Belgique,0,0
95,76.91,11.53,6,retrait_atm,mobile,Russie,Italie,1,1
72,6.36,21.81,20,paiement_pos,mobile,France,France,0,0
256,50.36,26.15,3,retrait_atm,mobile,France,France,0,0
216,32.33,17.55,11,retrait_atm,mobile,Belgique,Belgique,0,0
205,16.33,23.51,19,achat_en_ligne,mobile,Allemagne,Allemagne,0,0
182,40.18,24.26,9,achat_en_ligne,mobile,France,France,1,0
66,37.22,24.77,0,paiement_pos,mobile,Belgique,Belgique,1,0
258,51.42,28.23,9,paiement_pos,atm,France,France,0,0
17,7.93,54.77,1,virement,pos,Allemagne,Allemagne,1,1
138,26.74,24.96,17,virement,atm,France,France,0,0
18,5.39,19.26,17,paiement_pos,pos,France,France,1,0
222,60.84,54.96,11,retrait_atm,pos,Allemagne,Allemagne,0,0
1,80.21,62.78,0,retrait_atm,web,France,France,1,0
74,41.03,38.3,9,virement,atm,France,France,0,0
121,62.39,34.19,2,paiement_pos,web,Allemagne,Allemagne,0,0
167,109.67,54.42,0,virement,mobile,Belgique,Belgique,1,0
80,26.38,102.12,19,achat_en_ligne,mobile,Espagne,Espagne,0,0
262,33.23,15.21,8,paiement_pos,mobile,France,France,0,0
125,50.51,31.24,9,achat_en_ligne,atm,Italie,Italie,0,0
5,25.85,12.12,2,achat_en_ligne,web,Allemagne,Allemagne,0,0
28,58.49,36.73,19,paiement_pos,web,Italie,Italie,0,0
5,23.53,12.12,4,achat_en_ligne,pos,Allemagne,Allemagne,0,0
281,30.77,14.45,22,retrait_atm,mobile,Belgique,Belgique,0,0
95,14.42,11.53,1,achat_en_ligne,pos,Italie,Italie,2,0
67,18.41,27.2,17,retrait_atm,atm,Italie,Italie,0,0
269,267.03,63.66,5,achat_en_ligne,pos,Espagne,Espagne,0,0
103,35.01,26.55,18,virement,pos,Italie,Italie,0,0
45,131.54,26.31,20,virement,mobile,France,France,0,0
172,27.45,16.33,21,retrait_atm,atm,France,France,0,0
66,5.29,24.77,9,retrait_atm,web,Belgique,Belgique,2,0
44,51.5,29.73,5,achat_en_ligne,web,Belgique,Belgique,0,0
77,35.32,34.96,8,retrait_atm,web,Belgique,Belgique,1,0
182,6.7,24.26,16,paiement_pos,mobile,France,France,0,0
283,18.56,17.74,15,paiement_pos,atm,Espagne,Espagne,1,0
101,109.8,189.24,0,virement,atm,Italie,Italie,0,0
150,18.23,26.49,2,virement,pos,France,France,0,0
284,37.96,44.03,20,retrait_atm,pos,Allemagne,Allemagne,0,0
280,179.13,92.99,14,retrait_atm,web,France,France,0,0
235,24.69,12.66,14,retrait_atm,mobile,Allemagne,Allemagne,0,0
59,78.2,19.97,5,retrait_atm,web,Roumanie,Espagne,0,1
94,19.98,31.29,23,retrait_atm,mobile,Belgique,Belgique,0,0
94,41.89,31.29,14,retrait_atm,pos,Belgique,Belgique,0,0
49,100.22,48.72,21,virement,web,Espagne,Espagne,0,0
134,6.8,11.63,16,paiement_pos,atm,Allemagne,Allemagne,0,0
22,60.55,32.32,10,retrait_atm,web,Belgique,Belgique,0,0
245,189.33,24.95,5,retrait_atm,pos,Ukraine,Espagne,0,1
295,57.24,41.15,3,achat_en_ligne,pos,Allemagne,Allemagne,0,0
236,10.26,15.63,11,virement,mobile,Espagne,Espagne,0,0
136,44.69,43.5,10,retrait_atm,web,Belgique,Belgique,1,0
82,53.41,27.87,18,achat_en_ligne,web,Allemagne,Allemagne,0,0
116,34.55,23.73,11,virement,pos,Allemagne,Allemagne,1,0
49,35.41,48.72,13,paiement_pos,mobile,Espagne,Espagne,0,0
211,7.03,19.73,12,virement,mobile,Belgique,Belgique,1,0
197,125.5,87.33,10,achat_en_ligne,pos,Belgique,Belgique,0,0
163,143.28,67.12,6,virement,pos,Allemagne,Allemagne,0,0
144,74.35,36.29,14,achat_en_ligne,pos,Allemagne,Allemagne,0,0
233,68.37,35.33,1,paiement_pos,atm,France,France,0,0
56,58.75,48.73,21,virement,pos,France,France,0,0
281,23.61,14.45,18,virement,atm,Belgique,Belgique,1,0
255,92.12,54.18,11,achat_en_ligne,atm,Espagne,Espagne,0,0
60,30.71,15.94,3,paiement_pos,web,Espagne,Espagne,0,0
258,47.04,28.23,13,paiement_pos,pos,France,France,0,0
73,24.4,28.95,11,paiement_pos,web,Allemagne,Allemagne,0,0
10,68.33,59.72,17,virement,pos,France,France,0,0
226,115.35,54.88,23,achat_en_ligne,pos,Belgique,Belgique,0,0
96,55.05,13.73,2,paiement_pos,atm,Belgique,Belgique,0,0
101,1051.05,189.24,22,retrait_atm,web,Italie,Italie,1,0
282,91.85,41.92,23,achat_en_ligne,web,Allemagne,Allemagne,0,0
190,38.73,39.93,13,achat_en_ligne,web,Belgique,Belgique,0,0
30,133.93,36.45,16,virement,web,Allemagne,Allemagne,0,0
202,260.31,80.28,7,paiement_pos,pos,Italie,Italie,0,0
214,204.68,41.68,9,virement,web,Allemagne,Allemagne,2,0
32,63.68,39.31,22,virement,mobile,Belgique,Belgique,1,0
293,44.34,29.56,18,achat_en_ligne,pos,Italie,Italie,0,0
172,20.51,16.33,0,paiement_pos,mobile,France,France,0,0
73,42.7,28.95,19,retrait_atm,atm,Allemagne,Allemagne,1,0
67,30.66,27.2,13,virement,mobile,Italie,Italie,1,0
77,26.58,34.96,21,retrait_atm,atm,Belgique,Belgique,3,0
291,10.98,22.36,10,retrait_atm,mobile,Italie,Italie,0,0
1,30.58,62.78,23,virement,pos,France,France,0,0
284,94.72,44.03,17,retrait_atm,atm,Allemagne,Allemagne,1,0
195,9.86,34.58,6,virement,web,Italie,Italie,2,0
131,19.22,67.67,11,virement,mobile,Allemagne,Allemagne,0,0
103,14.03,26.55,18,retrait_atm,web,Italie,Italie,0,0
239,33.61,43.11,19,paiement_pos,mobile,Belgique,Belgique,0,0
10,68.74,59.72,23,paiement_pos,atm,France,France,0,0
190,177.36,39.93,2,retrait_atm,atm,Belgique,Belgique,0,1
289,44.8,24.04,13,achat_en_ligne,web,Allemagne,Allemagne,0,0
110,5.63,26.42,19,achat_en_ligne,web,Espagne,Espagne,0,0
150,30.59,26.49,17,virement,web,France,France,0,0
15,229.8,118.76,7,retrait_atm,atm,Espagne,Espagne,0,0
229,28.42,29.28,14,achat_en_ligne,mobile,Allemagne,Allemagne,1,0
54,61.87,77.05,5,achat_en_ligne,pos,Allemagne,Allemagne,0,0
202,93.81,80.28,21,virement,pos,Italie,Italie,2,0
144,158.99,36.29,16,retrait_atm,pos,Allemagne,Allemagne,0,0
121,50.52,34.19,1,achat_en_ligne,web,Allemagne,Allemagne,2,0
171,125.1,59.96,4,virement,web,Espagne,France,1,0
154,13.36,13.19,21,virement,web,Belgique,Belgique,1,0
220,38.95,20.22,17,virement,web,Italie,Italie,0,0
246,55.61,43.63,7,virement,pos,France,France,0,0
185,37.05,21.77,22,paiement_pos,pos,Allemagne,Allemagne,0,0
135,120.8,57.77,20,achat_en_ligne,web,Espagne,Espagne,0,0
117,37.47,43.94,12,virement,pos,France,France,1,0
174,25.64,29.54,7,achat_en_ligne,web,Espagne,Espagne,0,0
230,33.63,9.95,13,virement,pos,France,France,1,0
265,30.58,22.04,0,virement,web,Italie,Italie,1,0
298,28.28,13.65,9,achat_en_ligne,pos,Allemagne,Allemagne,0,0
283,19.42,17.74,3,virement,web,Espagne,Espagne,0,0
102,11.53,16.4,16,virement,pos,France,France,1,0
32,77.84,39.31,8,retrait_atm,atm,Belgique,Belgique,0,0
85,35.73,40.02,16,virement,atm,Espagne,Espagne,1,0
18,38.76,19.26,9,achat_en_ligne,atm,France,France,1,0
142,14.14,31.12,8,paiement_pos,mobile,Belgique,Belgique,0,0
26,26.4,15.87,11,paiement_pos,atm,Espagne,Espagne,1,0
125,57.63,31.24,22,virement,pos,Italie,Italie,1,0
170,15.09,21.79,23,retrait_atm,pos,France,France,0,0
131,15.43,67.67,11,achat_en_ligne,pos,Allemagne,Allemagne,1,0
193,17.26,8.37,1,paiement_pos,pos,Espagne,Espagne,0,0
256,7.15,26.15,1,retrait_atm,pos,France,France,1,0
256,24.97,26.15,5,virement,web,France,France,0,0
265,41.72,22.04,21,retrait_atm,mobile,Italie,Italie,0,0
49,84.1,48.72,7,retrait_atm,mobile,Espagne,Espagne,0,0
209,62.64,38.12,13,achat_en_ligne,atm,Belgique,Belgique,0,0
22,54.56,32.32,15,virement,web,Belgique,Belgique,0,0
274,36.2,20.04,19,paiement_pos,mobile,Italie,Italie,0,0
25,52.54,25.2,11,retrait_atm,web,Espagne,Espagne,0,0
175,194.58,66.87,19,virement,atm,Espagne,Espagne,0,0
292,9.5,42.81,11,retrait_atm,pos,Belgique,Belgique,0,0
99,35.27,17.15,3,virement,atm,Espagne,Espagne,0,0
290,38.14,17.43,9,virement,web,Allemagne,Allemagne,0,0
2,44.84,36.39,12,achat_en_ligne,mobile,Allemagne,Espagne,0,0
118,96.98,60.8,21,achat_en_ligne,mobile,France,France,1,0
298,69.53,13.65,15,achat_en_ligne,atm,Allemagne,Allemagne,0,0
198,13.27,9.6,20,paiement_pos,web,France,France,0,0
185,5.53,21.77,14,retrait_atm,web,Allemagne,Allemagne,0,0
141,44.34,27.79,12,retrait_atm,atm,Italie,Italie,0,0
89,19.97,9.13,6,achat_en_ligne,atm,Espagne,Espagne,0,0
230,56.25,9.95,2,retrait_atm,pos,France,France,1,0
82,21.78,27.87,10,retrait_atm,atm,Allemagne,Allemagne,0,0
157,50.04,31.92,14,paiement_pos,mobile,France,France,2,0
176,104.85,51.96,23,achat_en_ligne,atm,Allemagne,Allemagne,1,0
217,44.4,30.72,7,retrait_atm,web,France,France,0,0
252,32.05,21.7,20,virement,mobile,Allemagne,Allemagne,1,0
44,32.98,29.73,11,paiement_pos,mobile,Belgique,Belgique,0,0
49,291.28,48.72,23,virement,atm,Allemagne,Espagne,1,0
160,88.94,72.24,21,paiement_pos,atm,Espagne,Espagne,0,0
178,41.01,51.34,21,virement,mobile,France,France,1,0
281,30.99,14.45,3,achat_en_ligne,pos,Belgique,Belgique,0,0
202,84.25,80.28,2,retrait_atm,pos,Italie,Italie,1,0
199,79.61,23.23,22,virement,atm,Belgique,Belgique,0,0
298,15.77,13.65,19,paiement_pos,web,Allemagne,Allemagne,0,0
111,24.87,30.56,15,paiement_pos,atm,Belgique,Belgique,1,0
133,70.21,44.17,0,paiement_pos,web,France,France,0,0
48,25.28,19.36,13,retrait_atm,atm,Italie,Italie,0,0
97,51.38,118.81,10,retrait_atm,web,Belgique,Belgique,1,0
296,96.53,73.14,5,paiement_pos,web,Allemagne,Allemagne,0,0
231,105.77,86.71,4,retrait_atm,atm,Allemagne,Allemagne,0,0
141,10.04,27.79,10,achat_en_ligne,atm,Italie,Italie,0,0
267,47.31,27.91,16,paiement_pos,web,Allemagne,Allemagne,0,0
300,22.64,27.14,23,virement,pos,France,France,1,0
273,49.1,35.0,16,paiement_pos,atm,France,France,1,0
38,98.95,83.22,14,virement,atm,Italie,Italie,1,0
33,48.03,72.5,0,retrait_atm,atm,France,France,0,0
135,106.81,57.77,23,paiement_pos,pos,Espagne,Espagne,0,0
86,247.01,68.27,18,virement,pos,Espagne,Espagne,0,0
43,204.24,93.15,18,virement,web,Espagne,Espagne,0,0
5,19.71,12.12,18,paiement_pos,mobile,Allemagne,Allemagne,0,0
270,68.28,73.45,21,virement,mobile,Allemagne,Allemagne,1,0
145,115.13,80.07,9,retrait_atm,web,Italie,Italie,0,0
186,97.04,18.03,1,achat_en_ligne,pos,Allemagne,Allemagne,0,1
37,193.29,42.83,6,paiement_pos,pos,Italie,Italie,0,0
32,77.46,39.31,13,retrait_atm,pos,Belgique,Belgique,0,0
194,71.98,39.75,17,virement,mobile,Belgique,Belgique,0,0
116,7.31,23.73,21,virement,pos,Allemagne,Allemagne,0,0
80,90.13,102.12,7,virement,web,Espagne,Espagne,0,0
68,65.01,60.44,15,retrait_atm,mobile,Belgique,Belgique,0,0
86,26.73,68.27,2,achat_en_ligne,web,Espagne,Espagne,0,0
105,158.72,93.43,23,paiement_pos,atm,Espagne,Espagne,1,0
65,68.16,33.73,9,retrait_atm,mobile,Allemagne,Allemagne,1,0
287,38.34,57.8,12,virement,mobile,France,France,0,0
294,79.43,40.33,4,virement,atm,Belgique,Belgique,0,0
22,51.78,32.32,1,paiement_pos,atm,Belgique,Belgique,0,0
13,97.04,18.56,15,paiement_pos,mobile,Espagne,Espagne,1,0
217,59.97,30.72,19,achat_en_ligne,web,France,France,0,0
84,15.08,23.23,14,virement,pos,Italie,Italie,0,0
99,18.84,17.15,12,retrait_atm,pos,Espagne,Espagne,1,0
272,147.8,74.6,19,retrait_atm,atm,France,France,0,0
23,27.01,22.36,7,virement,web,France,France,0,0
242,30.79,14.19,21,retrait_atm,mobile,Allemagne,Allemagne,0,0
205,26.17,23.51,15,virement,web,Allemagne,Allemagne,0,0
267,164.15,27.91,13,retrait_atm,atm,Allemagne,Allemagne,0,0
34,23.94,37.77,7,paiement_pos,pos,Allemagne,Allemagne,0,0
131,140.78,67.67,19,paiement_pos,atm,Allemagne,Allemagne,0,0
109,60.76,42.99,13,virement,pos,Allemagne,Allemagne,0,0
246,88.54,43.63,22,retrait_atm,web,France,France,0,0
234,156.31,72.66,7,virement,atm,Espagne,Espagne,0,0
36,40.14,64.31,1,achat_en_ligne,pos,France,France,0,0
215,76.78,60.33,8,paiement_pos,atm,Espagne,Espagne,0,0
54,18.19,77.05,21,virement,pos,Allemagne,Allemagne,0,0
56,6.74,48.73,0,virement,mobile,Roumanie,France,4,1
291,35.82,22.36,17,virement,atm,Italie,Italie,3,0
251,81.24,45.51,10,retrait_atm,atm,France,France,0,0
29,367.02,85.41,11,paiement_pos,mobile,Allemagne,Allemagne,0,0
214,51.7,41.68,8,achat_en_ligne,mobile,Allemagne,Allemagne,0,0
44,38.44,29.73,23,paiement_pos,atm,Belgique,Belgique,0,0
125,41.05,31.24,10,virement,atm,Italie,Italie,1,0
209,22.64,38.12,9,achat_en_ligne,atm,Belgique,Belgique,0,0
164,35.94,43.1,1,paiement_pos,pos,Allemagne,Allemagne,1,0
65,71.65,33.73,11,virement,atm,Allemagne,Allemagne,0,0
159,31.0,27.09,19,virement,web,Allemagne,Allemagne,0,0
17,215.45,54.77,12,paiement_pos,pos,Allemagne,Allemagne,0,0
92,48.66,24.1,9,retrait_atm,pos,Italie,Italie,0,0
288,40.54,23.03,20,achat_en_ligne,web,Allemagne,Allemagne,1,0
192,45.82,47.72,21,paiement_pos,web,Espagne,Espagne,0,0
235,24.05,12.66,15,retrait_atm,atm,Allemagne,Allemagne,2,0
247,19.27,50.46,2,paiement_pos,pos,Espagne,Espagne,1,0
126,191.4,116.27,8,achat_en_ligne,pos,Allemagne,Allemagne,2,0
49,63.03,48.72,16,paiement_pos,atm,Espagne,Espagne,0,0
297,44.51,26.96,23,virement,mobile,Italie,Italie,0,0
136,23.58,43.5,14,virement,web,Belgique,Belgique,0,0
217,59.94,30.72,21,paiement_pos,web,France,France,0,0
24,92.47,43.28,13,virement,pos,Italie,Italie,0,0
15,210.81,118.76,5,virement,atm,Espagne,Espagne,1,0
175,24.97,66.87,19,paiement_pos,atm,Espagne,Espagne,0,0
97,222.59,118.81,15,virement,web,Belgique,Belgique,0,0
75,61.4,36.82,23,achat_en_ligne,mobile,Espagne,Espagne,0,0
8,196.98,95.66,21,achat_en_ligne,pos,Espagne,Espagne,1,0
182,49.7,24.26,15,achat_en_ligne,atm,France,France,0,0
245,16.92,24.95,8,virement,atm,Espagne,Espagne,1,0
194,28.46,39.75,22,retrait_atm,pos,Belgique,Belgique,0,0
206,71.79,53.96,14,achat_en_ligne,pos,Belgique,Belgique,0,0
278,19.56,26.71,19,achat_en_ligne,web,Espagne,Espagne,0,0
220,39.62,20.22,18,paiement_pos,atm,Italie,Italie,0,0
190,30.77,39.93,23,achat_en_ligne,atm,Belgique,Belgique,0,0
231,163.44,86.71,19,virement,atm,Allemagne,Allemagne,0,0
196,36.89,42.45,23,achat_en_ligne,atm,France,France,0,0
138,7.4,24.96,19,paiement_pos,web,France,France,0,0
25,12.73,25.2,10,achat_en_ligne,mobile,Espagne,Espagne,0,0
291,19.34,22.36,23,achat_en_ligne,web,Italie,Italie,0,0
247,87.41,50.46,5,achat_en_ligne,pos,Espagne,Espagne,0,0
171,109.35,59.96,9,virement,mobile,France,France,0,0
26,16.38,15.87,12,paiement_pos,web,Espagne,Espagne,0,0
260,448.2,54.47,16,retrait_atm,pos,Russie,Allemagne,0,1
144,27.82,36.29,6,paiement_pos,mobile,Belgique,Allemagne,0,0
143,29.6,28.47,3,retrait_atm,mobile,Belgique,Belgique,1,0
277,10.19,19.44,11,retrait_atm,web,Allemagne,Allemagne,0,0
181,6.15,16.39,12,achat_en_ligne,atm,Italie,Italie,0,0
176,98.57,51.96,21,retrait_atm,web,Allemagne,Allemagne,0,0
149,55.04,39.55,13,virement,web,Italie,Italie,0,0
139,41.8,38.79,12,retrait_atm,web,Belgique,Belgique,0,0
146,13.11,7.1,11,achat_en_ligne,mobile,Italie,Italie,1,0
148,67.4,36.82,17,retrait_atm,web,Belgique,Belgique,2,0
45,45.32,26.31,21,paiement_pos,pos,France,France,0,0
127,151.19,85.12,0,virement,web,France,France,0,0
54,153.72,77.05,8,retrait_atm,mobile,Allemagne,Allemagne,1,0
138,48.32,24.96,23,retrait_atm,atm,France,France,4,0
266,4.31,51.92,6,retrait_atm,web,Allemagne,Allemagne,3,1
286,12.63,11.04,0,paiement_pos,pos,Italie,Italie,0,0
52,25.27,30.02,10,paiement_pos,mobile,France,France,0,0
251,113.86,45.51,12,retrait_atm,mobile,France,France,0,0
48,36.32,19.36,15,retrait_atm,pos,Italie,Italie,0,0
196,44.65,42.45,22,paiement_pos,web,France,France,0,0
150,13.55,26.49,8,virement,web,France,France,0,0
202,419.15,80.28,14,retrait_atm,mobile,Italie,Italie,0,0
143,15.26,28.47,9,retrait_atm,web,Belgique,Belgique,1,0
286,63.88,11.04,7,achat_en_ligne,pos,Italie,Italie,0,0
89,15.1,9.13,14,paiement_pos,web,Espagne,Espagne,0,0
10,120.08,59.72,19,retrait_atm,atm,France,France,1,0
109,83.24,42.99,1,achat_en_ligne,mobile,Allemagne,Allemagne,2,0
264,16.89,8.16,8,achat_en_ligne,atm,Italie,Italie,1,0
22,54.45,32.32,22,virement,mobile,Belgique,Belgique,0,0
3,59.0,30.11,12,retrait_atm,atm,Espagne,Espagne,0,0
245,11.34,24.95,0,virement,pos,Espagne,Espagne,2,0
157,7.57,31.92,9,virement,mobile,France,France,0,0
9,26.26,35.81,22,retrait_atm,pos,Belgique,Belgique,0,0
250,37.43,38.0,20,paiement_pos,atm,France,France,2,0
279,75.09,53.63,9,virement,web,France,France,1,0
190,33.6,39.93,9,paiement_pos,atm,Belgique,Belgique,2,0
249,35.77,52.25,15,achat_en_ligne,atm,Espagne,Espagne,0,0
181,67.61,16.39,16,virement,mobile,Italie,Italie,3,1
97,149.56,118.81,13,achat_en_ligne,atm,Belgique,Belgique,2,0
233,40.62,35.33,18,achat_en_ligne,web,France,France,0,0
145,92.5,80.07,2,paiement_pos,web,Italie,Italie,4,0
157,8.08,31.92,15,achat_en_ligne,mobile,France,France,0,0
42,113.62,89.17,17,virement,atm,Espagne,Espagne,0,0
221,41.71,37.39,13,paiement_pos,web,France,France,0,0
262,10.66,15.21,11,paiement_pos,mobile,France,France,0,0
53,85.31,40.55,1,virement,web,Belgique,Belgique,0,0
259,35.49,30.86,12,retrait_atm,pos,France,France,0,0
227,75.86,46.18,9,virement,pos,Italie,Italie,0,0
114,29.29,28.22,23,virement,pos,Allemagne,Allemagne,1,0
236,27.7,15.63,9,paiement_pos,pos,Espagne,Espagne,1,0
163,97.21,67.12,22,paiement_pos,web,Allemagne,Allemagne,0,0
14,77.43,21.43,7,virement,web,Espagne,Espagne,1,0
120,15.4,40.9,5,achat_en_ligne,pos,France,France,1,0
124,41.83,40.04,1,achat_en_ligne,mobile,Allemagne,Allemagne,0,0
284,85.66,44.03,23,achat_en_ligne,pos,Allemagne,Allemagne,0,0
11,46.19,24.54,10,achat_en_ligne,pos,Allemagne,Allemagne,1,0
95,5.64,11.53,10,virement,pos,Italie,Italie,0,0
6,22.62,24.73,1,achat_en_ligne,web,Italie,Italie,0,0
299,34.75,62.82,6,retrait_atm,mobile,Belgique,Belgique,0,0
84,25.73,23.23,19,virement,atm,Italie,Italie,0,0
295,59.39,41.15,9,retrait_atm,mobile,Allemagne,Allemagne,0,0
90,30.79,30.04,20,achat_en_ligne,pos,Italie,Italie,1,0
241,68.74,39.09,10,achat_en_ligne,atm,France,France,1,0
20,31.45,41.72,11,achat_en_ligne,pos,Allemagne,Allemagne,0,0
265,109.19,22.04,3,retrait_atm,mobile,Nigeria,Italie,3,1
102,29.89,16.4,22,achat_en_ligne,atm,France,France,0,0
284,75.68,44.03,10,virement,mobile,Allemagne,Allemagne,0,0
81,12.8,19.85,19,retrait_atm,atm,Italie,Italie,0,0
90,51.96,30.04,22,achat_en_ligne,atm,Italie,Italie,0,0
159,150.68,27.09,12,retrait_atm,atm,Allemagne,Allemagne,0,0
256,16.84,26.15,12,retrait_atm,pos,France,France,0,0
206,317.69,53.96,8,virement,pos,Belgique,Belgique,0,0
79,279.72,149.98,22,retrait_atm,mobile,Allemagne,Allemagne,0,0
259,67.83,30.86,20,paiement_pos,web,France,France,0,0
20,53.71,41.72,14,virement,mobile,Allemagne,Allemagne,0,0
112,78.8,14.51,1,paiement_pos,pos,Espagne,Espagne,0,0
54,151.91,77.05,22,virement,mobile,Allemagne,Allemagne,1,0
232,17.41,25.16,12,paiement_pos,atm,Italie,Italie,0,0
152,18.71,40.32,2,retrait_atm,web,Belgique,Belgique,0,0
174,29.42,29.54,17,paiement_pos,atm,Espagne,Espagne,0,0
236,29.05,15.63,23,paiement_pos,pos,Espagne,Espagne,0,0
231,117.15,86.71,8,virement,atm,Allemagne,Allemagne,0,0
49,77.59,48.72,17,paiement_pos,pos,Espagne,Espagne,0,0
91,9.33,17.51,20,paiement_pos,web,France,Allemagne,1,0
32,77.48,39.31,22,achat_en_ligne,mobile,Belgique,Belgique,0,0
257,13.32,45.27,17,achat_en_ligne,mobile,Espagne,Espagne,2,0
98,0.64,15.3,0,retrait_atm,atm,Russie,Espagne,2,1
267,0.5,27.91,0,virement,mobile,Nigeria,Allemagne,4,1
291,22.18,22.36,17,retrait_atm,atm,Italie,Italie,0,0
70,117.29,73.88,10,virement,atm,Espagne,Allemagne,0,0
233,21.51,35.33,18,achat_en_ligne,atm,France,France,1,0
102,34.81,16.4,20,paiement_pos,mobile,France,France,1,0
230,5.17,9.95,14,retrait_atm,mobile,France,France,0,0
80,177.43,102.12,19,retrait_atm,web,Espagne,Espagne,1,0
19,40.95,57.91,14,virement,web,Italie,Italie,1,0
231,119.48,86.71,6,paiement_pos,mobile,Allemagne,Allemagne,0,0
15,255.4,118.76,14,achat_en_ligne,pos,Espagne,Espagne,1,0
284,93.02,44.03,10,achat_en_ligne,mobile,Allemagne,Allemagne,0,0
129,38.57,20.95,9,virement,mobile,Espagne,Allemagne,0,0
58,29.58,32.16,21,virement,mobile,France,France,2,0
71,172.85,30.18,6,achat_en_ligne,web,Espagne,Espagne,0,0
120,25.0,40.9,17,retrait_atm,web,France,France,0,0
218,129.43,80.55,3,retrait_atm,web,France,France,0,0
189,104.85,22.14,4,retrait_atm,web,Ukraine,Belgique,1,1
192,57.56,47.72,12,paiement_pos,web,Espagne,Espagne,1,0
298,17.48,13.65,10,virement,mobile,Allemagne,Allemagne,0,0
227,83.9,46.18,12,virement,mobile,Italie,Italie,0,0
217,15.2,30.72,15,achat_en_ligne,pos,France,France,1,0
254,39.04,37.27,12,paiement_pos,atm,Belgique,Belgique,0,0
174,47.74,29.54,21,achat_en_ligne,pos,Espagne,Espagne,0,0
52,126.98,30.02,19,retrait_atm,web,France,France,0,1
22,36.41,32.32,16,achat_en_ligne,pos,Belgique,Belgique,1,0
173,35.71,52.95,22,paiement_pos,mobile,Espagne,Espagne,0,0
288,31.29,23.03,13,achat_en_ligne,atm,Allemagne,Allemagne,0,0
119,226.39,36.35,8,retrait_atm,web,Ukraine,Belgique,0,1
134,23.38,11.63,18,paiement_pos,pos,Allemagne,Allemagne,0,0
124,31.48,40.04,2,paiement_pos,mobile,Allemagne,Allemagne,0,0
138,38.63,24.96,8,paiement_pos,web,France,France,0,0
185,152.31,21.77,0,achat_en_ligne,atm,Russie,Allemagne,0,1
12,14.64,16.27,22,retrait_atm,mobile,Italie,Italie,0,0
276,27.81,13.62,19,achat_en_ligne,mobile,Allemagne,Allemagne,0,0
192,101.44,47.72,9,virement,mobile,Espagne,Espagne,0,0
200,14.21,47.21,9,retrait_atm,pos,Italie,Italie,0,0
237,19.59,12.67,1,achat_en_ligne,mobile,Espagne,Espagne,2,0
203,42.59,41.31,8,virement,pos,Allemagne,Allemagne,1,0
133,167.81,44.17,3,retrait_atm,atm,France,France,1,0
258,51.65,28.23,4,retrait_atm,pos,France,France,0,0
166,39.8,43.09,6,paiement_pos,web,Italie,Italie,0,0
139,15.88,38.79,10,retrait_atm,pos,Belgique,Belgique,0,0
99,8.19,17.15,9,retrait_atm,mobile,Espagne,Espagne,0,0
35,24.97,25.88,12,paiement_pos,atm,Italie,Italie,0,0
119,19.86,36.35,1,paiement_pos,web,Belgique,Belgique,1,0
52,29.71,30.02,15,achat_en_ligne,atm,France,France,0,0
28,12.38,36.73,19,virement,atm,Italie,Italie,0,0
102,172.68,16.4,12,virement,web,France,France,0,1
205,92.15,23.51,0,virement,pos,Allemagne,Allemagne,0,0
157,125.03,31.92,19,retrait_atm,pos,France,France,0,0
134,66.36,11.63,17,paiement_pos,atm,Allemagne,Allemagne,0,0
30,26.72,36.45,7,virement,pos,Allemagne,Allemagne,2,0
103,254.38,26.55,5,retrait_atm,atm,Nigeria,Italie,4,1
295,66.36,41.15,16,paiement_pos,pos,Allemagne,Allemagne,0,0
239,19.55,43.11,1,paiement_pos,atm,Belgique,Belgique,1,0
49,57.53,48.72,23,retrait_atm,pos,Espagne,Espagne,0,0
207,60.24,62.87,22,virement,web,Espagne,Espagne,0,0
141,52.36,27.79,13,virement,mobile,Italie,Italie,0,0
28,10.35,36.73,19,retrait_atm,atm,Italie,Italie,0,0
300,57.41,27.14,2,virement,mobile,France,France,0,0
119,74.6,36.35,12,achat_en_ligne,pos,Belgique,Belgique,0,0
165,179.85,94.29,19,virement,pos,Allemagne,Allemagne,0,0
200,23.53,47.21,12,paiement_pos,atm,Italie,Italie,0,0
171,51.55,59.96,7,achat_en_ligne,atm,France,France,0,0
145,31.73,80.07,0,virement,atm,Italie,Italie,0,0
2,62.0,36.39,11,retrait_atm,pos,Espagne,Espagne,0,0
122,55.16,33.12,12,retrait_atm,mobile,Espagne,Espagne,0,0
104,43.51,40.65,20,paiement_pos,pos,France,France,0,0
220,19.79,20.22,21,virement,web,Italie,Italie,2,0
44,26.1,29.73,10,retrait_atm,pos,Belgique,Belgique,0,0
102,23.51,16.4,3,virement,web,France,France,1,0
45,55.96,26.31,18,paiement_pos,atm,France,France,0,0
227,84.54,46.18,14,paiement_pos,atm,Italie,Italie,0,0
178,96.4,51.34,8,paiement_pos,web,France,France,0,0
280,74.48,92.99,17,virement,web,France,France,0,0
89,6.58,9.13,8,virement,pos,Espagne,Espagne,1,0
268,9.77,37.29,9,virement,web,Belgique,Belgique,0,0
105,190.71,93.43,17,retrait_atm,mobile,Espagne,Espagne,1,0
21,12.79,30.14,21,virement,pos,Allemagne,Allemagne,0,0
66,21.96,24.77,21,paiement_pos,mobile,Belgique,Belgique,0,0
255,97.61,54.18,15,achat_en_ligne,mobile,Espagne,Espagne,0,0
254,55.14,37.27,21,retrait_atm,mobile,Belgique,Belgique,1,0
86,105.84,68.27,6,achat_en_ligne,web,Espagne,Espagne,0,0
121,32.32,34.19,19,paiement_pos,mobile,Allemagne,Allemagne,0,0
55,15.18,34.97,0,paiement_pos,pos,Allemagne,Allemagne,1,0
33,59.1,72.5,21,achat_en_ligne,web,France,France,0,0
299,650.2,62.82,1,virement,web,Russie,Belgique,0,1
231,40.27,86.71,12,retrait_atm,pos,Allemagne,Allemagne,0,0
4,4.9,17.79,8,virement,web,Allemagne,Allemagne,0,0
4,29.67,17.79,2,paiement_pos,pos,Allemagne,Allemagne,0,0
236,19.92,15.63,10,retrait_atm,mobile,Espagne,Espagne,1,0
137,3.62,17.01,7,retrait_atm,mobile,Espagne,Espagne,0,0
249,328.73,52.25,3,retrait_atm,pos,Allemagne,Espagne,2,1
146,14.25,7.1,12,achat_en_ligne,pos,Italie,Italie,0,0
234,120.43,72.66,13,retrait_atm,web,Espagne,Espagne,1,0
183,32.93,82.0,15,achat_en_ligne,pos,Allemagne,Allemagne,1,0
199,28.83,23.23,15,achat_en_ligne,web,Belgique,Belgique,0,0
286,11.52,11.04,23,paiement_pos,web,Italie,Italie,0,0
287,64.24,57.8,8,retrait_atm,web,France,France,0,0
81,22.33,19.85,11,achat_en_ligne,web,Italie,Italie,1,0
91,10.65,17.51,1,virement,web,Allemagne,Allemagne,0,0
26,17.65,15.87,5,achat_en_ligne,web,Espagne,Espagne,0,0
228,289.57,133.83,16,achat_en_ligne,atm,Allemagne,Allemagne,0,0
61,4.14,19.55,11,achat_en_ligne,atm,Italie,Italie,0,0
207,101.92,62.87,19,virement,web,Espagne,Espagne,0,0
162,115.95,93.63,6,achat_en_ligne,pos,Espagne,Espagne,2,0
149,42.79,39.55,12,paiement_pos,mobile,Italie,Italie,0,0
183,64.37,82.0,6,virement,web,Allemagne,Allemagne,0,0
73,17.87,28.95,18,virement,mobile,Allemagne,Allemagne,0,0
191,52.03,66.23,17,achat_en_ligne,web,Espagne,Espagne,1,0
251,85.96,45.51,21,paiement_pos,pos,France,France,1,0
260,228.34,54.47,0,retrait_atm,pos,Allemagne,Allemagne,2,1
169,37.74,34.46,6,retrait_atm,mobile,Belgique,Belgique,0,0
81,20.49,19.85,17,paiement_pos,mobile,Italie,Italie,0,0
206,90.7,53.96,22,retrait_atm,mobile,Belgique,Belgique,0,0
225,57.21,55.37,19,virement,web,Espagne,Espagne,0,0
85,24.18,40.02,11,achat_en_ligne,atm,Espagne,Espagne,0,0
296,155.68,73.14,18,virement,mobile,France,Allemagne,0,0
150,38.25,26.49,18,paiement_pos,mobile,France,France,1,0
175,104.84,66.87,12,achat_en_ligne,pos,Espagne,Espagne,0,0
293,2.47,29.56,16,virement,pos,Italie,Italie,3,1
192,305.19,47.72,5,virement,pos,Espagne,Espagne,0,1
212,13.36,30.31,9,paiement_pos,pos,Espagne,Espagne,0,0
173,40.53,52.95,15,virement,web,Espagne,Espagne,1,0
186,22.41,18.03,8,virement,atm,Allemagne,Allemagne,0,0
289,43.2,24.04,22,achat_en_ligne,pos,Allemagne,Allemagne,0,0
100,114.73,99.7,23,virement,pos,France,France,1,0
258,16.38,28.23,6,paiement_pos,pos,France,France,0,0
208,32.68,38.08,6,virement,pos,Italie,Italie,1,0
241,22.3,39.09,14,virement,web,France,France,1,0
277,31.32,19.44,16,retrait_atm,web,France,Allemagne,0,0
105,31.28,93.43,3,achat_en_ligne,web,Espagne,Espagne,0,0
47,8.77,17.04,6,achat_en_ligne,pos,Allemagne,Allemagne,0,0
80,2.89,102.12,2,retrait_atm,mobile,Ukraine,Espagne,3,1
198,54.68,9.6,20,paiement_pos,atm,France,France,0,0
50,7.55,26.13,12,retrait_atm,atm,Espagne,Espagne,0,0
14,29.98,21.43,4,paiement_pos,mobile,Espagne,Espagne,2,0
279,11.98,53.63,11,achat_en_ligne,pos,France,France,0,0
217,66.58,30.72,4,paiement_pos,mobile,France,France,1,0
226,33.67,54.88,10,retrait_atm,mobile,Belgique,Belgique,0,0
114,13.13,28.22,20,virement,pos,Allemagne,Allemagne,0,0
188,9.1,15.96,17,virement,web,Belgique,Belgique,0,0
246,28.11,43.63,15,paiement_pos,mobile,France,France,2,0
281,24.33,14.45,4,virement,atm,Belgique,Belgique,1,0
132,70.49,38.77,10,achat_en_ligne,pos,Allemagne,Allemagne,0,0
89,11.48,9.13,16,paiement_pos,web,Espagne,Espagne,1,0
290,23.9,17.43,14,retrait_atm,web,Allemagne,Allemagne,0,0
234,336.79,72.66,16,achat_en_ligne,web,Belgique,Espagne,0,0
35,19.04,25.88,12,achat_en_ligne,atm,Italie,Italie,0,0
171,40.33,59.96,10,retrait_atm,pos,France,France,1,0
171,29.32,59.96,14,paiement_pos,pos,France,France,0,0
266,33.83,51.92,23,paiement_pos,pos,Allemagne,Allemagne,0,0
101,172.48,189.24,17,paiement_pos,pos,Italie,Italie,0,0
279,25.39,53.63,13,retrait_atm,mobile,France,France,1,0
91,31.81,17.51,9,virement,atm,Allemagne,Allemagne,1,0
195,30.78,34.58,8,achat_en_ligne,mobile,Italie,Italie,1,0
109,26.64,42.99,10,achat_en_ligne,mobile,Allemagne,Allemagne,0,0
16,43.64,20.23,10,virement,atm,Espagne,Espagne,0,0
173,23.25,52.95,1,virement,web,Espagne,Espagne,0,0
81,14.31,19.85,6,achat_en_ligne,web,Italie,Italie,0,0
127,29.09,85.12,16,retrait_atm,web,France,France,2,0
186,6.03,18.03,2,retrait_atm,atm,Allemagne,Allemagne,0,0
132,60.55,38.77,19,retrait_atm,web,Allemagne,Allemagne,0,0
58,27.58,32.16,5,paiement_pos,pos,France,France,0,0
300,100.35,27.14,15,paiement_pos,mobile,Espagne,France,0,0
247,18.61,50.46,9,achat_en_ligne,web,Espagne,Espagne,1,0
247,99.73,50.46,17,achat_en_ligne,atm,Belgique,Espagne,0,0
76,2.19,17.28,20,retrait_atm,web,Nigeria,Allemagne,3,1
67,38.38,27.2,6,retrait_atm,web,Italie,Italie,2,0
265,36.25,22.04,7,paiement_pos,atm,Italie,Italie,0,0
274,10.98,20.04,12,retrait_atm,web,Italie,Italie,0,0
104,116.2,40.65,5,virement,atm,France,France,0,0
171,92.4,59.96,0,retrait_atm,atm,France,France,1,0
89,0.5,9.13,8,virement,atm,Espagne,Espagne,6,1
166,184.26,43.09,4,retrait_atm,mobile,Italie,Italie,1,1
90,56.91,30.04,13,retrait_atm,mobile,Italie,Italie,0,0
287,38.46,57.8,14,paiement_pos,pos,France,France,0,0
161,28.9,46.97,13,retrait_atm,web,Belgique,Italie,0,0
223,35.37,33.34,13,paiement_pos,pos,Espagne,Espagne,0,0
122,52.24,33.12,15,achat_en_ligne,web,Espagne,Espagne,0,0
214,34.81,41.68,8,paiement_pos,web,Allemagne,Allemagne,0,0
59,26.16,19.97,22,paiement_pos,web,Espagne,Espagne,0,0
93,15.02,19.57,16,paiement_pos,web,Italie,Italie,1,0
9,53.8,35.81,0,achat_en_ligne,atm,Belgique,Belgique,0,0
124,20.76,40.04,17,retrait_atm,web,Allemagne,Allemagne,0,0
165,54.7,94.29,10,virement,web,Allemagne,Allemagne,1,0
287,330.46,57.8,15,achat_en_ligne,web,France,France,0,0
278,27.24,26.71,21,retrait_atm,mobile,Espagne,Espagne,0,0
101,280.64,189.24,23,paiement_pos,atm,Italie,Italie,0,0
272,109.53,74.6,22,paiement_pos,web,France,France,0,0
212,13.75,30.31,21,achat_en_ligne,mobile,Espagne,Espagne,0,0
39,56.15,36.96,11,retrait_atm,web,Belgique,Belgique,0,0
103,18.85,26.55,7,achat_en_ligne,pos,Espagne,Italie,0,0
226,195.01,54.88,17,retrait_atm,atm,Belgique,Belgique,0,0
100,121.81,99.7,15,achat_en_ligne,atm,France,France,0,0
190,59.85,39.93,14,achat_en_ligne,pos,Belgique,Belgique,1,0
210,220.96,38.95,18,retrait_atm,atm,Espagne,Espagne,1,0
42,146.18,89.17,10,achat_en_ligne,pos,Espagne,Espagne,0,0
50,49.41,26.13,18,virement,atm,Espagne,Espagne,2,0
53,114.48,40.55,8,retrait_atm,atm,Belgique,Belgique,0,0
139,299.09,38.79,5,virement,atm,Belgique,Belgique,0,1
145,29.46,80.07,12,paiement_pos,web,Italie,Italie,0,0
200,49.05,47.21,12,achat_en_ligne,atm,Italie,Italie,0,0
83,25.76,13.76,20,retrait_atm,pos,France,France,1,0
123,37.53,21.48,5,retrait_atm,pos,Espagne,Espagne,1,0
50,25.99,26.13,21,achat_en_ligne,web,Espagne,Espagne,1,0
129,17.2,20.95,14,retrait_atm,mobile,Allemagne,Allemagne,1,0
251,35.35,45.51,13,paiement_pos,web,France,France,0,0
179,70.96,12.89,7,retrait_atm,pos,Italie,Italie,1,1
179,10.26,12.89,10,paiement_pos,web,Italie,Italie,3,0
113,9.1,28.71,12,retrait_atm,web,Italie,Allemagne,0,0
159,41.27,27.09,7,paiement_pos,mobile,Allemagne,Allemagne,0,0
290,12.84,17.43,11,paiement_pos,web,Allemagne,Allemagne,0,0
277,42.02,19.44,8,paiement_pos,pos,Allemagne,Allemagne,0,0
134,16.47,11.63,9,retrait_atm,web,Allemagne,Allemagne,0,0
43,101.79,93.15,14,achat_en_ligne,web,Espagne,Espagne,4,0
143,16.49,28.47,21,paiement_pos,mobile,Belgique,Belgique,0,0
1,122.92,62.78,5,retrait_atm,pos,France,France,1,0
81,5.74,19.85,11,paiement_pos,pos,Italie,Italie,0,0
92,12.57,24.1,0,paiement_pos,web,Italie,Italie,1,0
51,35.89,33.01,22,retrait_atm,atm,Espagne,Espagne,0,0
30,12.6,36.45,21,virement,atm,Allemagne,Allemagne,0,0
262,10.35,15.21,23,achat_en_ligne,web,France,France,0,0
252,2.27,21.7,3,retrait_atm,atm,Allemagne,Allemagne,1,1
214,57.59,41.68,20,achat_en_ligne,web,Allemagne,Allemagne,0,0
58,6.98,32.16,12,paiement_pos,atm,France,France,0,0
163,18.5,67.12,6,virement,pos,Allemagne,Allemagne,0,0
64,6.25,14.94,13,virement,web,Italie,Italie,0,0
212,27.94,30.31,5,virement,mobile,Espagne,Espagne,0,0
7,85.25,32.06,0,achat_en_ligne,atm,France,France,0,0
44,25.84,29.73,22,paiement_pos,web,Belgique,Belgique,1,0
73,62.22,28.95,15,achat_en_ligne,mobile,Allemagne,Allemagne,0,0
237,11.73,12.67,22,paiement_pos,pos,Espagne,Espagne,0,0
26,10.48,15.87,11,achat_en_ligne,web,Espagne,Espagne,1,0
38,136.63,83.22,11,achat_en_ligne,atm,Italie,Italie,0,0
101,153.62,189.24,12,paiement_pos,web,Italie,Italie,1,0
47,11.82,17.04,12,achat_en_ligne,web,Allemagne,Allemagne,0,0
250,217.54,38.0,7,achat_en_ligne,pos,France,France,0,0
236,15.0,15.63,5,retrait_atm,mobile,Espagne,Espagne,0,0
251,38.7,45.51,15,retrait_atm,pos,France,France,0,0
116,47.03,23.73,15,virement,mobile,Allemagne,Allemagne,0,0
138,48.9,24.96,5,paiement_pos,atm,France,France,0,0
233,70.08,35.33,6,achat_en_ligne,atm,France,France,0,0
223,178.41,33.34,11,retrait_atm,web,Espagne,Espagne,1,0
25,26.97,25.2,21,achat_en_ligne,mobile,Espagne,Espagne,0,0
163,179.83,67.12,6,virement,pos,Allemagne,Allemagne,0,0
27,17.13,15.38,9,achat_en_ligne,atm,France,Allemagne,1,0
200,88.06,47.21,15,virement,pos,Italie,Italie,0,0
232,1.67,25.16,12,paiement_pos,mobile,Ukraine,Italie,4,1
106,0.88,18.32,18,virement,web,Nigeria,Espagne,3,1
93,28.45,19.57,10,paiement_pos,pos,Italie,Italie,0,0
102,27.3,16.4,10,achat_en_ligne,pos,France,France,0,0
14,1.55,21.43,3,retrait_atm,web,Nigeria,Espagne,1,1
146,3.12,7.1,8,retrait_atm,mobile,Italie,Italie,1,0
18,33.74,19.26,14,virement,pos,France,France,1,0
58,37.49,32.16,6,achat_en_ligne,atm,France,France,0,0
130,168.29,16.99,8,retrait_atm,mobile,Russie,Espagne,3,1
283,54.76,17.74,0,paiement_pos,atm,Espagne,Espagne,0,0
299,29.98,62.82,13,paiement_pos,mobile,Belgique,Belgique,0,0
80,23.77,102.12,2,virement,pos,Espagne,Espagne,0,0
153,19.64,93.36,13,achat_en_ligne,pos,Italie,Italie,1,0
81,23.68,19.85,17,retrait_atm,pos,Italie,Italie,1,0
249,90.5,52.25,5,paiement_pos,mobile,Espagne,Espagne,0,0
129,12.91,20.95,21,retrait_atm,pos,Allemagne,Allemagne,0,0
174,19.08,29.54,17,virement,atm,Espagne,Espagne,2,0
157,31.44,31.92,22,retrait_atm,pos,France,France,1,0
238,16.07,20.56,14,paiement_pos,pos,Allemagne,Allemagne,0,0
138,66.02,24.96,7,retrait_atm,mobile,France,France,0,0
75,33.13,36.82,19,retrait_atm,atm,Espagne,Espagne,1,0
231,21.31,86.71,14,retrait_atm,mobile,Allemagne,Allemagne,0,0
178,28.83,51.34,21,achat_en_ligne,mobile,France,France,0,0
251,39.46,45.51,10,achat_en_ligne,web,France,France,0,0
245,12.15,24.95,16,retrait_atm,web,Espagne,Espagne,0,0
188,7.02,15.96,1,paiement_pos,atm,Belgique,Belgique,0,0
38,52.97,83.22,10,retrait_atm,pos,Italie,Italie,0,0
75,47.12,36.82,18,virement,pos,Espagne,Espagne,1,0
190,23.85,39.93,0,virement,web,Belgique,Belgique,0,0
8,187.83,95.66,4,achat_en_ligne,pos,Espagne,Espagne,1,0
74,110.79,38.3,6,paiement_pos,pos,France,France,0,0
38,66.54,83.22,19,virement,atm,Italie,Italie,1,0
147,59.68,28.73,19,paiement_pos,web,France,France,1,0
171,83.96,59.96,16,achat_en_ligne,pos,France,France,0,0
7,38.15,32.06,19,paiement_pos,atm,France,France,0,0
108,89.26,52.79,6,retrait_atm,atm,Espagne,Espagne,0,0
13,11.7,18.56,11,virement,web,Espagne,Espagne,0,0
113,21.65,28.71,22,achat_en_ligne,pos,Allemagne,Allemagne,0,0
283,31.0,17.74,22,achat_en_ligne,mobile,Espagne,Espagne,0,0
250,11.99,38.0,12,virement,mobile,France,France,1,0
135,64.68,57.77,20,virement,pos,Espagne,Espagne,0,0
234,77.1,72.66,17,paiement_pos,atm,Espagne,Espagne,0,0
171,174.37,59.96,19,retrait_atm,mobile,France,France,0,0
34,13.07,37.77,2,achat_en_ligne,mobile,Allemagne,Allemagne,1,0
53,19.03,40.55,17,retrait_atm,web,Belgique,Belgique,1,0
43,186.63,93.15,13,paiement_pos,mobile,Espagne,Espagne,0,0
89,17.83,9.13,12,retrait_atm,mobile,Espagne,Espagne,2,0
85,67.21,40.02,15,virement,atm,Espagne,Espagne,0,0
175,62.37,66.87,10,paiement_pos,mobile,Espagne,Espagne,0,0
235,2.95,12.66,19,paiement_pos,pos,Allemagne,Allemagne,1,0
132,49.53,38.77,15,retrait_atm,pos,Allemagne,Allemagne,0,0
300,36.04,27.14,9,achat_en_ligne,mobile,France,France,0,0
244,21.34,34.21,0,paiement_pos,mobile,Espagne,Espagne,1,0
67,13.36,27.2,8,virement,atm,Italie,Italie,0,0
102,27.67,16.4,6,retrait_atm,mobile,France,France,0,0
92,68.48,24.1,10,paiement_pos,pos,Italie,Italie,0,0
1,127.54,62.78,20,retrait_atm,atm,France,France,2,0
35,50.47,25.88,8,virement,atm,Italie,Italie,0,0
59,55.59,19.97,11,achat_en_ligne,web,Espagne,Espagne,0,0
167,39.59,54.42,11,virement,web,Belgique,Belgique,0,0
15,68.16,118.76,18,achat_en_ligne,mobile,Espagne,Espagne,0,0
238,6.42,20.56,6,paiement_pos,mobile,Allemagne,Allemagne,1,0
71,24.49,30.18,18,achat_en_ligne,pos,Espagne,Espagne,0,0
113,20.17,28.71,13,achat_en_ligne,pos,Allemagne,Allemagne,0,0
71,47.94,30.18,10,paiement_pos,mobile,Espagne,Espagne,0,0
284,22.13,44.03,19,retrait_atm,web,Allemagne,Allemagne,0,0
263,21.63,13.61,20,virement,mobile,Belgique,Belgique,0,0
199,50.54,23.23,6,retrait_atm,web,Belgique,Belgique,1,0
224,116.52,73.51,4,virement,mobile,Belgique,Belgique,1,0
100,447.72,99.7,10,paiement_pos,pos,Russie,France,0,1
244,37.91,34.21,13,paiement_pos,web,Espagne,Espagne,0,0
40,11.42,15.88,16,virement,mobile,Espagne,Espagne,0,0
239,65.65,43.11,22,virement,web,Belgique,Belgique,0,0
44,64.18,29.73,11,paiement_pos,mobile,Belgique,Belgique,0,0
156,21.34,27.19,14,achat_en_ligne,mobile,Allemagne,Espagne,0,0
105,201.8,93.43,10,retrait_atm,mobile,Espagne,Espagne,0,0
180,54.95,31.81,5,paiement_pos,web,Allemagne,Allemagne,0,0
229,76.44,29.28,4,retrait_atm,pos,Allemagne,Allemagne,0,0
232,21.6,25.16,8,virement,mobile,Italie,Italie,0,0
262,51.86,15.21,10,achat_en_ligne,mobile,France,France,1,0
276,17.54,13.62,12,virement,atm,Allemagne,Allemagne,1,0
88,0.84,22.37,5,retrait_atm,atm,Roumanie,Belgique,1,1
185,15.6,21.77,19,retrait_atm,web,Allemagne,Allemagne,1,0
13,11.75,18.56,22,virement,atm,Espagne,Espagne,0,0
206,151.37,53.96,3,retrait_atm,pos,Belgique,Belgique,1,0
234,85.0,72.66,21,virement,pos,Espagne,Espagne,1,0
255,83.23,54.18,21,retrait_atm,atm,Espagne,Espagne,0,0
112,3.18,14.51,10,virement,pos,Allemagne,Espagne,0,0
184,64.11,48.55,14,retrait_atm,atm,Espagne,Espagne,0,0
97,237.75,118.81,21,paiement_pos,web,Belgique,Belgique,0,0
9,44.9,35.81,11,virement,mobile,Belgique,Belgique,0,0
10,108.21,59.72,19,paiement_pos,pos,France,France,1,0
108,13.85,52.79,11,virement,mobile,Espagne,Espagne,1,0
110,34.51,26.42,18,retrait_atm,atm,Espagne,Espagne,0,0
270,54.65,73.45,5,paiement_pos,atm,Allemagne,Allemagne,0,0
188,10.77,15.96,20,achat_en_ligne,mobile,Belgique,Belgique,1,0
96,29.36,13.73,20,retrait_atm,web,Belgique,Belgique,1,0
217,34.13,30.72,14,virement,pos,France,France,0,0
242,10.28,14.19,9,achat_en_ligne,web,Allemagne,Allemagne,1,0
91,36.8,17.51,21,retrait_atm,pos,Allemagne,Allemagne,0,0
15,128.04,118.76,8,achat_en_ligne,atm,Espagne,Espagne,0,0
262,22.03,15.21,13,virement,pos,France,France,0,0
207,68.66,62.87,10,achat_en_ligne,pos,Espagne,Espagne,0,0
168,21.87,27.72,11,virement,pos,France,France,1,0
62,19.12,27.1,4,virement,web,Espagne,Espagne,2,0
88,31.68,22.37,3,retrait_atm,mobile,Belgique,Belgique,1,0
68,104.68,60.44,22,retrait_atm,mobile,Belgique,Belgique,0,0
290,10.18,17.43,15,paiement_pos,atm,Allemagne,Allemagne,0,0
194,48.94,39.75,4,virement,pos,Belgique,Belgique,0,0
202,91.47,80.28,21,virement,web,Italie,Italie,1,0
245,11.84,24.95,6,retrait_atm,pos,Espagne,Espagne,0,0
111,110.64,30.56,11,achat_en_ligne,web,Belgique,Belgique,0,0
214,53.35,41.68,0,paiement_pos,atm,Allemagne,Allemagne,0,0
249,63.41,52.25,14,virement,mobile,Allemagne,Espagne,0,0
232,23.14,25.16,14,paiement_pos,atm,Italie,Italie,0,0
155,248.22,55.61,3,paiement_pos,atm,Allemagne,Allemagne,0,0
200,54.05,47.21,10,retrait_atm,mobile,Italie,Italie,0,0
72,119.79,21.81,16,paiement_pos,mobile,France,France,0,0
157,80.86,31.92,17,paiement_pos,atm,France,France,0,0
184,29.66,48.55,11,retrait_atm,mobile,Espagne,Espagne,0,0
54,88.11,77.05,15,retrait_atm,atm,Allemagne,Allemagne,1,0
83,3.1,13.76,7,achat_en_ligne,atm,France,France,0,0
160,94.18,72.24,7,paiement_pos,atm,Espagne,Espagne,1,0
98,6.36,15.3,16,achat_en_ligne,web,Espagne,Espagne,0,0
121,44.21,34.19,20,achat_en_ligne,web,Allemagne,Allemagne,0,0
152,409.71,40.32,17,virement,web,Ukraine,Belgique,0,1
12,8.64,16.27,20,retrait_atm,web,Italie,Italie,0,0
263,15.05,13.61,8,achat_en_ligne,mobile,Belgique,Belgique,0,0
222,65.28,54.96,19,paiement_pos,web,Allemagne,Allemagne,0,0
124,70.38,40.04,8,achat_en_ligne,atm,Allemagne,Allemagne,1,0
71,61.95,30.18,13,achat_en_ligne,atm,Espagne,Espagne,0,0
199,13.68,23.23,13,retrait_atm,web,Belgique,Belgique,0,0
4,12.0,17.79,6,virement,mobile,Allemagne,Allemagne,0,0
15,98.32,118.76,14,paiement_pos,mobile,Espagne,Espagne,1,0
295,26.73,41.15,12,achat_en_ligne,pos,Allemagne,Allemagne,0,0
252,20.44,21.7,15,achat_en_ligne,mobile,Allemagne,Allemagne,0,0
244,69.68,34.21,21,virement,pos,Espagne,Espagne,0,0
46,127.97,79.59,12,virement,pos,Italie,Italie,1,0
137,12.24,17.01,11,achat_en_ligne,atm,Espagne,Espagne,1,0
237,6.71,12.67,13,retrait_atm,web,Espagne,Espagne,1,0
269,13.7,63.66,12,retrait_atm,pos,Espagne,Espagne,0,0
138,26.42,24.96,1,retrait_atm,mobile,France,France,0,0
60,30.98,15.94,7,virement,atm,Espagne,Espagne,0,0
230,20.27,9.95,12,virement,pos,France,France,1,0
264,23.28,8.16,21,retrait_atm,mobile,Italie,Italie,0,0
289,44.35,24.04,12,achat_en_ligne,atm,Allemagne,Allemagne,0,0
161,11.7,46.97,13,paiement_pos,mobile,Italie,Italie,0,0
239,172.87,43.11,18,retrait_atm,pos,Belgique,Belgique,1,1
274,35.12,20.04,23,virement,mobile,Italie,Italie,2,0
185,24.8,21.77,4,virement,mobile,Allemagne,Allemagne,1,0
207,127.42,62.87,1,retrait_atm,atm,Espagne,Espagne,0,0
66,28.75,24.77,6,achat_en_ligne,pos,Belgique,Belgique,0,0
133,86.1,44.17,2,retrait_atm,atm,France,France,0,0
130,183.54,16.99,16,retrait_atm,pos,Roumanie,Espagne,1,1
62,32.67,27.1,9,achat_en_ligne,web,Espagne,Espagne,1,0
255,50.64,54.18,5,virement,mobile,Espagne,Espagne,2,0
138,19.09,24.96,20,retrait_atm,mobile,France,France,1,0
56,28.6,48.73,18,achat_en_ligne,web,France,France,0,0
113,30.58,28.71,21,virement,web,Italie,Allemagne,1,0
193,7.73,8.37,20,retrait_atm,pos,Espagne,Espagne,0,0
230,17.36,9.95,13,paiement_pos,web,France,France,1,0
221,213.73,37.39,12,virement,mobile,France,France,0,1
114,45.84,28.22,15,virement,web,Allemagne,Allemagne,0,0
10,105.42,59.72,17,virement,atm,France,France,1,0
100,37.57,99.7,10,retrait_atm,web,France,France,0,0
17,99.79,54.77,12,paiement_pos,web,Allemagne,Allemagne,0,0
169,64.04,34.46,20,retrait_atm,atm,Belgique,Belgique,1,0
273,40.44,35.0,5,achat_en_ligne,pos,France,France,0,0
30,94.04,36.45,5,retrait_atm,web,Allemagne,Allemagne,1,0
112,7.51,14.51,15,achat_en_ligne,pos,Espagne,Espagne,0,0
252,39.95,21.7,5,achat_en_ligne,atm,Allemagne,Allemagne,1,0
200,93.3,47.21,10,achat_en_ligne,mobile,Italie,Italie,0,0
207,26.74,62.87,20,achat_en_ligne,web,Espagne,Espagne,1,0
247,110.33,50.46,8,virement,web,Espagne,Espagne,1,0
184,42.9,48.55,21,virement,pos,Espagne,Espagne,3,0
119,55.16,36.35,8,achat_en_ligne,web,Belgique,Belgique,0,0
228,230.46,133.83,4,paiement_pos,mobile,Allemagne,Allemagne,0,0
164,63.08,43.1,17,paiement_pos,atm,Allemagne,Allemagne,1,0
253,92.62,29.73,7,retrait_atm,web,France,France,0,0
57,5.75,9.68,5,paiement_pos,pos,Allemagne,Allemagne,0,0
157,58.64,31.92,16,retrait_atm,mobile,France,France,0,0
36,137.05,64.31,9,achat_en_ligne,mobile,France,France,0,0
218,147.8,80.55,10,paiement_pos,web,France,France,0,0
194,39.82,39.75,20,achat_en_ligne,mobile,Belgique,Belgique,0,0
21,20.6,30.14,20,achat_en_ligne,pos,Allemagne,Allemagne,1,0
132,53.4,38.77,17,virement,pos,Allemagne,Allemagne,2,0
199,28.69,23.23,11,virement,atm,Belgique,Belgique,0,0
243,13.13,8.28,12,paiement_pos,atm,Belgique,France,0,0
131,143.11,67.67,23,achat_en_ligne,mobile,Allemagne,Allemagne,0,0
114,52.45,28.22,2,retrait_atm,web,Allemagne,Allemagne,4,1
69,83.1,45.74,22,virement,web,France,France,0,0
181,5.91,16.39,21,retrait_atm,pos,Italie,Italie,0,0
9,37.32,35.81,7,paiement_pos,mobile,Belgique,Belgique,0,0
240,93.47,45.35,20,achat_en_ligne,atm,Espagne,Espagne,0,0
25,36.53,25.2,19,paiement_pos,web,Espagne,Espagne,0,0
276,17.75,13.62,10,achat_en_ligne,pos,Allemagne,Allemagne,0,0
203,29.94,41.31,14,retrait_atm,pos,Allemagne,Allemagne,1,0
5,4.14,12.12,10,virement,web,Allemagne,Allemagne,1,0
214,42.73,41.68,21,virement,atm,Allemagne,Allemagne,0,0
229,55.02,29.28,8,retrait_atm,web,Allemagne,Allemagne,0,0
33,113.71,72.5,6,retrait_atm,atm,France,France,0,0
47,3.45,17.04,21,retrait_atm,pos,Allemagne,Allemagne,0,0
175,88.2,66.87,14,paiement_pos,mobile,Espagne,Espagne,0,0
26,29.56,15.87,6,virement,pos,Espagne,Espagne,0,0
125,115.85,31.24,7,paiement_pos,mobile,Italie,Italie,0,0
237,19.17,12.67,10,paiement_pos,pos,Espagne,Espagne,1,0
110,40.66,26.42,17,paiement_pos,web,Espagne,Espagne,0,0
230,5.13,9.95,7,retrait_atm,atm,France,France,0,0
8,101.5,95.66,0,achat_en_ligne,web,Espagne,Espagne,0,0
160,66.77,72.24,9,achat_en_ligne,web,Espagne,Espagne,1,0
276,18.95,13.62,19,virement,web,Allemagne,Allemagne,0,0
201,13.17,12.82,22,retrait_atm,pos,Belgique,Belgique,1,0
256,31.13,26.15,14,paiement_pos,atm,France,France,2,0
185,45.91,21.77,23,paiement_pos,mobile,Allemagne,Allemagne,0,0
75,30.67,36.82,10,virement,mobile,Espagne,Espagne,0,0
211,30.58,19.73,19,paiement_pos,web,Belgique,Belgique,1,0
10,51.84,59.72,11,virement,mobile,France,France,2,0
147,24.67,28.73,12,virement,atm,France,France,1,0
224,336.19,73.51,4,retrait_atm,web,Belgique,Belgique,0,0
13,38.34,18.56,4,retrait_atm,atm,Espagne,Espagne,0,0
186,34.21,18.03,7,paiement_pos,web,Allemagne,Allemagne,1,0
176,95.96,51.96,13,retrait_atm,atm,Allemagne,Allemagne,0,0
94,52.51,31.29,13,paiement_pos,mobile,Belgique,Belgique,0,0
82,8.5,27.87,15,paiement_pos,mobile,Allemagne,Allemagne,1,0
199,50.39,23.23,7,achat_en_ligne,pos,Belgique,Belgique,1,0
283,34.48,17.74,18,virement,pos,Espagne,Espagne,0,0
93,14.0,19.57,16,achat_en_ligne,atm,Italie,Italie,0,0
20,23.17,41.72,7,paiement_pos,atm,France,Allemagne,0,0
161,75.82,46.97,9,paiement_pos,web,Italie,Italie,0,0
38,136.1,83.22,18,achat_en_ligne,web,Italie,Italie,0,0
77,50.84,34.96,5,achat_en_ligne,pos,Belgique,Belgique,0,0
45,29.2,26.31,22,paiement_pos,atm,France,France,0,0
202,108.42,80.28,19,paiement_pos,atm,Allemagne,Italie,1,0
197,60.18,87.33,18,paiement_pos,pos,Belgique,Belgique,0,0
65,148.95,33.73,17,retrait_atm,atm,Allemagne,Allemagne,0,0
141,28.74,27.79,14,retrait_atm,web,Italie,Italie,0,0
207,59.85,62.87,14,virement,pos,Espagne,Espagne,1,0
223,21.88,33.34,11,retrait_atm,atm,Espagne,Espagne,0,0
36,41.78,64.31,11,virement,web,France,France,0,0
123,14.61,21.48,17,achat_en_ligne,mobile,Espagne,Espagne,0,0
151,12.51,11.54,20,paiement_pos,atm,Italie,Italie,0,0
70,102.02,73.88,7,retrait_atm,atm,Allemagne,Allemagne,0,0
163,15.46,67.12,15,achat_en_ligne,pos,Allemagne,Allemagne,0,0
55,65.32,34.97,10,virement,atm,Allemagne,Allemagne,0,0
21,40.52,30.14,23,retrait_atm,pos,Allemagne,Allemagne,0,0
171,18.96,59.96,23,retrait_atm,mobile,France,France,1,0
116,11.9,23.73,5,retrait_atm,pos,Allemagne,Allemagne,3,0
22,27.17,32.32,15,paiement_pos,mobile,Belgique,Belgique,1,0
32,11.09,39.31,3,virement,web,Belgique,Belgique,1,0
112,9.61,14.51,0,virement,mobile,Espagne,Espagne,0,0
110,15.17,26.42,21,retrait_atm,pos,Espagne,Espagne,0,0
18,64.48,19.26,0,retrait_atm,web,France,France,0,1
127,166.88,85.12,11,paiement_pos,atm,France,France,0,0
97,94.26,118.81,9,paiement_pos,atm,Belgique,Belgique,0,0
22,64.33,32.32,20,achat_en_ligne,web,Belgique,Belgique,0,0
48,10.02,19.36,13,retrait_atm,mobile,Italie,Italie,0,0
116,36.71,23.73,14,achat_en_ligne,atm,Allemagne,Allemagne,0,0
151,16.4,11.54,21,achat_en_ligne,mobile,Italie,Italie,0,0
16,30.66,20.23,23,achat_en_ligne,mobile,Espagne,Espagne,0,0
48,8.19,19.36,8,achat_en_ligne,mobile,Italie,Italie,0,0
225,79.46,55.37,0,virement,atm,Espagne,Espagne,0,0
130,10.53,16.99,10,virement,mobile,Espagne,Espagne,0,0
17,111.81,54.77,14,retrait_atm,pos,Allemagne,Allemagne,0,0
176,24.39,51.96,9,virement,mobile,Allemagne,Allemagne,1,0
265,47.66,22.04,20,retrait_atm,pos,Italie,Italie,0,0
90,18.75,30.04,6,retrait_atm,web,Italie,Italie,2,0
7,192.06,32.06,20,paiement_pos,pos,France,France,0,0
188,13.19,15.96,16,achat_en_ligne,web,Belgique,Belgique,0,0
116,31.36,23.73,18,achat_en_ligne,atm,Allemagne,Allemagne,0,0
210,32.51,38.95,6,retrait_atm,mobile,Espagne,Espagne,0,0
248,51.69,35.98,12,retrait_atm,mobile,Allemagne,Allemagne,0,0
10,99.43,59.72,18,achat_en_ligne,web,France,France,0,0
218,169.93,80.55,5,achat_en_ligne,mobile,France,France,0,0
107,106.76,28.58,12,retrait_atm,atm,Espagne,Espagne,1,0
12,65.86,16.27,20,achat_en_ligne,atm,Italie,Italie,0,0
135,79.39,57.77,11,retrait_atm,pos,Espagne,Espagne,0,0
123,27.16,21.48,16,paiement_pos,web,Espagne,Espagne,1,0
246,92.21,43.63,14,paiement_pos,atm,France,France,1,0
121,20.21,34.19,17,paiement_pos,pos,Allemagne,Allemagne,0,0
10,123.43,59.72,1,retrait_atm,atm,France,France,1,0
184,91.22,48.55,21,achat_en_ligne,mobile,Espagne,Espagne,0,0
23,39.16,22.36,6,paiement_pos,mobile,France,France,0,0
146,10.13,7.1,14,paiement_pos,web,Italie,Italie,0,0
60,13.41,15.94,21,achat_en_ligne,atm,Espagne,Espagne,1,0
77,56.31,34.96,1,retrait_atm,pos,Belgique,Belgique,2,0
235,0.5,12.66,5,retrait_atm,atm,Allemagne,Allemagne,8,1
273,65.92,35.0,16,achat_en_ligne,mobile,France,France,1,0
30,17.45,36.45,13,retrait_atm,mobile,Allemagne,Allemagne,0,0
131,123.22,67.67,7,retrait_atm,mobile,Allemagne,Allemagne,1,0
100,330.29,99.7,21,virement,mobile,France,France,0,0
156,10.09,27.19,7,retrait_atm,atm,Espagne,Espagne,1,0
52,34.84,30.02,22,achat_en_ligne,pos,France,France,0,0
155,80.79,55.61,16,paiement_pos,web,Allemagne,Allemagne,1,0
209,58.16,38.12,17,paiement_pos,pos,Belgique,Belgique,0,0
217,28.92,30.72,21,retrait_atm,mobile,France,France,0,0
3,59.94,30.11,8,achat_en_ligne,atm,Espagne,Espagne,2,0
22,14.78,32.32,2,achat_en_ligne,pos,Belgique,Belgique,0,0
208,70.92,38.08,17,virement,pos,Italie,Italie,1,0
221,12.27,37.39,15,paiement_pos,pos,France,France,0,0
161,92.08,46.97,13,achat_en_ligne,web,Italie,Italie,0,0
85,32.37,40.02,15,achat_en_ligne,web,Espagne,Espagne,0,0
133,56.06,44.17,16,paiement_pos,mobile,France,France,1,0
215,85.82,60.33,19,retrait_atm,mobile,Espagne,Espagne,0,0
221,35.38,37.39,16,paiement_pos,pos,France,France,0,0
175,109.69,66.87,16,virement,mobile,Espagne,Espagne,0,0
157,56.9,31.92,10,virement,atm,France,France,0,0
93,10.27,19.57,11,achat_en_ligne,web,Italie,Italie,0,0
158,32.54,17.61,13,virement,atm,Allemagne,Allemagne,0,0
75,26.08,36.82,8,achat_en_ligne,web,Espagne,Espagne,0,0
140,23.12,34.17,16,virement,atm,Allemagne,Allemagne,1,0
61,17.38,19.55,14,virement,mobile,Italie,Italie,0,0
66,30.15,24.77,18,retrait_atm,pos,Belgique,Belgique,1,0
176,83.05,51.96,17,virement,mobile,Allemagne,Allemagne,0,0
294,142.45,40.33,9,achat_en_ligne,pos,Belgique,Belgique,1,0
192,47.48,47.72,2,achat_en_ligne,pos,Espagne,Espagne,1,0
259,42.15,30.86,13,virement,web,France,France,0,0
279,3.83,53.63,9,retrait_atm,pos,Roumanie,France,6,1
171,42.76,59.96,5,virement,atm,France,France,0,0
193,13.24,8.37,18,virement,web,Espagne,Espagne,0,0
11,7.35,24.54,18,achat_en_ligne,web,Allemagne,Allemagne,0,0
137,24.39,17.01,8,virement,atm,Espagne,Espagne,0,0
295,25.46,41.15,15,paiement_pos,pos,Allemagne,Allemagne,0,0
251,80.73,45.51,16,achat_en_ligne,pos,France,France,1,0
147,59.09,28.73,20,paiement_pos,mobile,France,France,0,0
100,131.71,99.7,8,retrait_atm,atm,France,France,0,0
133,220.88,44.17,7,achat_en_ligne,mobile,France,France,0,0
34,65.08,37.77,13,achat_en_ligne,atm,Allemagne,Allemagne,0,0
22,60.08,32.32,23,retrait_atm,pos,Belgique,Belgique,0,0
101,977.92,189.24,7,virement,mobile,Italie,Italie,1,0
11,96.99,24.54,8,retrait_atm,web,Allemagne,Allemagne,0,0
290,36.22,17.43,9,paiement_pos,atm,Allemagne,Allemagne,0,0
99,27.58,17.15,16,retrait_atm,mobile,Espagne,Espagne,0,0
115,2.55,38.07,3,retrait_atm,web,Roumanie,Allemagne,4,1
216,38.35,17.55,18,virement,mobile,Belgique,Belgique,0,0
223,66.28,33.34,8,retrait_atm,web,Espagne,Espagne,0,0
73,27.27,28.95,11,virement,web,Allemagne,Allemagne,0,0
106,7.48,18.32,19,paiement_pos,mobile,Espagne,Espagne,0,0
169,64.29,34.46,2,virement,atm,Belgique,Belgique,0,0
72,30.59,21.81,23,paiement_pos,atm,France,France,1,0
271,20.34,31.77,9,retrait_atm,atm,Belgique,Belgique,1,0
190,21.25,39.93,9,virement,atm,Belgique,Belgique,0,0
190,60.01,39.93,0,achat_en_ligne,atm,Belgique,Belgique,0,0
288,27.1,23.03,2,retrait_atm,web,Belgique,Allemagne,0,0
69,13.64,45.74,12,virement,mobile,Espagne,France,0,0
201,17.43,12.82,2,retrait_atm,mobile,Belgique,Belgique,1,0
247,2.37,50.46,4,paiement_pos,atm,Espagne,Espagne,3,1
194,27.86,39.75,18,paiement_pos,mobile,Belgique,Belgique,0,0
258,47.48,28.23,3,virement,pos,France,France,0,0
168,46.85,27.72,6,paiement_pos,pos,France,France,0,0
239,50.91,43.11,12,achat_en_ligne,pos,Belgique,Belgique,0,0
188,16.02,15.96,0,achat_en_ligne,web,Belgique,Belgique,0,0
157,51.92,31.92,16,achat_en_ligne,mobile,France,France,0,0
87,21.62,21.38,14,paiement_pos,atm,France,France,0,0
41,23.02,14.57,19,virement,pos,France,France,0,0
89,18.71,9.13,18,virement,atm,Espagne,Espagne,0,0
199,46.77,23.23,10,paiement_pos,atm,Belgique,Belgique,1,0
99,84.33,17.15,15,virement,mobile,Espagne,Espagne,0,0
60,8.33,15.94,21,retrait_atm,atm,Espagne,Espagne,0,0
17,22.44,54.77,9,virement,pos,Allemagne,Allemagne,0,0
165,190.19,94.29,23,virement,atm,Allemagne,Allemagne,0,0
36,342.02,64.31,5,retrait_atm,atm,Roumanie,France,0,1
6,18.73,24.73,12,retrait_atm,mobile,Italie,Italie,0,0
120,67.32,40.9,0,virement,web,France,France,0,0
33,110.24,72.5,9,retrait_atm,pos,France,France,0,0
97,205.34,118.81,9,paiement_pos,mobile,Belgique,Belgique,0,0
91,20.87,17.51,16,retrait_atm,web,Allemagne,Allemagne,1,0
168,59.55,27.72,19,paiement_pos,pos,France,France,0,0
137,6.36,17.01,12,paiement_pos,web,Espagne,Espagne,1,0
74,21.61,38.3,15,retrait_atm,web,France,France,1,0
256,41.43,26.15,0,paiement_pos,web,France,France,0,0
284,35.44,44.03,20,virement,pos,Allemagne,Allemagne,1,0
211,21.3,19.73,21,paiement_pos,atm,Belgique,Belgique,1,0
28,42.67,36.73,13,virement,web,Italie,Italie,3,0
170,14.81,21.79,8,paiement_pos,mobile,France,France,0,0
143,29.39,28.47,7,paiement_pos,pos,Belgique,Belgique,0,0
106,26.05,18.32,15,achat_en_ligne,mobile,Espagne,Espagne,0,0
42,171.89,89.17,11,paiement_pos,mobile,Espagne,Espagne,1,0
93,85.74,19.57,6,virement,atm,Italie,Italie,0,0
124,62.59,40.04,11,paiement_pos,atm,Allemagne,Allemagne,0,0
183,147.63,82.0,7,retrait_atm,atm,Allemagne,Allemagne,0,0
217,48.02,30.72,14,paiement_pos,mobile,France,France,0,0
66,106.92,24.77,5,virement,atm,Belgique,Belgique,0,1
122,9.87,33.12,20,virement,mobile,Espagne,Espagne,0,0
273,133.94,35.0,16,virement,atm,France,France,0,0
203,1.01,41.31,13,achat_en_ligne,pos,Russie,Allemagne,1,1
60,22.82,15.94,10,paiement_pos,atm,Espagne,Espagne,1,0
77,15.63,34.96,23,retrait_atm,mobile,Belgique,Belgique,0,0
125,118.94,31.24,19,achat_en_ligne,web,Italie,Italie,2,0
136,122.96,43.5,19,retrait_atm,mobile,Belgique,Belgique,0,0
166,41.3,43.09,13,retrait_atm,web,Italie,Italie,1,0
102,27.02,16.4,7,retrait_atm,pos,France,France,1,0
183,165.63,82.0,21,virement,web,Allemagne,Allemagne,0,0
125,33.65,31.24,8,paiement_pos,mobile,Italie,Italie,0,0
3,8.45,30.11,14,paiement_pos,mobile,Espagne,Espagne,0,0
151,24.71,11.54,16,paiement_pos,mobile,Italie,Italie,1,0
94,21.9,31.29,13,paiement_pos,web,Belgique,Belgique,1,0
226,95.45,54.88,13,virement,web,Belgique,Belgique,0,0
85,86.86,40.02,2,achat_en_ligne,mobile,Espagne,Espagne,3,0
144,78.33,36.29,14,virement,web,Allemagne,Allemagne,1,0
52,0.5,30.02,0,achat_en_ligne,web,Ukraine,France,1,1
123,45.77,21.48,3,paiement_pos,mobile,Espagne,Espagne,0,0
268,51.8,37.29,11,retrait_atm,web,Belgique,Belgique,1,0
4,27.28,17.79,22,achat_en_ligne,pos,Allemagne,Allemagne,0,0
252,34.74,21.7,7,paiement_pos,pos,Allemagne,Allemagne,0,0
13,21.17,18.56,0,paiement_pos,web,Espagne,Espagne,0,0
173,184.3,52.95,7,achat_en_ligne,web,Espagne,Espagne,0,0
23,85.24,22.36,10,virement,web,France,France,0,0
167,146.57,54.42,17,retrait_atm,mobile,Belgique,Belgique,0,0
144,36.34,36.29,16,paiement_pos,pos,France,Allemagne,1,0
46,140.72,79.59,16,achat_en_ligne,web,Italie,Italie,0,0
213,31.87,30.22,10,paiement_pos,pos,Espagne,Espagne,2,0
120,73.58,40.9,5,virement,pos,France,France,0,0
128,27.85,41.74,10,retrait_atm,pos,Espagne,Espagne,0,0
213,7.42,30.22,15,virement,web,Espagne,Espagne,0,0
31,59.19,30.84,14,paiement_pos,web,Allemagne,Allemagne,0,0
166,84.74,43.09,4,virement,mobile,Italie,Italie,0,0
129,20.44,20.95,20,retrait_atm,pos,Allemagne,Allemagne,0,0
183,30.46,82.0,11,virement,pos,Allemagne,Allemagne,0,0
294,44.77,40.33,12,virement,mobile,Belgique,Belgique,0,0
270,105.22,73.45,1,paiement_pos,pos,Allemagne,Allemagne,0,0
43,72.28,93.15,13,paiement_pos,pos,Italie,Espagne,0,0
291,7.52,22.36,19,paiement_pos,mobile,Italie,Italie,1,0
266,95.32,51.92,2,paiement_pos,mobile,Allemagne,Allemagne,0,0
88,32.48,22.37,10,paiement_pos,atm,Belgique,Belgique,0,0
73,87.12,28.95,0,achat_en_ligne,atm,Allemagne,Allemagne,1,1
118,26.85,60.8,11,paiement_pos,pos,France,France,0,0
272,10.14,74.6,17,achat_en_ligne,web,Ukraine,France,8,1
237,20.64,12.67,22,paiement_pos,mobile,Espagne,Espagne,1,0
221,59.75,37.39,5,paiement_pos,web,France,France,0,0
215,99.85,60.33,13,retrait_atm,pos,Espagne,Espagne,0,0
148,38.92,36.82,2,paiement_pos,web,Belgique,Belgique,0,0
112,31.43,14.51,0,retrait_atm,web,Espagne,Espagne,0,0
242,17.32,14.19,8,achat_en_ligne,web,Espagne,Allemagne,1,0
223,288.59,33.34,22,retrait_atm,pos,Espagne,Espagne,0,1
2,18.25,36.39,15,achat_en_ligne,atm,Espagne,Espagne,0,0
93,7.69,19.57,10,achat_en_ligne,pos,Italie,Italie,0,0
94,41.2,31.29,3,achat_en_ligne,web,Belgique,Belgique,1,0
2,105.98,36.39,13,virement,mobile,Espagne,Espagne,1,0
205,65.63,23.51,13,virement,atm,Allemagne,Allemagne,0,0
262,22.08,15.21,7,paiement_pos,atm,France,France,0,0
103,139.56,26.55,1,virement,pos,Italie,Italie,0,0
15,245.33,118.76,7,virement,mobile,Espagne,Espagne,1,0
267,13.88,27.91,17,paiement_pos,web,Allemagne,Allemagne,0,0
132,46.69,38.77,10,virement,pos,Allemagne,Allemagne,0,0
201,25.76,12.82,10,retrait_atm,atm,Belgique,Belgique,0,0
219,129.83,21.2,0,paiement_pos,web,Ukraine,Allemagne,3,1
81,37.13,19.85,1,paiement_pos,mobile,Italie,Italie,2,0
6,44.79,24.73,12,paiement_pos,web,Italie,Italie,0,0
26,65.21,15.87,2,paiement_pos,web,Ukraine,Espagne,0,1
299,105.85,62.82,5,paiement_pos,pos,Belgique,Belgique,0,0
125,45.44,31.24,7,virement,atm,Italie,Italie,0,0
286,9.98,11.04,10,retrait_atm,mobile,Italie,Italie,0,0
223,41.55,33.34,11,virement,atm,Espagne,Espagne,0,0
9,69.69,35.81,23,retrait_atm,pos,Belgique,Belgique,0,0
202,149.48,80.28,0,achat_en_ligne,mobile,Italie,Italie,0,0
275,41.17,23.18,6,paiement_pos,web,Allemagne,Allemagne,1,0
68,14.17,60.44,9,paiement_pos,mobile,Belgique,Belgique,0,0
107,34.59,28.58,1,virement,atm,Espagne,Espagne,0,0
246,22.92,43.63,23,paiement_pos,atm,France,France,0,0
274,29.77,20.04,5,paiement_pos,mobile,Espagne,Italie,0,0
135,27.54,57.77,10,retrait_atm,pos,Espagne,Espagne,1,0
298,6.12,13.65,9,retrait_atm,pos,Allemagne,Allemagne,0,0
290,38.09,17.43,21,achat_en_ligne,mobile,Allemagne,Allemagne,0,0
229,40.78,29.28,0,achat_en_ligne,atm,Allemagne,Allemagne,0,0
128,55.91,41.74,8,virement,atm,Espagne,Espagne,0,0
107,43.4,28.58,17,achat_en_ligne,pos,Espagne,Espagne,0,0
126,26.96,116.27,21,virement,mobile,Allemagne,Allemagne,0,0
256,27.2,26.15,7,achat_en_ligne,pos,France,France,1,0
196,69.02,42.45,18,virement,atm,France,France,0,0
274,29.56,20.04,15,paiement_pos,mobile,Italie,Italie,1,0
298,26.52,13.65,10,paiement_pos,pos,Allemagne,Allemagne,1,0
255,114.65,54.18,2,paiement_pos,atm,Espagne,Espagne,0,0
80,188.25,102.12,21,virement,atm,Espagne,Espagne,0,0
50,51.04,26.13,13,achat_en_ligne,atm,Espagne,Espagne,0,0
185,34.85,21.77,8,retrait_atm,pos,Allemagne,Allemagne,0,0
243,11.35,8.28,8,retrait_atm,pos,France,France,2,0
86,60.38,68.27,19,achat_en_ligne,mobile,Espagne,Espagne,0,0
76,3.58,17.28,14,virement,pos,Allemagne,Allemagne,0,0
75,25.35,36.82,13,retrait_atm,mobile,Espagne,Espagne,0,0
139,27.65,38.79,16,paiement_pos,pos,Belgique,Belgique,0,0
146,2.81,7.1,2,paiement_pos,mobile,Italie,Italie,0,0
185,19.8,21.77,7,achat_en_ligne,atm,Allemagne,Allemagne,1,0
222,4.68,54.96,13,virement,pos,Allemagne,Allemagne,4,1
152,47.83,40.32,17,retrait_atm,atm,Belgique,Belgique,0,0
109,10.12,42.99,8,paiement_pos,atm,Italie,Allemagne,1,0
10,79.78,59.72,23,paiement_pos,web,France,France,1,0
153,166.58,93.36,4,virement,atm,Italie,Italie,0,0
192,99.01,47.72,18,virement,mobile,Espagne,Espagne,0,0
204,82.59,55.03,23,paiement_pos,mobile,Espagne,Espagne,0,0
198,10.64,9.6,2,virement,atm,France,France,0,0
45,55.16,26.31,3,virement,pos,France,France,1,0
39,79.92,36.96,19,achat_en_ligne,pos,Belgique,Belgique,1,0
39,15.79,36.96,16,paiement_pos,pos,Belgique,Belgique,0,0
125,23.1,31.24,7,virement,web,Italie,Italie,0,0
145,419.61,80.07,2,virement,pos,Ukraine,Italie,0,1
210,60.19,38.95,17,achat_en_ligne,mobile,Espagne,Espagne,0,0
67,59.4,27.2,16,virement,web,Italie,Italie,0,0
192,87.55,47.72,12,virement,atm,Espagne,Espagne,1,0
38,482.07,83.22,19,paiement_pos,web,Italie,Italie,0,0
244,13.53,34.21,7,paiement_pos,atm,Espagne,Espagne,0,0
260,183.86,54.47,12,paiement_pos,atm,Allemagne,Allemagne,0,0
96,11.49,13.73,1,achat_en_ligne,mobile,Allemagne,Belgique,1,0
77,75.84,34.96,14,retrait_atm,mobile,Belgique,Belgique,1,0
24,13.71,43.28,10,virement,atm,Italie,Italie,1,0
26,27.28,15.87,8,achat_en_ligne,atm,Espagne,Espagne,0,0
55,52.47,34.97,18,retrait_atm,pos,Allemagne,Allemagne,1,0
203,28.05,41.31,8,retrait_atm,mobile,Allemagne,Allemagne,0,0
254,50.27,37.27,16,retrait_atm,pos,Belgique,Belgique,0,0
216,23.56,17.55,0,retrait_atm,mobile,Allemagne,Belgique,0,0
226,108.59,54.88,6,virement,atm,Belgique,Belgique,2,0
158,37.55,17.61,10,virement,web,Allemagne,Allemagne,1,1
244,55.75,34.21,11,retrait_atm,web,Espagne,Espagne,1,0
20,15.87,41.72,18,retrait_atm,web,Allemagne,Allemagne,0,0
56,21.63,48.73,13,virement,pos,France,France,1,0
197,146.05,87.33,19,paiement_pos,atm,Belgique,Belgique,1,0
115,16.12,38.07,9,paiement_pos,atm,Allemagne,Allemagne,0,0
296,29.38,73.14,15,paiement_pos,pos,Allemagne,Allemagne,0,0
142,17.41,31.12,18,achat_en_ligne,web,Belgique,Belgique,0,0
197,143.55,87.33,10,paiement_pos,atm,Belgique,Belgique,0,0
261,14.59,10.02,22,achat_en_ligne,web,Espagne,Espagne,1,0
233,65.84,35.33,17,virement,web,France,France,1,0
259,39.07,30.86,11,retrait_atm,pos,France,France,0,0
61,58.87,19.55,18,retrait_atm,mobile,Italie,Italie,2,0
1,36.94,62.78,13,retrait_atm,atm,France,France,0,0
51,47.07,33.01,23,achat_en_ligne,mobile,Espagne,Espagne,0,0
28,58.36,36.73,8,achat_en_ligne,mobile,Italie,Italie,0,0
123,25.65,21.48,1,virement,pos,Espagne,Espagne,2,0
214,88.81,41.68,10,retrait_atm,pos,Allemagne,Allemagne,0,0
19,76.66,57.91,3,retrait_atm,atm,Italie,Italie,1,0
144,56.46,36.29,9,paiement_pos,pos,Allemagne,Allemagne,0,0
126,70.1,116.27,7,paiement_pos,mobile,Allemagne,Allemagne,2,0
160,0.83,72.24,0,paiement_pos,pos,Roumanie,Espagne,3,1
11,29.15,24.54,7,virement,web,Allemagne,Allemagne,1,0
88,5.55,22.37,5,virement,mobile,Belgique,Belgique,0,0
79,310.26,149.98,2,paiement_pos,atm,Allemagne,Allemagne,0,0
252,19.76,21.7,16,virement,mobile,Allemagne,Allemagne,0,0
291,28.86,22.36,10,virement,mobile,Italie,Italie,0,0
96,29.11,13.73,14,achat_en_ligne,mobile,Belgique,Belgique,0,0
181,21.76,16.39,22,retrait_atm,pos,Italie,Italie,0,0
137,3.7,17.01,3,retrait_atm,atm,Allemagne,Espagne,0,0
2,46.58,36.39,22,paiement_pos,atm,Espagne,Espagne,0,0
245,32.48,24.95,3,paiement_pos,mobile,Espagne,Espagne,0,0
281,27.48,14.45,23,paiement_pos,pos,Belgique,Belgique,0,0
224,97.35,73.51,21,retrait_atm,web,Belgique,Belgique,0,0
9,113.16,35.81,18,retrait_atm,atm,Belgique,Belgique,0,0
80,217.05,102.12,6,retrait_atm,web,Espagne,Espagne,0,0
261,12.67,10.02,20,retrait_atm,pos,Espagne,Espagne,0,0
234,87.65,72.66,20,achat_en_ligne,web,Espagne,Espagne,0,0
3,57.99,30.11,8,achat_en_ligne,web,Espagne,Espagne,0,0
124,33.41,40.04,10,achat_en_ligne,atm,Allemagne,Allemagne,0,0
150,36.55,26.49,14,paiement_pos,web,France,France,2,0
289,36.25,24.04,12,achat_en_ligne,mobile,Allemagne,Allemagne,2,0
95,2.62,11.53,10,paiement_pos,web,Italie,Italie,0,0
239,68.19,43.11,2,retrait_atm,web,Belgique,Belgique,0,0
60,88.41,15.94,0,paiement_pos,web,Espagne,Espagne,0,0
117,66.12,43.94,19,virement,mobile,France,France,3,0
219,16.5,21.2,7,virement,web,Allemagne,Allemagne,0,0
286,6.07,11.04,18,paiement_pos,atm,Italie,Italie,0,0
238,13.95,20.56,10,paiement_pos,pos,Allemagne,Allemagne,1,0
128,75.71,41.74,0,virement,atm,Espagne,Espagne,0,0
169,25.65,34.46,17,retrait_atm,web,Belgique,Belgique,0,0
50,15.76,26.13,2,virement,web,Espagne,Espagne,0,0
240,33.06,45.35,10,paiement_pos,mobile,Espagne,Espagne,0,0
122,47.36,33.12,10,paiement_pos,pos,Espagne,Espagne,1,0
280,164.75,92.99,8,virement,pos,France,France,0,0
164,295.61,43.1,2,paiement_pos,web,Russie,Allemagne,0,1
182,30.01,24.26,14,virement,mobile,France,France,0,0
151,18.34,11.54,12,retrait_atm,atm,Italie,Italie,0,0
140,22.2,34.17,21,paiement_pos,mobile,Allemagne,Allemagne,0,0
37,81.67,42.83,17,achat_en_ligne,pos,Italie,Italie,1,0
217,11.8,30.72,23,virement,mobile,France,France,0,0
170,32.32,21.79,14,virement,atm,France,France,1,0
47,71.0,17.04,16,paiement_pos,atm,Allemagne,Allemagne,1,0
283,35.0,17.74,18,achat_en_ligne,web,Espagne,Espagne,0,0
76,21.56,17.28,22,virement,web,Allemagne,Allemagne,1,0
232,13.92,25.16,17,achat_en_ligne,mobile,Italie,Italie,0,0
231,21.95,86.71,21,paiement_pos,web,Allemagne,Allemagne,1,0
64,30.56,14.94,22,achat_en_ligne,web,Italie,Italie,0,0
54,81.69,77.05,11,retrait_atm,web,Allemagne,Allemagne,0,0
166,55.59,43.09,10,achat_en_ligne,web,Italie,Italie,2,0
211,21.72,19.73,18,retrait_atm,mobile,Espagne,Belgique,2,0
75,78.09,36.82,22,achat_en_ligne,atm,Espagne,Espagne,0,0
1,117.83,62.78,13,virement,mobile,France,France,0,0
92,24.13,24.1,7,retrait_atm,mobile,Italie,Italie,0,0
280,25.6,92.99,5,virement,web,France,France,0,0
67,37.15,27.2,13,retrait_atm,atm,Italie,Italie,1,0
83,6.9,13.76,14,virement,web,France,France,1,0
246,39.18,43.63,6,virement,atm,France,France,1,0
183,126.44,82.0,10,retrait_atm,mobile,Allemagne,Allemagne,0,0
27,5.17,15.38,8,achat_en_ligne,web,Allemagne,Allemagne,0,0
239,50.84,43.11,17,paiement_pos,pos,Belgique,Belgique,0,0
115,33.88,38.07,22,achat_en_ligne,mobile,Allemagne,Allemagne,0,0
202,174.79,80.28,6,paiement_pos,atm,Italie,Italie,0,0
88,20.21,22.37,23,paiement_pos,mobile,Belgique,Belgique,0,0
39,76.39,36.96,12,achat_en_ligne,web,Belgique,Belgique,1,0
65,61.15,33.73,11,retrait_atm,web,Allemagne,Allemagne,1,0
175,6.54,66.87,3,retrait_atm,web,Espagne,Espagne,5,1
170,25.22,21.79,22,achat_en_ligne,atm,France,France,0,0
233,74.87,35.33,20,retrait_atm,pos,France,France,2,0
188,26.52,15.96,0,achat_en_ligne,mobile,Belgique,Belgique,0,0
300,42.99,27.14,18,achat_en_ligne,mobile,France,France,1,0
39,190.16,36.96,1,retrait_atm,pos,Belgique,Belgique,0,0
234,65.96,72.66,8,paiement_pos,web,Espagne,Espagne,0,0
196,179.1,42.45,13,retrait_atm,web,France,France,1,0
214,35.98,41.68,17,virement,mobile,Allemagne,Allemagne,0,0
63,34.55,57.37,10,retrait_atm,mobile,Belgique,Belgique,0,0
157,177.95,31.92,22,paiement_pos,web,France,France,0,0
275,17.98,23.18,8,retrait_atm,mobile,Allemagne,Allemagne,1,0
83,16.91,13.76,17,paiement_pos,atm,France,France,1,0
125,9.97,31.24,5,paiement_pos,web,Italie,Italie,2,0
281,13.64,14.45,23,virement,pos,Belgique,Belgique,0,0
142,42.83,31.12,23,paiement_pos,pos,Belgique,Belgique,1,0
161,58.84,46.97,12,retrait_atm,web,Italie,Italie,0,0
86,106.19,68.27,23,retrait_atm,atm,Espagne,Espagne,1,0
162,362.22,93.63,21,virement,pos,Espagne,Espagne,0,0
63,243.76,57.37,8,virement,pos,Belgique,Belgique,1,0
65,2.16,33.73,2,virement,pos,Russie,Allemagne,3,1
82,48.51,27.87,20,paiement_pos,mobile,Allemagne,Allemagne,1,0
291,5.12,22.36,14,virement,atm,Italie,Italie,1,0
287,40.47,57.8,8,paiement_pos,web,France,France,0,0
104,86.95,40.65,6,virement,mobile,France,France,0,0
226,1.72,54.88,8,virement,web,Nigeria,Belgique,1,1
202,151.0,80.28,11,achat_en_ligne,mobile,Italie,Italie,0,0
271,23.57,31.77,10,paiement_pos,pos,Belgique,Belgique,0,0
267,46.67,27.91,10,achat_en_ligne,pos,Allemagne,Allemagne,0,0
92,21.78,24.1,10,virement,pos,Italie,Italie,0,0
122,55.6,33.12,15,retrait_atm,mobile,Espagne,Espagne,0,0
229,63.48,29.28,7,retrait_atm,mobile,Allemagne,Allemagne,0,0
82,42.57,27.87,9,retrait_atm,web,Allemagne,Allemagne,0,0
32,8.21,39.31,13,achat_en_ligne,pos,Belgique,Belgique,0,0
31,9.63,30.84,19,paiement_pos,mobile,Allemagne,Allemagne,0,0
171,32.4,59.96,23,paiement_pos,pos,France,France,1,0
5,2.68,12.12,13,achat_en_ligne,mobile,Belgique,Allemagne,1,0
242,13.97,14.19,13,paiement_pos,mobile,Allemagne,Allemagne,0,0
194,56.91,39.75,4,achat_en_ligne,atm,Italie,Belgique,0,0
79,196.73,149.98,5,virement,atm,Allemagne,Allemagne,0,0
296,116.51,73.14,9,virement,atm,Allemagne,Allemagne,0,0
164,54.93,43.1,19,virement,mobile,Allemagne,Allemagne,1,0
134,24.66,11.63,13,achat_en_ligne,atm,Allemagne,Allemagne,1,0
32,81.47,39.31,19,retrait_atm,pos,Belgique,Belgique,0,0
209,109.38,38.12,17,paiement_pos,pos,Belgique,Belgique,0,0
78,26.9,37.98,20,paiement_pos,atm,Belgique,Belgique,0,0
139,51.09,38.79,18,achat_en_ligne,atm,Belgique,Belgique,0,0
65,24.46,33.73,22,achat_en_ligne,mobile,Allemagne,Allemagne,0,0
192,56.15,47.72,14,virement,mobile,Espagne,Espagne,0,0
134,9.87,11.63,10,retrait_atm,atm,Allemagne,Allemagne,0,0
163,54.4,67.12,1,retrait_atm,pos,Allemagne,Allemagne,4,0
222,91.06,54.96,15,paiement_pos,mobile,Allemagne,Allemagne,1,0
16,32.1,20.23,8,virement,web,Espagne,Espagne,0,0
282,25.61,41.92,12,paiement_pos,atm,Allemagne,Allemagne,0,0
174,21.13,29.54,20,paiement_pos,mobile,Espagne,Espagne,0,0
124,55.17,40.04,23,achat_en_ligne,atm,Allemagne,Allemagne,0,0
249,46.23,52.25,19,retrait_atm,web,Espagne,Espagne,0,0
200,65.85,47.21,5,achat_en_ligne,web,Italie,Italie,0,0
26,4.19,15.87,18,paiement_pos,atm,Espagne,Espagne,0,0
62,25.66,27.1,14,paiement_pos,pos,Espagne,Espagne,1,0
133,66.97,44.17,1,retrait_atm,web,France,France,0,0
193,8.85,8.37,13,achat_en_ligne,web,Espagne,Espagne,0,0
227,22.93,46.18,22,achat_en_ligne,pos,Italie,Italie,0,0
52,35.14,30.02,14,achat_en_ligne,atm,France,France,0,0
261,2.07,10.02,23,achat_en_ligne,mobile,Espagne,Espagne,0,0
35,44.12,25.88,15,virement,pos,Italie,Italie,0,0
228,534.34,133.83,13,achat_en_ligne,mobile,Allemagne,Allemagne,1,0
290,6.54,17.43,3,paiement_pos,mobile,Allemagne,Allemagne,1,0
31,67.02,30.84,19,retrait_atm,web,Allemagne,Allemagne,0,0
189,13.85,22.14,21,virement,atm,Belgique,Belgique,1,0
30,198.78,36.45,9,achat_en_ligne,mobile,Italie,Allemagne,1,0
131,68.72,67.67,19,achat_en_ligne,pos,Allemagne,Allemagne,1,0
197,186.24,87.33,12,virement,mobile,Belgique,Belgique,0,0
71,36.91,30.18,9,retrait_atm,pos,Espagne,Espagne,1,0
131,49.45,67.67,13,achat_en_ligne,web,Allemagne,Allemagne,0,0
109,59.15,42.99,10,paiement_pos,atm,Allemagne,Allemagne,0,0
191,141.69,66.23,20,virement,web,Espagne,Espagne,0,0
231,44.94,86.71,4,achat_en_ligne,pos,Allemagne,Allemagne,0,0
128,18.45,41.74,17,retrait_atm,web,Espagne,Espagne,1,0
161,62.16,46.97,22,virement,web,Italie,Italie,1,0
99,62.71,17.15,3,paiement_pos,mobile,Espagne,Espagne,0,0
161,76.02,46.97,8,virement,web,Italie,Italie,0,0
288,49.99,23.03,10,virement,web,Allemagne,Allemagne,0,0
94,42.44,31.29,2,achat_en_ligne,mobile,Belgique,Belgique,1,0
56,67.7,48.73,11,achat_en_ligne,atm,France,France,0,0
54,57.38,77.05,6,achat_en_ligne,mobile,Allemagne,Allemagne,0,0
106,19.73,18.32,6,paiement_pos,pos,Espagne,Espagne,0,0
18,53.77,19.26,1,virement,atm,France,France,0,0
220,28.99,20.22,13,virement,pos,Italie,Italie,0,0
226,201.79,54.88,4,retrait_atm,pos,Roumanie,Belgique,3,1
6,42.97,24.73,16,paiement_pos,web,Italie,Italie,0,0
88,111.75,22.37,18,virement,mobile,Belgique,Belgique,0,0
194,85.88,39.75,7,paiement_pos,atm,Belgique,Belgique,0,0
106,22.22,18.32,11,achat_en_ligne,pos,Espagne,Espagne,0,0
49,187.88,48.72,8,retrait_atm,web,Espagne,Espagne,0,0
88,14.25,22.37,13,paiement_pos,mobile,Belgique,Belgique,0,0
146,39.72,7.1,0,paiement_pos,pos,Italie,Italie,1,1
178,2.36,51.34,20,achat_en_ligne,pos,France,France,2,1
16,37.63,20.23,13,retrait_atm,web,Espagne,Espagne,1,0
81,40.01,19.85,21,paiement_pos,web,Italie,Italie,0,0
160,88.11,72.24,14,retrait_atm,mobile,Espagne,Espagne,0,0
254,53.96,37.27,18,virement,mobile,Belgique,Belgique,1,0
212,19.87,30.31,8,paiement_pos,atm,Espagne,Espagne,0,0
106,27.54,18.32,6,retrait_atm,pos,Espagne,Espagne,0,0
177,171.69,98.73,6,paiement_pos,pos,Espagne,Espagne,2,0
151,2.89,11.54,7,retrait_atm,mobile,Italie,Italie,0,0
225,82.32,55.37,2,paiement_pos,atm,Espagne,Espagne,0,0
239,26.22,43.11,3,retrait_atm,atm,Belgique,Belgique,0,0
226,108.3,54.88,18,achat_en_ligne,pos,Belgique,Belgique,0,0
171,93.63,59.96,17,achat_en_ligne,mobile,France,France,0,0
147,47.02,28.73,12,achat_en_ligne,web,France,France,0,0
198,20.55,9.6,12,retrait_atm,atm,France,France,0,0
42,59.61,89.17,3,retrait_atm,atm,Espagne,Espagne,0,0
71,7.84,30.18,12,virement,mobile,Espagne,Espagne,0,0
1,82.26,62.78,15,paiement_pos,mobile,France,France,0,0
289,37.79,24.04,10,achat_en_ligne,web,Allemagne,Allemagne,0,0
167,115.09,54.42,23,paiement_pos,atm,Belgique,Belgique,0,0
70,80.24,73.88,3,retrait_atm,web,Espagne,Allemagne,0,0
205,38.9,23.51,2,paiement_pos,pos,Allemagne,Allemagne,0,0
260,29.71,54.47,14,paiement_pos,mobile,Allemagne,Allemagne,0,0
193,18.25,8.37,7,virement,web,Espagne,Espagne,1,0
88,37.27,22.37,6,achat_en_ligne,pos,Belgique,Belgique,1,0
221,24.63,37.39,7,retrait_atm,web,France,France,0,0
296,52.43,73.14,15,retrait_atm,pos,Allemagne,Allemagne,1,0
88,17.52,22.37,8,virement,pos,Belgique,Belgique,0,0
287,91.81,57.8,9,paiement_pos,mobile,France,France,0,0
56,36.35,48.73,9,virement,pos,France,France,0,0
51,106.6,33.01,16,virement,atm,Espagne,Espagne,1,0
136,32.78,43.5,22,achat_en_ligne,mobile,Belgique,Belgique,0,0
78,49.56,37.98,4,paiement_pos,pos,Belgique,Belgique,1,0
290,3.97,17.43,12,paiement_pos,web,Allemagne,Allemagne,0,0
91,11.02,17.51,14,paiement_pos,mobile,Allemagne,Allemagne,0,0
291,48.46,22.36,17,achat_en_ligne,atm,Italie,Italie,0,0
22,60.63,32.32,4,paiement_pos,atm,Belgique,Belgique,0,0
126,240.25,116.27,13,virement,web,Allemagne,Allemagne,0,0
72,33.62,21.81,13,virement,pos,France,France,0,0
67,19.48,27.2,18,achat_en_ligne,mobile,Italie,Italie,1,0
294,74.87,40.33,10,virement,mobile,Belgique,Belgique,0,0
276,6.94,13.62,20,achat_en_ligne,atm,Allemagne,Allemagne,3,0
94,32.71,31.29,11,achat_en_ligne,pos,Belgique,Belgique,0,0
71,58.82,30.18,16,retrait_atm,mobile,Espagne,Espagne,1,0
272,159.79,74.6,7,retrait_atm,pos,France,France,0,0
93,23.43,19.57,13,virement,mobile,Italie,Italie,0,0
118,131.8,60.8,12,paiement_pos,web,Allemagne,France,0,0
59,26.55,19.97,22,paiement_pos,mobile,Espagne,Espagne,0,0
148,57.09,36.82,7,virement,mobile,Belgique,Belgique,2,0
6,15.01,24.73,14,achat_en_ligne,pos,Italie,Italie,1,0
70,87.76,73.88,16,paiement_pos,atm,Allemagne,Allemagne,1,0
136,60.95,43.5,16,achat_en_ligne,atm,Belgique,Belgique,1,0
7,53.05,32.06,15,retrait_atm,web,France,France,0,0
156,57.47,27.19,13,achat_en_ligne,web,Espagne,Espagne,0,0
2,307.79,36.39,14,paiement_pos,atm,Roumanie,Espagne,1,1
36,101.47,64.31,16,achat_en_ligne,web,France,France,0,0
174,35.03,29.54,3,virement,mobile,Espagne,Espagne,0,0
88,44.79,22.37,11,paiement_pos,mobile,Belgique,Belgique,0,0
233,46.34,35.33,10,achat_en_ligne,pos,France,France,0,0
119,4.79,36.35,4,virement,atm,Nigeria,Belgique,4,1
293,7.64,29.56,15,paiement_pos,web,Italie,Italie,0,0
55,64.01,34.97,15,retrait_atm,web,Allemagne,Allemagne,0,0
130,3.52,16.99,6,retrait_atm,atm,Espagne,Espagne,0,0
67,15.17,27.2,17,paiement_pos,pos,Italie,Italie,1,0
273,72.48,35.0,0,paiement_pos,mobile,France,France,0,0
230,8.33,9.95,23,retrait_atm,atm,France,France,0,0
86,76.66,68.27,16,paiement_pos,web,Espagne,Espagne,1,0
84,30.33,23.23,23,achat_en_ligne,mobile,Italie,Italie,0,0
25,21.46,25.2,13,retrait_atm,atm,Espagne,Espagne,0,0
269,66.26,63.66,7,achat_en_ligne,mobile,Espagne,Espagne,0,0
200,102.51,47.21,22,paiement_pos,atm,Italie,Italie,0,0
85,85.42,40.02,10,paiement_pos,mobile,Espagne,Espagne,1,0
54,24.33,77.05,2,paiement_pos,pos,Allemagne,Allemagne,0,0
20,112.13,41.72,8,virement,atm,Allemagne,Allemagne,0,0
40,28.64,15.88,17,virement,mobile,Espagne,Espagne,3,0
159,49.8,27.09,14,achat_en_ligne,mobile,Allemagne,Allemagne,1,0
29,23.2,85.41,6,achat_en_ligne,atm,Allemagne,Allemagne,1,0
36,44.6,64.31,17,retrait_atm,web,France,France,0,0
291,41.32,22.36,14,retrait_atm,atm,Italie,Italie,0,0
231,59.41,86.71,15,retrait_atm,atm,Allemagne,Allemagne,1,0
293,62.77,29.56,23,paiement_pos,atm,Italie,Italie,0,0
124,12.44,40.04,15,virement,atm,Allemagne,Allemagne,2,0
23,36.49,22.36,21,paiement_pos,web,France,France,0,0
203,21.38,41.31,17,paiement_pos,pos,Allemagne,Allemagne,0,0
192,94.52,47.72,23,virement,atm,Espagne,Espagne,0,0
67,56.38,27.2,13,retrait_atm,mobile,Italie,Italie,0,0
229,61.63,29.28,8,retrait_atm,atm,Allemagne,Allemagne,0,0
122,69.66,33.12,6,retrait_atm,atm,Espagne,Espagne,0,0
58,48.45,32.16,16,achat_en_ligne,pos,France,France,0,0
230,6.96,9.95,2,virement,mobile,France,France,0,0
144,51.16,36.29,7,paiement_pos,atm,Allemagne,Allemagne,0,0
75,51.47,36.82,11,achat_en_ligne,web,Espagne,Espagne,0,0
243,16.37,8.28,9,achat_en_ligne,web,France,France,1,0
175,48.23,66.87,3,retrait_atm,web,Espagne,Espagne,0,0
52,177.36,30.02,4,achat_en_ligne,pos,France,France,0,0
28,197.84,36.73,14,paiement_pos,atm,Italie,Italie,0,0
198,17.41,9.6,17,retrait_atm,pos,France,France,0,0
175,173.07,66.87,11,paiement_pos,atm,Ukraine,Espagne,2,1
8,47.99,95.66,8,achat_en_ligne,mobile,Espagne,Espagne,1,0
239,51.86,43.11,20,virement,atm,Belgique,Belgique,0,0
62,13.21,27.1,4,retrait_atm,pos,Espagne,Espagne,0,0
208,80.79,38.08,4,achat_en_ligne,atm,Italie,Italie,0,0
252,20.29,21.7,16,achat_en_ligne,pos,Allemagne,Allemagne,0,0
2,33.19,36.39,14,virement,web,Espagne,Espagne,0,0
161,50.39,46.97,22,virement,pos,Italie,Italie,0,0
8,137.76,95.66,13,virement,mobile,Espagne,Espagne,1,0
98,26.37,15.3,9,retrait_atm,mobile,Espagne,Espagne,0,0
23,30.8,22.36,10,virement,mobile,France,France,0,0
3,39.54,30.11,21,virement,mobile,Espagne,Espagne,1,0
274,103.69,20.04,20,paiement_pos,pos,Italie,Italie,2,0
148,29.71,36.82,20,retrait_atm,mobile,Belgique,Belgique,0,0
178,51.24,51.34,19,retrait_atm,atm,France,France,0,0
172,18.63,16.33,10,paiement_pos,mobile,France,France,0,0
254,39.8,37.27,18,retrait_atm,atm,Belgique,Belgique,0,0
23,37.54,22.36,10,paiement_pos,atm,France,France,0,0
285,32.2,30.61,21,paiement_pos,mobile,Allemagne,Allemagne,0,0
269,122.36,63.66,11,retrait_atm,mobile,Espagne,Espagne,1,0
40,6.89,15.88,17,retrait_atm,atm,Espagne,Espagne,3,0
187,34.44,33.77,19,paiement_pos,atm,France,France,1,0
6,8.91,24.73,14,achat_en_ligne,pos,Italie,Italie,0,0
90,47.62,30.04,10,retrait_atm,atm,Italie,Italie,0,0
140,47.2,34.17,16,paiement_pos,pos,Allemagne,Allemagne,0,0
119,56.7,36.35,20,virement,atm,Belgique,Belgique,0,0
276,9.12,13.62,18,virement,web,Allemagne,Allemagne,1,0
220,34.9,20.22,22,virement,pos,Italie,Italie,1,0
13,34.48,18.56,2,virement,mobile,Espagne,Espagne,0,0
142,31.52,31.12,17,achat_en_ligne,web,Belgique,Belgique,1,0
197,44.48,87.33,13,achat_en_ligne,atm,Belgique,Belgique,1,0
44,9.18,29.73,6,virement,mobile,Belgique,Belgique,0,0
41,38.21,14.57,23,achat_en_ligne,mobile,France,France,0,1
106,19.23,18.32,13,achat_en_ligne,web,Espagne,Espagne,0,0
105,1025.47,93.43,5,retrait_atm,atm,Espagne,Espagne,0,1
257,98.64,45.27,17,achat_en_ligne,pos,Belgique,Espagne,1,0
132,38.37,38.77,1,paiement_pos,atm,Allemagne,Allemagne,0,0
69,69.15,45.74,20,paiement_pos,web,France,France,1,0
237,2.58,12.67,7,achat_en_ligne,mobile,Espagne,Espagne,0,0
282,20.84,41.92,19,achat_en_ligne,atm,Allemagne,Allemagne,0,0
16,37.41,20.23,0,virement,web,Espagne,Espagne,0,0
292,80.78,42.81,12,paiement_pos,web,Belgique,Belgique,0,0
124,8.93,40.04,21,virement,atm,Allemagne,Allemagne,0,0
132,29.97,38.77,13,virement,pos,Allemagne,Allemagne,0,0
248,53.78,35.98,8,virement,web,Allemagne,Allemagne,0,0
287,69.59,57.8,10,paiement_pos,pos,France,France,0,0
216,14.81,17.55,15,achat_en_ligne,mobile,Belgique,Belgique,0,0
26,15.78,15.87,10,retrait_atm,atm,Espagne,Espagne,0,0
148,17.04,36.82,17,achat_en_ligne,pos,Belgique,Belgique,0,0
125,35.6,31.24,8,achat_en_ligne,atm,Italie,Italie,0,0
48,14.35,19.36,22,virement,pos,Italie,Italie,0,0
112,22.49,14.51,3,virement,atm,Espagne,Espagne,1,0
95,0.5,11.53,3,retrait_atm,web,Russie,Italie,6,1
22,55.18,32.32,6,paiement_pos,pos,Belgique,Belgique,1,0
144,63.95,36.29,18,paiement_pos,mobile,Allemagne,Allemagne,0,0
16,42.11,20.23,15,retrait_atm,pos,Espagne,Espagne,0,0
242,44.27,14.19,2,retrait_atm,pos,Allemagne,Allemagne,0,0
233,28.05,35.33,10,paiement_pos,mobile,France,France,0,0
179,5.59,12.89,19,virement,mobile,Italie,Italie,0,0
163,21.35,67.12,14,retrait_atm,mobile,Allemagne,Allemagne,0,0
282,29.32,41.92,13,paiement_pos,atm,Allemagne,Allemagne,1,0
151,2.74,11.54,4,achat_en_ligne,atm,Italie,Italie,3,0
231,109.73,86.71,23,retrait_atm,mobile,Allemagne,Allemagne,1,0
183,53.16,82.0,12,paiement_pos,mobile,Allemagne,Allemagne,0,0
71,64.76,30.18,23,paiement_pos,pos,Espagne,Espagne,1,0
187,41.24,33.77,20,virement,atm,France,France,0,0
294,87.36,40.33,18,retrait_atm,web,Belgique,Belgique,0,0
34,79.38,37.77,17,retrait_atm,pos,Allemagne,Allemagne,0,0
260,65.23,54.47,14,achat_en_ligne,atm,Allemagne,Allemagne,1,0
236,33.03,15.63,12,virement,web,Espagne,Espagne,0,0
187,122.72,33.77,7,achat_en_ligne,pos,France,France,0,0
12,17.29,16.27,13,paiement_pos,atm,Italie,Italie,0,0
108,36.49,52.79,7,virement,mobile,Espagne,Espagne,0,0
14,27.94,21.43,12,paiement_pos,pos,Espagne,Espagne,0,0
278,76.31,26.71,11,retrait_atm,web,Espagne,Espagne,0,0
32,80.02,39.31,3,virement,atm,Belgique,Belgique,0,0
14,16.65,21.43,20,virement,pos,Espagne,Espagne,0,0
240,80.88,45.35,12,paiement_pos,mobile,Espagne,Espagne,0,0
258,59.43,28.23,23,virement,web,France,France,0,0
82,16.71,27.87,6,achat_en_ligne,atm,Allemagne,Allemagne,0,0
202,44.27,80.28,12,virement,web,Italie,Italie,0,0
125,2.82,31.24,4,retrait_atm,mobile,Belgique,Italie,2,1
164,71.24,43.1,21,retrait_atm,pos,Allemagne,Allemagne,0,0
51,47.85,33.01,12,virement,mobile,Espagne,Espagne,1,0
72,35.08,21.81,14,paiement_pos,mobile,France,France,0,0
20,48.94,41.72,6,virement,web,Allemagne,Allemagne,0,0
103,40.74,26.55,14,achat_en_ligne,atm,Italie,Italie,0,0
135,48.08,57.77,15,retrait_atm,pos,Espagne,Espagne,0,0
234,45.76,72.66,7,virement,atm,Espagne,Espagne,1,0
238,25.6,20.56,8,paiement_pos,atm,Allemagne,Allemagne,0,0
44,11.97,29.73,16,paiement_pos,pos,Belgique,Belgique,0,0
181,81.66,16.39,17,virement,atm,Italie,Italie,0,0
217,56.56,30.72,12,virement,atm,France,France,0,0
262,11.05,15.21,8,retrait_atm,atm,France,France,0,0
37,12.2,42.83,16,virement,mobile,Italie,Italie,0,0
240,3.84,45.35,2,paiement_pos,mobile,Ukraine,Espagne,1,1
240,76.64,45.35,23,achat_en_ligne,web,Espagne,Espagne,0,0
283,5.27,17.74,22,paiement_pos,pos,Espagne,Espagne,0,0
210,40.0,38.95,23,virement,atm,Espagne,Espagne,0,0
38,149.53,83.22,8,paiement_pos,web,Italie,Italie,0,0
120,87.29,40.9,15,achat_en_ligne,atm,Espagne,France,0,0
179,24.08,12.89,8,achat_en_ligne,atm,Italie,Italie,0,0
269,97.8,63.66,6,retrait_atm,pos,Espagne,Espagne,0,0
178,96.3,51.34,5,virement,web,France,France,0,0
147,134.04,28.73,0,virement,atm,France,France,4,1
187,63.18,33.77,9,paiement_pos,atm,France,France,1,0
132,79.27,38.77,23,paiement_pos,pos,Allemagne,Allemagne,2,0
152,36.29,40.32,3,achat_en_ligne,web,Belgique,Belgique,1,0
52,81.99,30.02,10,retrait_atm,pos,France,France,0,0
119,15.43,36.35,16,paiement_pos,mobile,Belgique,Belgique,1,0
256,48.5,26.15,14,virement,atm,France,France,1,0
274,43.59,20.04,8,retrait_atm,atm,Italie,Italie,1,0
34,15.45,37.77,15,virement,atm,Allemagne,Allemagne,0,0
236,118.43,15.63,21,retrait_atm,atm,Nigeria,Espagne,0,1
26,10.14,15.87,14,achat_en_ligne,pos,Espagne,Espagne,0,0
239,254.49,43.11,0,retrait_atm,web,Belgique,Belgique,0,0
42,120.16,89.17,2,virement,atm,Espagne,Espagne,1,0
41,9.06,14.57,17,retrait_atm,atm,France,France,0,0
205,140.07,23.51,2,paiement_pos,mobile,Allemagne,Allemagne,0,1
66,28.58,24.77,19,retrait_atm,web,Belgique,Belgique,0,0
99,15.95,17.15,8,achat_en_ligne,web,Espagne,Espagne,1,0
221,109.23,37.39,12,achat_en_ligne,mobile,France,France,0,0
107,27.6,28.58,12,retrait_atm,pos,Espagne,Espagne,0,0
289,181.21,24.04,3,achat_en_ligne,web,Roumanie,Allemagne,2,1
9,70.6,35.81,10,virement,mobile,Belgique,Belgique,0,0
133,61.93,44.17,17,virement,pos,France,France,0,0
19,64.46,57.91,11,virement,web,Italie,Italie,0,0
45,2.2,26.31,23,retrait_atm,pos,France,France,2,1
63,55.31,57.37,11,virement,web,Belgique,Belgique,0,0
35,49.3,25.88,11,paiement_pos,pos,Espagne,Italie,0,0
261,20.11,10.02,17,paiement_pos,atm,Espagne,Espagne,0,0
142,50.41,31.12,4,retrait_atm,mobile,Belgique,Belgique,1,0
201,20.75,12.82,10,virement,atm,Belgique,Belgique,0,0
24,64.33,43.28,22,paiement_pos,atm,Italie,Italie,1,0
280,708.48,92.99,1,retrait_atm,pos,Espagne,France,1,1
257,38.75,45.27,8,achat_en_ligne,web,Espagne,Espagne,0,0
277,26.09,19.44,12,retrait_atm,web,Belgique,Allemagne,0,0
35,13.46,25.88,14,virement,mobile,Belgique,Italie,0,0
279,21.32,53.63,11,virement,web,France,France,1,0
156,39.43,27.19,23,achat_en_ligne,atm,Espagne,Espagne,0,0
120,36.26,40.9,3,virement,pos,France,France,0,0
107,57.74,28.58,15,achat_en_ligne,web,Espagne,Espagne,1,0
115,128.49,38.07,17,virement,pos,Allemagne,Allemagne,0,0
170,87.01,21.79,3,virement,mobile,Nigeria,France,0,1
295,34.81,41.15,6,achat_en_ligne,web,Allemagne,Allemagne,0,0
236,76.84,15.63,19,retrait_atm,atm,Espagne,Espagne,0,0
143,19.03,28.47,16,retrait_atm,pos,Belgique,Belgique,0,0
158,28.91,17.61,4,retrait_atm,atm,Allemagne,Allemagne,0,0
259,30.92,30.86,9,paiement_pos,web,France,France,2,0
122,151.59,33.12,23,paiement_pos,pos,Espagne,Espagne,0,0
10,728.3,59.72,3,virement,mobile,Russie,France,4,1
205,12.23,23.51,7,retrait_atm,atm,Allemagne,Allemagne,0,0
289,23.38,24.04,21,retrait_atm,web,Allemagne,Allemagne,0,0
47,34.79,17.04,15,retrait_atm,mobile,Allemagne,Allemagne,2,0
268,8.99,37.29,1,virement,mobile,Belgique,Belgique,0,0
85,66.5,40.02,10,retrait_atm,mobile,Espagne,Espagne,0,0
66,20.17,24.77,15,virement,web,Belgique,Belgique,1,0
240,194.36,45.35,15,retrait_atm,mobile,Espagne,Espagne,0,0
79,77.85,149.98,1,paiement_pos,atm,Allemagne,Allemagne,0,0
179,25.09,12.89,16,paiement_pos,pos,Italie,Italie,0,0
233,16.13,35.33,7,retrait_atm,pos,France,France,0,0
273,164.23,35.0,5,paiement_pos,atm,Belgique,France,1,0
53,39.3,40.55,2,virement,pos,Belgique,Belgique,1,0
89,5.41,9.13,10,retrait_atm,mobile,Espagne,Espagne,1,0
187,29.56,33.77,8,achat_en_ligne,mobile,France,France,0,0
228,284.58,133.83,20,retrait_atm,mobile,Allemagne,Allemagne,0,0
226,53.04,54.88,21,paiement_pos,pos,Belgique,Belgique,1,0
201,20.44,12.82,17,retrait_atm,mobile,Belgique,Belgique,0,0
91,11.8,17.51,5,paiement_pos,atm,Allemagne,Allemagne,0,0
148,59.32,36.82,17,paiement_pos,mobile,Belgique,Belgique,0,0
281,5.24,14.45,10,retrait_atm,web,Belgique,Belgique,1,0
196,138.21,42.45,0,achat_en_ligne,atm,France,France,0,0
271,8.32,31.77,0,retrait_atm,atm,Belgique,Belgique,1,0
185,37.59,21.77,10,retrait_atm,mobile,Allemagne,Allemagne,0,0
250,65.53,38.0,10,virement,mobile,France,France,0,0
167,37.04,54.42,17,achat_en_ligne,mobile,Belgique,Belgique,0,0
56,96.97,48.73,18,paiement_pos,atm,France,France,0,0
262,7.5,15.21,13,retrait_atm,mobile,France,France,0,0
266,63.68,51.92,21,retrait_atm,mobile,Italie,Allemagne,0,0
75,76.96,36.82,18,achat_en_ligne,web,Espagne,Espagne,0,0
201,16.63,12.82,1,achat_en_ligne,pos,Italie,Belgique,0,0
260,36.57,54.47,9,achat_en_ligne,atm,Allemagne,Allemagne,0,0
79,146.15,149.98,23,retrait_atm,pos,Allemagne,Allemagne,0,0
250,9.39,38.0,18,paiement_pos,web,France,France,0,0
103,27.99,26.55,5,achat_en_ligne,atm,Italie,Italie,0,0
61,9.42,19.55,5,achat_en_ligne,atm,Italie,Italie,0,0
55,60.88,34.97,6,retrait_atm,mobile,Allemagne,Allemagne,0,0
18,38.6,19.26,21,virement,pos,France,France,0,0
112,30.18,14.51,23,achat_en_ligne,web,Espagne,Espagne,0,0
194,9.18,39.75,20,paiement_pos,atm,Belgique,Belgique,2,0
231,140.97,86.71,6,achat_en_ligne,atm,Allemagne,Allemagne,0,0
263,10.66,13.61,22,paiement_pos,atm,Espagne,Belgique,0,0
118,123.65,60.8,7,achat_en_ligne,pos,France,France,0,0
187,41.24,33.77,14,achat_en_ligne,mobile,France,France,0,0
114,18.31,28.22,15,virement,pos,Allemagne,Allemagne,0,0
40,5.96,15.88,14,virement,web,Espagne,Espagne,0,0
111,24.19,30.56,0,paiement_pos,pos,France,Belgique,1,0
164,70.16,43.1,11,retrait_atm,web,Allemagne,Allemagne,0,0
143,166.95,28.47,10,achat_en_ligne,atm,Belgique,Belgique,2,0
12,14.52,16.27,7,paiement_pos,mobile,Italie,Italie,0,0
138,23.96,24.96,11,paiement_pos,web,France,France,0,0
200,57.45,47.21,2,achat_en_ligne,web,Italie,Italie,0,0
219,6.74,21.2,16,paiement_pos,pos,Allemagne,Allemagne,0,0
142,126.03,31.12,6,virement,web,Belgique,Belgique,0,0
69,34.6,45.74,10,achat_en_ligne,pos,France,France,0,0
24,11.73,43.28,4,paiement_pos,web,Italie,Italie,1,0
197,182.75,87.33,0,virement,web,Belgique,Belgique,0,0
197,74.33,87.33,15,virement,atm,Belgique,Belgique,2,0
65,2.67,33.73,13,virement,pos,Allemagne,Allemagne,6,1
64,12.85,14.94,16,paiement_pos,mobile,Italie,Italie,1,0
126,485.38,116.27,11,virement,web,Allemagne,Allemagne,1,0
61,130.84,19.55,15,retrait_atm,web,Italie,Italie,0,1
101,190.04,189.24,0,retrait_atm,web,Italie,Italie,0,0
5,20.06,12.12,8,retrait_atm,atm,Allemagne,Allemagne,0,0
197,440.71,87.33,4,paiement_pos,atm,Belgique,Belgique,0,0
253,140.86,29.73,20,virement,web,France,France,0,0
245,9.25,24.95,8,paiement_pos,mobile,Espagne,Espagne,0,0
225,21.71,55.37,9,retrait_atm,web,Espagne,Espagne,0,0
103,156.35,26.55,8,achat_en_ligne,web,Italie,Italie,1,0
18,25.91,19.26,13,virement,pos,France,France,1,0
182,68.54,24.26,10,paiement_pos,atm,France,France,2,0
38,50.23,83.22,13,achat_en_ligne,web,Italie,Italie,0,0
210,39.83,38.95,13,retrait_atm,mobile,Espagne,Espagne,0,0
21,60.04,30.14,16,retrait_atm,mobile,Allemagne,Allemagne,0,0
125,41.65,31.24,17,retrait_atm,atm,Italie,Italie,0,0
107,149.07,28.58,14,paiement_pos,web,Espagne,Espagne,0,0
32,17.03,39.31,8,virement,pos,Belgique,Belgique,0,0
14,19.35,21.43,16,achat_en_ligne,atm,Espagne,Espagne,0,0
296,18.87,73.14,19,achat_en_ligne,pos,Allemagne,Allemagne,0,0
46,40.84,79.59,23,paiement_pos,atm,Italie,Italie,0,0
168,40.2,27.72,19,retrait_atm,web,France,France,0,0
192,48.9,47.72,10,paiement_pos,pos,Espagne,Espagne,0,0
175,39.58,66.87,9,virement,pos,Espagne,Espagne,1,0
57,8.21,9.68,16,virement,mobile,Allemagne,Allemagne,0,0
14,9.87,21.43,23,paiement_pos,web,Espagne,Espagne,0,0
132,74.21,38.77,16,virement,web,Allemagne,Allemagne,0,0
273,67.17,35.0,8,paiement_pos,atm,France,France,0,0
295,67.17,41.15,7,achat_en_ligne,web,Allemagne,Allemagne,0,0
183,34.09,82.0,19,retrait_atm,web,Allemagne,Allemagne,1,0
245,42.72,24.95,10,virement,atm,Espagne,Espagne,0,0
13,40.39,18.56,20,achat_en_ligne,pos,Espagne,Espagne,0,0
127,29.91,85.12,12,paiement_pos,mobile,France,France,0,0
70,61.72,73.88,13,paiement_pos,atm,Allemagne,Allemagne,1,0
36,119.01,64.31,17,virement,mobile,France,France,0,0
203,41.5,41.31,18,retrait_atm,web,Allemagne,Allemagne,0,0
281,22.51,14.45,11,paiement_pos,mobile,Belgique,Belgique,0,0
183,59.5,82.0,12,achat_en_ligne,mobile,Allemagne,Allemagne,1,0
297,48.17,26.96,16,virement,atm,Italie,Italie,1,0
87,59.12,21.38,0,retrait_atm,mobile,France,France,0,0
36,27.88,64.31,22,achat_en_ligne,pos,France,France,1,0
83,19.5,13.76,20,virement,atm,France,France,0,0
117,79.0,43.94,11,virement,atm,Italie,France,0,0
206,257.71,53.96,11,virement,pos,Belgique,Belgique,2,0
149,58.2,39.55,16,virement,atm,Allemagne,Italie,0,0
101,70.6,189.24,14,achat_en_ligne,web,Italie,Italie,2,0
174,13.41,29.54,19,paiement_pos,atm,Espagne,Espagne,0,0
105,42.27,93.43,16,paiement_pos,mobile,Espagne,Espagne,0,0
95,34.13,11.53,13,virement,mobile,Italie,Italie,0,0
165,336.48,94.29,10,achat_en_ligne,pos,Espagne,Allemagne,0,0
274,5.87,20.04,21,achat_en_ligne,web,Italie,Italie,0,0
299,207.81,62.82,2,paiement_pos,mobile,Belgique,Belgique,1,0
239,21.92,43.11,23,paiement_pos,pos,Belgique,Belgique,0,0
286,17.11,11.04,22,paiement_pos,atm,Italie,Italie,0,0
156,53.43,27.19,16,achat_en_ligne,atm,Espagne,Espagne,0,0
77,9.15,34.96,20,paiement_pos,pos,Belgique,Belgique,0,0
214,56.26,41.68,16,paiement_pos,web,Allemagne,Allemagne,0,0
219,12.27,21.2,19,achat_en_ligne,atm,Allemagne,Allemagne,0,0
265,16.4,22.04,22,retrait_atm,pos,Italie,Italie,0,0
112,6.26,14.51,16,virement,web,Espagne,Espagne,0,0
13,10.92,18.56,13,achat_en_ligne,pos,Espagne,Espagne,0,0
273,15.65,35.0,1,paiement_pos,atm,France,France,0,0
175,398.27,66.87,1,retrait_atm,pos,Espagne,Espagne,0,0
87,34.83,21.38,8,virement,web,France,France,0,0
292,51.88,42.81,22,paiement_pos,web,Belgique,Belgique,1,0
195,33.59,34.58,8,paiement_pos,pos,Italie,Italie,1,0
139,46.27,38.79,2,retrait_atm,mobile,Belgique,Belgique,0,0
235,1.79,12.66,3,virement,web,Russie,Allemagne,3,1
174,121.19,29.54,20,achat_en_ligne,mobile,Espagne,Espagne,1,0
105,182.88,93.43,2,paiement_pos,mobile,Espagne,Espagne,1,0
221,81.25,37.39,17,achat_en_ligne,mobile,France,France,0,0
278,30.81,26.71,13,retrait_atm,pos,Espagne,Espagne,0,0
97,165.99,118.81,12,virement,atm,Belgique,Belgique,0,0
100,24.55,99.7,21,virement,web,France,France,0,0
275,18.18,23.18,18,virement,pos,Allemagne,Allemagne,0,0
276,9.25,13.62,12,paiement_pos,pos,Allemagne,Allemagne,1,0
69,186.96,45.74,7,retrait_atm,pos,France,France,0,0
224,257.43,73.51,4,retrait_atm,web,Belgique,Belgique,0,1
238,24.82,20.56,8,retrait_atm,web,Allemagne,Allemagne,0,0
69,91.4,45.74,20,virement,pos,France,France,0,0
211,2.79,19.73,0,retrait_atm,pos,Belgique,Belgique,4,1
260,99.59,54.47,10,paiement_pos,atm,Allemagne,Allemagne,0,0
154,23.12,13.19,16,paiement_pos,pos,Belgique,Belgique,1,0
185,16.4,21.77,4,retrait_atm,web,Allemagne,Allemagne,0,0
81,12.44,19.85,21,paiement_pos,pos,Italie,Italie,1,0
33,213.03,72.5,19,virement,atm,France,France,2,0
218,169.26,80.55,8,achat_en_ligne,atm,Espagne,France,0,0
128,9.05,41.74,20,retrait_atm,web,Espagne,Espagne,1,0
40,17.77,15.88,20,virement,atm,Espagne,Espagne,0,0
148,65.37,36.82,6,paiement_pos,web,Belgique,Belgique,0,0
72,39.43,21.81,8,achat_en_ligne,web,France,France,0,0
171,124.7,59.96,3,achat_en_ligne,mobile,France,France,0,0
63,328.17,57.37,18,virement,atm,Belgique,Belgique,0,0
274,35.71,20.04,17,virement,pos,Italie,Italie,0,0
24,85.97,43.28,16,achat_en_ligne,web,Italie,Italie,0,0
39,52.56,36.96,19,retrait_atm,mobile,Belgique,Belgique,0,0
234,85.65,72.66,2,achat_en_ligne,mobile,Espagne,Espagne,0,0
41,18.53,14.57,8,retrait_atm,mobile,France,France,0,0
3,31.69,30.11,22,retrait_atm,atm,Espagne,Espagne,0,0
247,10.3,50.46,4,achat_en_ligne,pos,Espagne,Espagne,0,0
237,43.32,12.67,0,achat_en_ligne,atm,Espagne,Espagne,0,0
170,81.84,21.79,22,achat_en_ligne,atm,France,France,0,0
200,12.79,47.21,13,virement,atm,Italie,Italie,0,0
281,18.32,14.45,4,paiement_pos,web,Belgique,Belgique,1,0
230,14.04,9.95,7,retrait_atm,pos,France,France,0,0
205,29.84,23.51,22,paiement_pos,atm,Allemagne,Allemagne,1,0
175,25.09,66.87,8,virement,atm,Espagne,Espagne,0,0
3,36.86,30.11,0,retrait_atm,pos,Espagne,Espagne,1,0
111,63.72,30.56,4,virement,pos,Belgique,Belgique,0,0
164,73.55,43.1,17,achat_en_ligne,pos,Allemagne,Allemagne,0,0
298,28.9,13.65,9,achat_en_ligne,mobile,Allemagne,Allemagne,0,0
20,65.25,41.72,6,paiement_pos,mobile,Allemagne,Allemagne,0,0
233,31.04,35.33,19,paiement_pos,atm,France,France,0,0
75,63.06,36.82,3,achat_en_ligne,mobile,Espagne,Espagne,0,0
168,33.82,27.72,19,virement,mobile,France,France,0,0
249,76.59,52.25,21,achat_en_ligne,web,Espagne,Espagne,0,0
113,162.15,28.71,14,virement,atm,Allemagne,Allemagne,0,0
200,50.96,47.21,22,paiement_pos,pos,Italie,Italie,0,0
141,113.11,27.79,8,virement,atm,Italie,Italie,0,0
129,35.11,20.95,9,retrait_atm,web,Allemagne,Allemagne,0,0
133,26.1,44.17,22,paiement_pos,mobile,France,France,0,0
15,190.31,118.76,10,virement,web,Espagne,Espagne,0,0
202,34.72,80.28,5,paiement_pos,web,Italie,Italie,0,0
56,65.89,48.73,4,paiement_pos,pos,France,France,0,0
189,31.08,22.14,0,achat_en_ligne,web,Belgique,Belgique,0,0
182,35.67,24.26,19,achat_en_ligne,pos,France,France,0,0
170,34.35,21.79,23,virement,pos,France,France,1,0
157,106.09,31.92,23,virement,atm,Italie,France,1,0
212,92.12,30.31,5,paiement_pos,mobile,Espagne,Espagne,3,1
234,275.16,72.66,21,retrait_atm,atm,Espagne,Espagne,0,0
134,79.49,11.63,2,virement,mobile,Russie,Allemagne,0,1
124,35.17,40.04,12,virement,mobile,Allemagne,Allemagne,0,0
143,11.44,28.47,6,achat_en_ligne,pos,Belgique,Belgique,0,0
187,11.44,33.77,20,paiement_pos,mobile,France,France,0,0
85,32.36,40.02,16,paiement_pos,pos,Espagne,Espagne,0,0
125,29.01,31.24,23,paiement_pos,atm,Italie,Italie,1,0
187,35.36,33.77,14,achat_en_ligne,pos,France,France,0,0
190,34.11,39.93,12,virement,pos,Belgique,Belgique,0,0
13,23.72,18.56,1,retrait_atm,atm,Espagne,Espagne,1,0
215,37.26,60.33,18,achat_en_ligne,pos,Espagne,Espagne,0,0
84,28.58,23.23,13,achat_en_ligne,web,Italie,Italie,0,0
83,10.6,13.76,21,paiement_pos,pos,France,France,0,0
77,64.96,34.96,14,paiement_pos,atm,Belgique,Belgique,0,0
219,2.65,21.2,5,retrait_atm,mobile,Russie,Allemagne,5,1
153,179.15,93.36,15,paiement_pos,atm,Italie,Italie,0,0
248,17.72,35.98,14,virement,atm,Allemagne,Allemagne,0,0
138,17.42,24.96,2,retrait_atm,web,France,France,0,0
209,99.62,38.12,19,virement,web,Belgique,Belgique,1,0
7,109.61,32.06,8,virement,atm,France,France,1,0
294,75.89,40.33,2,virement,atm,Belgique,Belgique,0,0
171,120.96,59.96,11,achat_en_ligne,mobile,France,France,0,0
81,35.29,19.85,7,virement,atm,Italie,Italie,0,0
89,12.94,9.13,7,paiement_pos,web,Espagne,Espagne,1,0
132,29.64,38.77,2,retrait_atm,atm,Allemagne,Allemagne,0,0
156,25.95,27.19,9,virement,web,Espagne,Espagne,2,0
84,31.68,23.23,3,achat_en_ligne,web,Italie,Italie,0,0
122,15.67,33.12,20,achat_en_ligne,mobile,Espagne,Espagne,1,0
42,37.2,89.17,10,virement,atm,Espagne,Espagne,1,0
129,43.12,20.95,23,paiement_pos,pos,Allemagne,Allemagne,1,0
146,27.17,7.1,8,paiement_pos,web,Italie,Italie,0,0
196,44.81,42.45,16,paiement_pos,pos,France,France,0,0
3,51.63,30.11,14,virement,web,Espagne,Espagne,0,0
115,76.82,38.07,21,achat_en_ligne,atm,Allemagne,Allemagne,1,0
27,29.83,15.38,21,achat_en_ligne,mobile,Allemagne,Allemagne,0,0
173,54.7,52.95,11,virement,pos,Belgique,Espagne,1,0
255,66.01,54.18,9,achat_en_ligne,web,Espagne,Espagne,1,0
214,65.99,41.68,20,paiement_pos,web,Allemagne,Allemagne,1,0
187,62.66,33.77,2,paiement_pos,atm,France,France,1,0
99,7.71,17.15,18,paiement_pos,pos,Espagne,Espagne,1,0
24,165.04,43.28,22,retrait_atm,web,Italie,Italie,0,0
232,36.5,25.16,13,virement,pos,Italie,Italie,0,0
123,133.99,21.48,4,paiement_pos,pos,Ukraine,Espagne,0,1
61,29.79,19.55,13,paiement_pos,pos,Italie,Italie,0,0
133,46.07,44.17,22,virement,web,France,France,0,0
9,129.61,35.81,2,virement,web,Belgique,Belgique,1,0
229,37.26,29.28,17,achat_en_ligne,web,Allemagne,Allemagne,0,0
69,49.08,45.74,21,virement,web,France,France,0,0
210,128.69,38.95,6,retrait_atm,pos,Espagne,Espagne,2,0
99,33.57,17.15,22,retrait_atm,pos,Italie,Espagne,0,0
218,455.36,80.55,15,virement,web,France,France,0,0
168,41.0,27.72,18,achat_en_ligne,pos,France,France,0,0
72,23.28,21.81,15,retrait_atm,atm,France,France,1,0
159,34.42,27.09,18,achat_en_ligne,web,Allemagne,Allemagne,0,0
139,45.9,38.79,18,retrait_atm,pos,Belgique,Belgique,0,0
198,42.18,9.6,8,paiement_pos,pos,France,France,0,0
48,18.09,19.36,8,paiement_pos,web,Italie,Italie,0,0
83,24.02,13.76,6,retrait_atm,atm,France,France,0,0
188,23.92,15.96,6,retrait_atm,atm,Belgique,Belgique,0,0
37,53.78,42.83,12,retrait_atm,mobile,Italie,Italie,0,0
3,34.08,30.11,16,paiement_pos,pos,Espagne,Espagne,1,0
145,76.2,80.07,8,achat_en_ligne,mobile,Italie,Italie,0,0
67,51.6,27.2,17,achat_en_ligne,pos,Italie,Italie,0,0
169,11.27,34.46,11,retrait_atm,atm,Belgique,Belgique,0,0
141,17.33,27.79,5,virement,web,Italie,Italie,0,0
147,40.21,28.73,10,virement,atm,France,France,0,0
290,36.41,17.43,23,retrait_atm,pos,Allemagne,Allemagne,0,0
251,94.63,45.51,7,virement,web,France,France,0,0
275,31.86,23.18,20,achat_en_ligne,mobile,Allemagne,Allemagne,1,0
80,108.27,102.12,22,paiement_pos,mobile,Espagne,Espagne,0,0
134,97.44,11.63,22,virement,atm,Nigeria,Allemagne,0,1
263,13.07,13.61,19,achat_en_ligne,web,Belgique,Belgique,0,0
214,87.66,41.68,3,virement,mobile,Allemagne,Allemagne,1,0
42,144.04,89.17,14,retrait_atm,web,Espagne,Espagne,1,0
201,18.23,12.82,10,paiement_pos,mobile,Belgique,Belgique,2,0
239,85.54,43.11,1,retrait_atm,atm,Belgique,Belgique,0,0
239,27.87,43.11,21,achat_en_ligne,atm,Belgique,Belgique,0,0
194,8.73,39.75,0,retrait_atm,atm,Belgique,Belgique,0,0
17,67.7,54.77,10,retrait_atm,pos,Allemagne,Allemagne,0,0
199,12.97,23.23,15,retrait_atm,atm,Belgique,Belgique,2,0
152,70.85,40.32,8,retrait_atm,pos,Belgique,Belgique,1,0
29,49.44,85.41,23,achat_en_ligne,pos,Allemagne,Allemagne,1,0
247,93.77,50.46,21,virement,mobile,Espagne,Espagne,1,0
23,102.11,22.36,4,virement,atm,France,France,1,0
129,21.5,20.95,3,virement,mobile,Allemagne,Allemagne,0,0
276,17.44,13.62,11,achat_en_ligne,atm,Allemagne,Allemagne,2,0
241,21.63,39.09,17,achat_en_ligne,pos,France,France,0,0
286,32.02,11.04,19,achat_en_ligne,pos,Italie,Italie,0,0
102,10.34,16.4,16,achat_en_ligne,web,France,France,0,0
239,12.84,43.11,12,retrait_atm,pos,Belgique,Belgique,0,0
109,12.97,42.99,15,achat_en_ligne,mobile,Allemagne,Allemagne,0,0
129,25.36,20.95,10,virement,pos,Allemagne,Allemagne,0,0
56,92.05,48.73,0,paiement_pos,pos,France,France,1,0
231,76.93,86.71,19,retrait_atm,pos,Allemagne,Allemagne,0,0
233,10.82,35.33,5,retrait_atm,pos,France,France,0,0
238,22.39,20.56,11,retrait_atm,mobile,Allemagne,Allemagne,0,0
187,37.24,33.77,16,paiement_pos,atm,France,France,0,0
132,45.47,38.77,1,retrait_atm,pos,Allemagne,Allemagne,0,0
200,48.29,47.21,12,virement,pos,Italie,Italie,0,0
35,106.65,25.88,15,achat_en_ligne,pos,Italie,Italie,0,0
141,13.2,27.79,12,virement,web,Italie,Italie,0,0
281,19.91,14.45,18,paiement_pos,atm,Belgique,Belgique,1,0
156,87.52,27.19,15,paiement_pos,pos,Espagne,Espagne,1,0
290,34.94,17.43,11,achat_en_ligne,atm,Allemagne,Allemagne,0,0
134,24.27,11.63,20,virement,pos,Allemagne,Allemagne,0,0
133,55.9,44.17,14,achat_en_ligne,pos,France,France,2,0
129,10.29,20.95,10,retrait_atm,pos,Allemagne,Allemagne,0,0
88,39.41,22.37,6,achat_en_ligne,web,Belgique,Belgique,0,0
125,42.32,31.24,23,virement,web,Italie,Italie,0,0
55,33.8,34.97,13,virement,atm,Allemagne,Allemagne,1,0
109,33.85,42.99,16,achat_en_ligne,web,Allemagne,Allemagne,0,0
169,3.4,34.46,4,paiement_pos,atm,Belgique,Belgique,4,1
100,187.99,99.7,1,retrait_atm,atm,Espagne,France,0,0
177,26.43,98.73,7,achat_en_ligne,atm,Espagne,Espagne,0,0
218,118.45,80.55,19,paiement_pos,pos,France,France,0,0
31,24.56,30.84,12,paiement_pos,atm,Allemagne,Allemagne,1,0
68,87.04,60.44,8,retrait_atm,atm,Belgique,Belgique,0,0
245,10.84,24.95,18,paiement_pos,atm,Espagne,Espagne,1,0
211,55.99,19.73,12,paiement_pos,mobile,Belgique,Belgique,0,0
193,13.26,8.37,7,virement,web,Espagne,Espagne,0,0
279,81.65,53.63,18,achat_en_ligne,mobile,France,France,1,0
264,13.5,8.16,7,paiement_pos,pos,France,Italie,0,0
83,27.41,13.76,20,paiement_pos,web,France,France,0,0
273,39.39,35.0,8,virement,mobile,France,France,0,0
209,77.34,38.12,18,paiement_pos,web,Belgique,Belgique,0,0
81,12.08,19.85,4,achat_en_ligne,web,Italie,Italie,1,0
97,85.92,118.81,10,paiement_pos,atm,Belgique,Belgique,0,0
274,6.74,20.04,11,virement,mobile,Italie,Italie,0,0
134,14.91,11.63,18,paiement_pos,pos,Allemagne,Allemagne,0,0
101,112.93,189.24,3,virement,web,Belgique,Italie,0,0
200,14.41,47.21,22,retrait_atm,web,Belgique,Italie,0,0
160,40.69,72.24,7,paiement_pos,mobile,Espagne,Espagne,0,0
243,7.27,8.28,10,achat_en_ligne,pos,France,France,0,0
210,206.97,38.95,21,achat_en_ligne,pos,Espagne,Espagne,0,0
23,25.84,22.36,21,achat_en_ligne,pos,France,France,0,0
50,39.13,26.13,9,retrait_atm,atm,Espagne,Espagne,2,0
215,36.85,60.33,16,retrait_atm,mobile,Espagne,Espagne,1,0
76,34.54,17.28,19,achat_en_ligne,mobile,Allemagne,Allemagne,0,0
104,14.74,40.65,4,achat_en_ligne,pos,France,France,0,0
54,160.72,77.05,10,retrait_atm,web,Allemagne,Allemagne,0,0
91,17.8,17.51,9,achat_en_ligne,pos,Allemagne,Allemagne,0,0
14,30.07,21.43,13,virement,mobile,Espagne,Espagne,0,0
197,121.62,87.33,15,paiement_pos,pos,Belgique,Belgique,0,0
175,58.21,66.87,22,retrait_atm,mobile,Espagne,Espagne,1,0
208,33.69,38.08,3,retrait_atm,web,Italie,Italie,0,0
41,28.95,14.57,20,virement,atm,France,France,1,0
193,9.45,8.37,17,achat_en_ligne,pos,Espagne,Espagne,0,0
128,55.49,41.74,7,retrait_atm,atm,Espagne,Espagne,0,0
61,42.3,19.55,9,achat_en_ligne,web,Italie,Italie,1,0
187,27.72,33.77,17,paiement_pos,mobile,Espagne,France,1,0
61,21.21,19.55,6,achat_en_ligne,atm,Italie,Italie,0,0
71,6.84,30.18,13,virement,web,Espagne,Espagne,0,0
158,22.84,17.61,20,achat_en_ligne,mobile,Allemagne,Allemagne,0,0
101,198.86,189.24,9,virement,mobile,Italie,Italie,1,0
212,21.86,30.31,20,retrait_atm,web,Espagne,Espagne,0,0
89,7.57,9.13,18,retrait_atm,mobile,Espagne,Espagne,0,0
127,115.03,85.12,10,achat_en_ligne,pos,France,France,0,0
269,47.62,63.66,0,achat_en_ligne,mobile,Espagne,Espagne,0,0
86,61.42,68.27,18,virement,pos,Espagne,Espagne,0,0
300,54.57,27.14,13,virement,atm,France,France,0,0
242,12.86,14.19,9,achat_en_ligne,web,Allemagne,Allemagne,0,0
235,25.99,12.66,12,achat_en_ligne,pos,Allemagne,Allemagne,1,0
156,31.59,27.19,5,paiement_pos,web,Espagne,Espagne,0,0
65,71.64,33.73,18,achat_en_ligne,atm,Allemagne,Allemagne,0,0
69,44.12,45.74,20,achat_en_ligne,web,France,France,0,0
29,43.57,85.41,17,achat_en_ligne,pos,Allemagne,Allemagne,1,0
46,161.52,79.59,6,retrait_atm,atm,Italie,Italie,1,0
26,7.79,15.87,3,paiement_pos,atm,Espagne,Espagne,0,0
18,4.62,19.26,16,virement,web,France,France,2,0
130,49.16,16.99,8,retrait_atm,web,Espagne,Espagne,0,0
100,205.6,99.7,15,paiement_pos,mobile,France,France,0,0
197,37.06,87.33,20,achat_en_ligne,mobile,Belgique,Belgique,0,0
298,24.84,13.65,4,paiement_pos,pos,Allemagne,Allemagne,1,0
32,47.65,39.31,11,retrait_atm,pos,Belgique,Belgique,0,0
188,6.34,15.96,9,virement,pos,Belgique,Belgique,0,0
105,261.97,93.43,19,retrait_atm,web,Espagne,Espagne,0,0
54,126.2,77.05,17,virement,pos,Allemagne,Allemagne,0,0
239,53.95,43.11,14,paiement_pos,mobile,Belgique,Belgique,0,0
186,34.75,18.03,20,achat_en_ligne,pos,Allemagne,Allemagne,0,0
204,212.76,55.03,17,paiement_pos,mobile,Espagne,Espagne,3,0
291,16.12,22.36,22,achat_en_ligne,atm,Italie,Italie,1,0
51,59.39,33.01,20,achat_en_ligne,atm,Espagne,Espagne,0,0
94,38.19,31.29,16,paiement_pos,pos,Belgique,Belgique,0,0
176,67.49,51.96,12,paiement_pos,atm,Allemagne,Allemagne,1,0
128,31.7,41.74,16,achat_en_ligne,atm,Espagne,Espagne,1,0
77,71.7,34.96,3,paiement_pos,pos,Belgique,Belgique,0,0
5,19.64,12.12,15,virement,atm,Allemagne,Allemagne,0,0
289,11.28,24.04,0,achat_en_ligne,web,Allemagne,Allemagne,0,0
172,65.42,16.33,21,virement,pos,France,France,0,0
251,73.97,45.51,5,paiement_pos,pos,France,France,0,0
93,102.2,19.57,13,achat_en_ligne,pos,Italie,Italie,0,0
84,11.06,23.23,4,retrait_atm,pos,Italie,Italie,0,0
121,42.9,34.19,0,retrait_atm,atm,Allemagne,Allemagne,0,0
239,237.61,43.11,8,virement,web,Belgique,Belgique,0,0
21,104.59,30.14,19,virement,atm,Allemagne,Allemagne,0,0
225,42.8,55.37,13,achat_en_ligne,pos,Espagne,Espagne,1,0
135,98.92,57.77,15,retrait_atm,web,Espagne,Espagne,1,0
73,25.07,28.95,2,virement,atm,Allemagne,Allemagne,0,0
210,58.42,38.95,15,achat_en_ligne,web,Espagne,Espagne,0,0
94,29.18,31.29,5,achat_en_ligne,mobile,Belgique,Belgique,0,0
208,18.71,38.08,8,paiement_pos,pos,Italie,Italie,0,0
71,8.75,30.18,14,retrait_atm,atm,Espagne,Espagne,0,0
137,9.04,17.01,1,achat_en_ligne,web,Espagne,Espagne,1,0
8,51.91,95.66,19,retrait_atm,pos,Espagne,Espagne,0,0
98,5.91,15.3,22,retrait_atm,atm,Espagne,Espagne,0,0
185,7.77,21.77,8,paiement_pos,mobile,Allemagne,Allemagne,0,0
300,51.49,27.14,14,retrait_atm,atm,France,France,1,0
260,20.38,54.47,12,paiement_pos,web,Allemagne,Allemagne,0,0
117,208.17,43.94,9,retrait_atm,web,Nigeria,France,0,1
79,143.43,149.98,16,achat_en_ligne,mobile,Allemagne,Allemagne,1,0
265,23.5,22.04,15,retrait_atm,web,Italie,Italie,0,0
119,143.1,36.35,3,achat_en_ligne,web,Belgique,Belgique,0,0
92,14.48,24.1,15,achat_en_ligne,mobile,Italie,Italie,2,0
38,8.13,83.22,4,retrait_atm,atm,Italie,Italie,4,1
135,67.11,57.77,2,paiement_pos,atm,Espagne,Espagne,1,0
54,77.96,77.05,8,virement,web,Allemagne,Allemagne,0,0
292,66.52,42.81,11,retrait_atm,pos,Belgique,Belgique,0,0
52,62.47,30.02,23,paiement_pos,pos,France,France,0,0
231,165.21,86.71,8,paiement_pos,pos,Allemagne,Allemagne,0,0
149,162.24,39.55,1,achat_en_ligne,pos,Italie,Italie,0,0
221,54.9,37.39,7,retrait_atm,atm,France,France,0,0
40,22.16,15.88,20,achat_en_ligne,pos,Espagne,Espagne,2,0
98,28.94,15.3,1,paiement_pos,web,Espagne,Espagne,0,0
126,664.64,116.27,4,virement,pos,Allemagne,Allemagne,0,0
147,29.03,28.73,14,achat_en_ligne,pos,France,France,0,0
260,96.25,54.47,6,paiement_pos,pos,Allemagne,Allemagne,0,0
245,37.83,24.95,7,retrait_atm,mobile,Espagne,Espagne,0,0
250,47.5,38.0,3,virement,mobile,France,France,1,0
223,17.95,33.34,8,paiement_pos,web,Espagne,Espagne,0,0
267,17.58,27.91,0,paiement_pos,atm,Allemagne,Allemagne,0,0
85,226.05,40.02,21,virement,web,Espagne,Espagne,0,0
24,9.49,43.28,2,paiement_pos,pos,Italie,Italie,0,0
193,38.57,8.37,16,paiement_pos,web,Espagne,Espagne,0,0
248,74.57,35.98,22,paiement_pos,mobile,Allemagne,Allemagne,0,0
114,27.7,28.22,16,retrait_atm,pos,Allemagne,Allemagne,0,0
148,29.85,36.82,1,paiement_pos,atm,Belgique,Belgique,1,0
32,19.69,39.31,10,virement,pos,Belgique,Belgique,0,0
45,38.61,26.31,16,virement,mobile,France,France,0,0
76,85.49,17.28,15,paiement_pos,atm,Allemagne,Allemagne,0,0
96,11.52,13.73,3,paiement_pos,web,France,Belgique,1,0
215,31.58,60.33,17,paiement_pos,atm,Espagne,Espagne,0,0
264,48.04,8.16,8,achat_en_ligne,atm,Italie,Italie,0,0
219,114.36,21.2,20,virement,atm,Allemagne,Allemagne,0,0
68,31.75,60.44,23,retrait_atm,mobile,Belgique,Belgique,0,0
268,8.62,37.29,8,virement,web,Belgique,Belgique,0,0
249,82.19,52.25,11,achat_en_ligne,mobile,Espagne,Espagne,0,0
177,105.51,98.73,17,achat_en_ligne,atm,Espagne,Espagne,0,0
242,20.92,14.19,7,retrait_atm,mobile,Espagne,Allemagne,1,0
215,67.79,60.33,21,virement,web,Espagne,Espagne,1,0
21,167.76,30.14,4,retrait_atm,web,Allemagne,Allemagne,1,1
38,106.35,83.22,22,retrait_atm,atm,Italie,Italie,0,0
103,38.23,26.55,13,achat_en_ligne,mobile,Italie,Italie,0,0
210,31.72,38.95,8,virement,mobile,Espagne,Espagne,0,0
213,38.89,30.22,10,achat_en_ligne,atm,Espagne,Espagne,0,0
218,66.8,80.55,6,paiement_pos,pos,Espagne,France,0,0
126,106.18,116.27,4,virement,atm,Allemagne,Allemagne,0,0
237,69.98,12.67,3,virement,atm,Espagne,Espagne,3,1
46,342.98,79.59,20,virement,web,Italie,Italie,0,0
113,41.78,28.71,17,achat_en_ligne,atm,Allemagne,Allemagne,0,0
261,21.46,10.02,11,paiement_pos,mobile,Espagne,Espagne,0,0
36,20.12,64.31,22,paiement_pos,atm,France,France,0,0
19,97.73,57.91,9,retrait_atm,web,Italie,Italie,1,0
121,28.24,34.19,19,paiement_pos,mobile,Allemagne,Allemagne,1,0
228,31.26,133.83,13,retrait_atm,atm,Allemagne,Allemagne,1,0
217,112.35,30.72,4,retrait_atm,pos,France,France,1,0
296,66.73,73.14,14,virement,web,Allemagne,Allemagne,0,0
267,37.16,27.91,7,paiement_pos,atm,Allemagne,Allemagne,1,0
114,21.51,28.22,11,paiement_pos,web,Allemagne,Allemagne,0,0
175,50.42,66.87,19,achat_en_ligne,web,Espagne,Espagne,0,0
44,44.0,29.73,15,paiement_pos,mobile,Belgique,Belgique,0,0
219,70.58,21.2,18,virement,web,Allemagne,Allemagne,0,0
291,16.18,22.36,8,retrait_atm,mobile,Italie,Italie,0,0
237,8.44,12.67,14,achat_en_ligne,mobile,Espagne,Espagne,0,0
74,69.07,38.3,16,paiement_pos,pos,France,France,1,0
112,25.51,14.51,18,achat_en_ligne,mobile,Espagne,Espagne,2,0
185,4.6,21.77,5,achat_en_ligne,web,Allemagne,Allemagne,0,0
55,11.43,34.97,6,retrait_atm,web,Allemagne,Allemagne,0,0
261,21.03,10.02,18,achat_en_ligne,mobile,Espagne,Espagne,1,0
122,18.14,33.12,7,virement,web,Espagne,Espagne,2,0
258,3.67,28.23,12,retrait_atm,pos,France,France,6,1
67,22.36,27.2,18,virement,pos,Italie,Italie,0,0
74,71.22,38.3,22,paiement_pos,web,France,France,0,0
91,35.51,17.51,19,achat_en_ligne,web,Allemagne,Allemagne,0,0
225,67.44,55.37,6,paiement_pos,web,Espagne,Espagne,0,0
146,3.83,7.1,22,paiement_pos,mobile,Italie,Italie,0,0
126,447.69,116.27,19,virement,atm,Allemagne,Allemagne,0,0
142,6.87,31.12,6,paiement_pos,atm,Belgique,Belgique,1,0
23,44.94,22.36,19,virement,pos,France,France,0,0
93,14.41,19.57,3,virement,mobile,Italie,Italie,1,0
99,34.1,17.15,9,achat_en_ligne,web,Espagne,Espagne,0,0
180,67.31,31.81,0,achat_en_ligne,web,Allemagne,Allemagne,0,0
51,33.13,33.01,19,virement,web,Espagne,Espagne,1,0
11,49.24,24.54,17,paiement_pos,mobile,Allemagne,Allemagne,0,0
293,164.81,29.56,18,achat_en_ligne,web,Italie,Italie,0,0
220,42.14,20.22,21,virement,pos,Italie,Italie,0,0
164,41.24,43.1,23,retrait_atm,atm,Allemagne,Allemagne,0,0
178,56.66,51.34,10,achat_en_ligne,web,France,France,1,0
182,19.7,24.26,12,paiement_pos,mobile,France,France,0,0
83,3.86,13.76,23,virement,mobile,France,France,0,0
121,67.97,34.19,20,achat_en_ligne,mobile,Allemagne,Allemagne,0,0
38,29.15,83.22,11,retrait_atm,web,Italie,Italie,0,0
57,2.19,9.68,3,paiement_pos,atm,Allemagne,Allemagne,1,0
19,100.52,57.91,6,virement,mobile,Italie,Italie,4,0
149,35.58,39.55,22,virement,atm,Italie,Italie,0,0
51,14.17,33.01,13,retrait_atm,atm,Espagne,Espagne,0,0
157,21.84,31.92,16,virement,pos,France,France,0,0
252,30.98,21.7,21,virement,pos,Allemagne,Allemagne,0,0
168,10.98,27.72,9,achat_en_ligne,pos,France,France,0,0
223,21.69,33.34,13,virement,web,Espagne,Espagne,0,0
21,35.74,30.14,10,paiement_pos,web,Allemagne,Allemagne,0,0
28,2.13,36.73,8,retrait_atm,web,Italie,Italie,4,1
187,15.73,33.77,17,achat_en_ligne,atm,France,France,0,0
204,57.31,55.03,2,paiement_pos,web,Espagne,Espagne,0,0
103,47.99,26.55,17,paiement_pos,pos,Italie,Italie,1,0
156,21.95,27.19,11,virement,web,Espagne,Espagne,0,0
69,46.9,45.74,19,achat_en_ligne,mobile,France,France,0,0
138,52.18,24.96,23,virement,web,France,France,2,0
23,21.45,22.36,10,virement,web,France,France,0,0
184,66.71,48.55,15,achat_en_ligne,web,Espagne,Espagne,0,0
94,6.76,31.29,14,retrait_atm,pos,Espagne,Belgique,0,0
153,9.99,93.36,4,achat_en_ligne,pos,Nigeria,Italie,4,1
198,8.15,9.6,19,paiement_pos,web,Allemagne,France,1,0
250,74.08,38.0,11,achat_en_ligne,pos,France,France,0,0
199,31.65,23.23,16,retrait_atm,mobile,Belgique,Belgique,0,0
269,120.02,63.66,16,achat_en_ligne,web,Espagne,Espagne,0,0
231,165.47,86.71,21,achat_en_ligne,pos,Allemagne,Allemagne,1,0
129,119.06,20.95,13,virement,atm,France,Allemagne,0,0
144,58.07,36.29,22,achat_en_ligne,mobile,Allemagne,Allemagne,0,0
169,23.48,34.46,23,paiement_pos,atm,Belgique,Belgique,0,0
214,63.09,41.68,13,retrait_atm,web,Allemagne,Allemagne,1,0
16,4.35,20.23,23,virement,mobile,Espagne,Espagne,1,0
169,48.52,34.46,6,virement,atm,Belgique,Belgique,0,0
106,16.32,18.32,20,retrait_atm,mobile,Espagne,Espagne,1,0
125,47.69,31.24,23,paiement_pos,pos,Italie,Italie,0,0
47,11.53,17.04,7,virement,pos,Allemagne,Allemagne,0,0
112,27.57,14.51,21,paiement_pos,mobile,Espagne,Espagne,0,0
265,33.58,22.04,0,virement,pos,Italie,Italie,0,0
236,9.2,15.63,2,retrait_atm,pos,Espagne,Espagne,0,0
88,159.23,22.37,3,paiement_pos,mobile,Nigeria,Belgique,0,1
139,82.57,38.79,20,retrait_atm,atm,Belgique,Belgique,1,0
299,78.79,62.82,21,virement,atm,Belgique,Belgique,1,0
185,6.12,21.77,11,achat_en_ligne,web,Allemagne,Allemagne,0,0
151,19.54,11.54,21,paiement_pos,pos,Italie,Italie,0,0
229,49.59,29.28,13,retrait_atm,atm,Allemagne,Allemagne,0,0
164,150.58,43.1,8,retrait_atm,web,Allemagne,Allemagne,2,0
131,92.32,67.67,10,paiement_pos,pos,Allemagne,Allemagne,0,0
119,17.74,36.35,17,achat_en_ligne,mobile,Belgique,Belgique,0,0
290,3.72,17.43,15,virement,mobile,Allemagne,Allemagne,1,0
279,13.73,53.63,5,retrait_atm,mobile,France,France,1,0
52,61.17,30.02,6,virement,atm,France,France,0,0
16,23.02,20.23,15,virement,atm,Espagne,Espagne,0,0
51,20.96,33.01,22,achat_en_ligne,web,Espagne,Espagne,0,0
127,569.49,85.12,18,retrait_atm,mobile,Nigeria,France,3,1
134,23.92,11.63,0,retrait_atm,web,Espagne,Allemagne,0,0
295,14.86,41.15,14,virement,pos,Allemagne,Allemagne,0,0
251,6.05,45.51,10,virement,web,Russie,France,4,1
175,288.69,66.87,19,achat_en_ligne,mobile,Espagne,Espagne,0,0
84,29.17,23.23,14,retrait_atm,web,Italie,Italie,0,0
235,8.85,12.66,10,retrait_atm,web,Allemagne,Allemagne,0,0
238,12.48,20.56,8,retrait_atm,pos,Allemagne,Allemagne,0,0
17,439.0,54.77,21,virement,atm,Nigeria,Allemagne,0,1
207,90.39,62.87,23,paiement_pos,pos,Espagne,Espagne,2,0
209,129.15,38.12,19,paiement_pos,atm,Belgique,Belgique,0,0
2,58.75,36.39,15,retrait_atm,pos,Espagne,Espagne,0,0
251,25.76,45.51,22,retrait_atm,pos,France,France,1,0
33,110.05,72.5,14,virement,atm,France,France,0,0
200,91.32,47.21,12,paiement_pos,mobile,Italie,Italie,0,0
271,62.36,31.77,14,paiement_pos,mobile,Belgique,Belgique,0,0
3,2.99,30.11,2,virement,atm,Nigeria,Espagne,6,1
58,18.63,32.16,10,achat_en_ligne,atm,France,France,0,0
162,112.28,93.63,8,retrait_atm,atm,Espagne,Espagne,0,0
263,19.9,13.61,6,retrait_atm,mobile,Belgique,Belgique,1,0
236,19.15,15.63,2,retrait_atm,atm,Espagne,Espagne,1,0
268,79.99,37.29,5,paiement_pos,mobile,Belgique,Belgique,0,0
210,70.13,38.95,10,achat_en_ligne,web,Espagne,Espagne,0,0
23,21.55,22.36,4,achat_en_ligne,pos,France,France,1,0
139,33.17,38.79,11,retrait_atm,web,Belgique,Belgique,0,0
232,55.01,25.16,17,achat_en_ligne,mobile,Italie,Italie,1,0
134,15.47,11.63,23,virement,atm,Allemagne,Allemagne,0,0
145,36.46,80.07,21,virement,web,Italie,Italie,0,0
236,10.66,15.63,8,achat_en_ligne,mobile,Espagne,Espagne,0,0
282,74.27,41.92,2,virement,pos,Allemagne,Allemagne,1,0
134,8.18,11.63,20,virement,mobile,Allemagne,Allemagne,0,0
212,53.46,30.31,0,virement,web,Espagne,Espagne,0,0
34,80.01,37.77,10,paiement_pos,atm,Allemagne,Allemagne,0,0
6,14.4,24.73,21,retrait_atm,atm,Italie,Italie,0,0
63,79.62,57.37,9,retrait_atm,pos,Belgique,Belgique,0,0
184,59.06,48.55,2,virement,atm,Espagne,Espagne,2,0
41,27.74,14.57,13,virement,atm,France,France,0,0
299,17.17,62.82,7,virement,pos,Belgique,Belgique,0,0
190,38.77,39.93,5,retrait_atm,pos,Belgique,Belgique,0,0
168,60.84,27.72,2,paiement_pos,pos,Allemagne,France,0,0
265,46.23,22.04,23,virement,web,Italie,Italie,0,0
265,24.99,22.04,17,retrait_atm,pos,Italie,Italie,0,0
254,14.54,37.27,22,paiement_pos,atm,Belgique,Belgique,0,0
132,60.19,38.77,3,paiement_pos,mobile,Allemagne,Allemagne,0,0
298,3.79,13.65,18,virement,mobile,Allemagne,Allemagne,0,0
213,15.95,30.22,14,achat_en_ligne,web,Espagne,Espagne,1,0
34,35.72,37.77,20,retrait_atm,pos,Allemagne,Allemagne,2,0
45,23.2,26.31,8,paiement_pos,mobile,France,France,0,0
53,39.47,40.55,20,retrait_atm,web,Belgique,Belgique,1,0
145,106.78,80.07,0,retrait_atm,web,Italie,Italie,0,0
140,70.9,34.17,23,paiement_pos,pos,Allemagne,Allemagne,0,0
170,18.96,21.79,15,retrait_atm,web,France,France,0,0
192,92.36,47.72,5,achat_en_ligne,pos,Espagne,Espagne,1,0
215,59.75,60.33,15,retrait_atm,mobile,Espagne,Espagne,1,0
73,61.33,28.95,2,virement,web,Allemagne,Allemagne,0,0
42,148.57,89.17,19,paiement_pos,pos,Espagne,Espagne,2,0
233,54.12,35.33,18,achat_en_ligne,mobile,France,France,0,0
153,5.0,93.36,17,virement,web,Nigeria,Italie,1,1
189,29.15,22.14,17,paiement_pos,mobile,Belgique,Belgique,0,0
132,76.17,38.77,18,retrait_atm,web,Allemagne,Allemagne,0,0
294,58.08,40.33,16,paiement_pos,mobile,Belgique,Belgique,1,0
226,87.51,54.88,8,retrait_atm,pos,Belgique,Belgique,0,0
61,29.47,19.55,1,achat_en_ligne,mobile,Italie,Italie,1,0
240,65.22,45.35,10,achat_en_ligne,web,Espagne,Espagne,0,0
97,154.43,118.81,14,achat_en_ligne,pos,Belgique,Belgique,1,0
147,19.71,28.73,11,achat_en_ligne,atm,France,France,0,0
55,29.48,34.97,4,virement,web,Allemagne,Allemagne,0,0
197,36.18,87.33,17,paiement_pos,atm,Belgique,Belgique,0,0
26,17.54,15.87,17,paiement_pos,pos,Espagne,Espagne,0,0
154,7.79,13.19,14,virement,mobile,Belgique,Belgique,3,0
118,227.24,60.8,1,virement,pos,France,France,2,1
47,8.07,17.04,7,virement,web,Allemagne,Allemagne,0,0
96,4.05,13.73,14,virement,atm,Belgique,Belgique,0,0
128,45.37,41.74,15,achat_en_ligne,pos,Espagne,Espagne,1,0
98,4.35,15.3,8,paiement_pos,web,Espagne,Espagne,0,0
42,58.48,89.17,21,paiement_pos,atm,Espagne,Espagne,0,0
34,178.98,37.77,16,virement,mobile,Allemagne,Allemagne,0,0
23,22.45,22.36,14,paiement_pos,mobile,France,France,0,0
101,57.67,189.24,12,achat_en_ligne,atm,Italie,Italie,0,0
246,18.72,43.63,23,retrait_atm,web,France,France,0,0
148,42.46,36.82,11,virement,pos,Belgique,Belgique,0,0
276,4.08,13.62,4,achat_en_ligne,pos,Allemagne,Allemagne,0,0
205,35.84,23.51,14,virement,pos,Belgique,Allemagne,0,0
79,605.91,149.98,16,paiement_pos,mobile,Allemagne,Allemagne,0,0
125,18.8,31.24,10,achat_en_ligne,pos,Italie,Italie,0,0
91,95.65,17.51,17,virement,mobile,Allemagne,Allemagne,1,0
164,78.95,43.1,14,paiement_pos,atm,Allemagne,Allemagne,0,0
235,3.37,12.66,12,retrait_atm,pos,Allemagne,Allemagne,2,0
249,98.46,52.25,13,paiement_pos,pos,Espagne,Espagne,1,0
90,24.53,30.04,14,achat_en_ligne,atm,Italie,Italie,0,0
159,7.36,27.09,23,achat_en_ligne,atm,Allemagne,Allemagne,0,0
232,36.99,25.16,1,achat_en_ligne,atm,Italie,Italie,0,0
202,26.42,80.28,22,paiement_pos,web,Italie,Italie,0,0
179,5.21,12.89,8,paiement_pos,pos,Italie,Italie,0,0
272,31.57,74.6,2,retrait_atm,web,France,France,1,0
29,29.71,85.41,14,retrait_atm,mobile,Allemagne,Allemagne,0,0
268,19.94,37.29,14,paiement_pos,web,Belgique,Belgique,0,0
106,27.2,18.32,13,retrait_atm,web,Espagne,Espagne,0,0
263,8.9,13.61,16,paiement_pos,pos,Belgique,Belgique,1,0
22,23.52,32.32,21,paiement_pos,web,Belgique,Belgique,2,0
10,31.46,59.72,9,paiement_pos,atm,France,France,0,0
163,124.76,67.12,21,virement,pos,Allemagne,Allemagne,0,0
31,15.7,30.84,20,virement,pos,Allemagne,Allemagne,0,0
178,29.05,51.34,13,achat_en_ligne,mobile,France,France,0,0
211,4.43,19.73,22,paiement_pos,mobile,Belgique,Belgique,0,0
295,428.08,41.15,2,retrait_atm,pos,Ukraine,Allemagne,0,1
87,46.35,21.38,8,paiement_pos,mobile,France,France,0,0
113,62.34,28.71,12,retrait_atm,atm,Allemagne,Allemagne,0,0
88,123.29,22.37,6,retrait_atm,mobile,Allemagne,Belgique,0,0
30,28.18,36.45,9,virement,mobile,Belgique,Allemagne,1,0
162,140.92,93.63,19,achat_en_ligne,atm,Espagne,Espagne,1,0
200,161.74,47.21,20,achat_en_ligne,web,Italie,Italie,1,0
9,41.0,35.81,11,virement,web,Belgique,Belgique,0,0
101,285.24,189.24,6,paiement_pos,atm,Italie,Italie,0,0
99,118.2,17.15,0,retrait_atm,pos,Nigeria,Espagne,0,1
59,160.72,19.97,1,achat_en_ligne,pos,Espagne,Espagne,0,1
207,98.24,62.87,12,achat_en_ligne,pos,Espagne,Espagne,0,0
199,26.5,23.23,8,paiement_pos,atm,Belgique,Belgique,0,0
6,16.47,24.73,12,retrait_atm,pos,Espagne,Italie,0,0
167,53.64,54.42,11,paiement_pos,atm,Belgique,Belgique,1,0
225,114.21,55.37,0,virement,pos,Espagne,Espagne,0,0
229,53.91,29.28,7,virement,pos,Allemagne,Allemagne,0,0
167,93.64,54.42,14,paiement_pos,atm,Belgique,Belgique,0,0
137,28.1,17.01,16,virement,atm,Belgique,Espagne,0,0
156,52.04,27.19,15,virement,pos,Espagne,Espagne,0,0
236,10.74,15.63,6,retrait_atm,mobile,Espagne,Espagne,3,0
212,31.88,30.31,14,achat_en_ligne,pos,Espagne,Espagne,0,0
298,7.4,13.65,20,virement,pos,Allemagne,Allemagne,0,0
251,31.92,45.51,16,retrait_atm,atm,France,France,0,0
141,9.37,27.79,10,paiement_pos,web,Italie,Italie,0,0
289,22.25,24.04,12,paiement_pos,mobile,Allemagne,Allemagne,0,0
265,18.29,22.04,4,virement,pos,Italie,Italie,1,0
70,96.4,73.88,18,achat_en_ligne,mobile,Allemagne,Allemagne,1,0
40,20.23,15.88,16,retrait_atm,atm,Espagne,Espagne,0,0
209,14.0,38.12,9,virement,mobile,Belgique,Belgique,0,0
200,39.15,47.21,16,retrait_atm,pos,Italie,Italie,0,0
119,62.94,36.35,10,achat_en_ligne,web,Belgique,Belgique,1,0
110,49.74,26.42,22,achat_en_ligne,web,Espagne,Espagne,1,0
250,16.17,38.0,20,paiement_pos,pos,France,France,0,0
180,50.87,31.81,21,paiement_pos,pos,Allemagne,Allemagne,0,0
219,15.59,21.2,12,retrait_atm,web,Allemagne,Allemagne,0,0
277,69.78,19.44,6,achat_en_ligne,atm,Allemagne,Allemagne,1,0
83,21.86,13.76,7,virement,web,France,France,0,0
210,48.27,38.95,10,retrait_atm,mobile,Espagne,Espagne,0,0
94,139.09,31.29,21,retrait_atm,atm,Belgique,Belgique,1,0
208,54.19,38.08,9,virement,pos,Italie,Italie,0,0
159,34.91,27.09,12,retrait_atm,mobile,Allemagne,Allemagne,0,0
63,123.56,57.37,1,paiement_pos,pos,Belgique,Belgique,2,0
163,99.12,67.12,6,paiement_pos,mobile,Allemagne,Allemagne,0,0
261,5.86,10.02,19,retrait_atm,web,Espagne,Espagne,0,0
94,31.4,31.29,12,retrait_atm,atm,Belgique,Belgique,1,0
36,70.69,64.31,22,paiement_pos,pos,France,France,1,0
134,15.52,11.63,13,retrait_atm,atm,Allemagne,Allemagne,0,0
192,74.23,47.72,1,achat_en_ligne,atm,Espagne,Espagne,4,0
174,165.14,29.54,11,virement,mobile,France,Espagne,0,0
220,8.67,20.22,22,retrait_atm,web,Italie,Italie,2,0
26,11.3,15.87,9,achat_en_ligne,web,Espagne,Espagne,0,0
146,13.07,7.1,16,virement,web,Italie,Italie,0,0
265,34.48,22.04,4,virement,pos,Italie,Italie,2,0
212,61.47,30.31,2,achat_en_ligne,pos,Espagne,Espagne,0,0
90,46.11,30.04,21,virement,mobile,Italie,Italie,0,0
219,5.56,21.2,17,achat_en_ligne,mobile,Allemagne,Allemagne,0,0
174,10.15,29.54,12,paiement_pos,atm,Espagne,Espagne,0,0
77,193.89,34.96,8,virement,atm,Belgique,Belgique,0,0
243,4.7,8.28,17,virement,atm,France,France,0,0
217,77.05,30.72,20,paiement_pos,mobile,France,France,1,0
280,109.55,92.99,8,retrait_atm,web,France,France,2,0
278,40.09,26.71,10,achat_en_ligne,atm,Espagne,Espagne,0,0
282,37.9,41.92,4,virement,web,Allemagne,Allemagne,0,0
123,41.51,21.48,21,retrait_atm,pos,Espagne,Espagne,0,0
65,49.4,33.73,11,achat_en_ligne,atm,Allemagne,Allemagne,0,0
26,21.66,15.87,8,retrait_atm,web,Espagne,Espagne,1,0
92,26.75,24.1,5,achat_en_ligne,pos,Italie,Italie,0,0
56,70.38,48.73,19,retrait_atm,mobile,France,France,0,0
71,140.43,30.18,0,virement,web,Roumanie,Espagne,1,1
256,39.49,26.15,21,retrait_atm,atm,France,France,0,0
293,20.01,29.56,16,retrait_atm,pos,Italie,Italie,0,0
180,11.87,31.81,16,virement,pos,Allemagne,Allemagne,0,0
274,43.54,20.04,2,achat_en_ligne,atm,Italie,Italie,1,0
300,8.86,27.14,17,achat_en_ligne,web,France,France,1,0
234,291.01,72.66,20,achat_en_ligne,pos,Espagne,Espagne,0,0
44,58.25,29.73,11,achat_en_ligne,mobile,Belgique,Belgique,0,0
161,83.42,46.97,17,retrait_atm,atm,Italie,Italie,0,0
224,192.3,73.51,13,achat_en_ligne,atm,Belgique,Belgique,0,0
174,7.72,29.54,1,virement,atm,Espagne,Espagne,0,0
127,316.74,85.12,18,virement,pos,Nigeria,France,0,1
253,24.13,29.73,13,paiement_pos,web,France,France,1,0
222,19.9,54.96,15,achat_en_ligne,pos,Allemagne,Allemagne,0,0
235,19.76,12.66,16,virement,mobile,Italie,Allemagne,0,0
87,116.67,21.38,18,virement,mobile,France,France,0,0
257,268.88,45.27,0,virement,atm,Espagne,Espagne,0,0
38,487.39,83.22,8,virement,atm,Italie,Italie,1,0
106,33.47,18.32,23,retrait_atm,pos,Espagne,Espagne,0,0
180,59.11,31.81,0,achat_en_ligne,pos,Allemagne,Allemagne,1,0
288,89.21,23.03,7,retrait_atm,atm,Allemagne,Allemagne,0,1
120,213.98,40.9,22,retrait_atm,pos,France,France,0,0
145,150.31,80.07,19,retrait_atm,pos,Italie,Italie,1,0
85,16.8,40.02,21,achat_en_ligne,web,Espagne,Espagne,1,0
86,86.65,68.27,20,retrait_atm,mobile,Espagne,Espagne,0,0
171,3.42,59.96,17,virement,pos,France,France,4,1
277,20.39,19.44,23,virement,web,Allemagne,Allemagne,1,0
190,16.1,39.93,10,retrait_atm,web,Italie,Belgique,2,0
31,54.57,30.84,12,achat_en_ligne,mobile,Allemagne,Allemagne,1,0
213,22.04,30.22,12,achat_en_ligne,mobile,Espagne,Espagne,0,0
267,57.35,27.91,1,achat_en_ligne,mobile,Espagne,Allemagne,1,0
66,25.74,24.77,8,retrait_atm,pos,Belgique,Belgique,1,0
149,49.47,39.55,13,achat_en_ligne,pos,Italie,Italie,0,0
236,31.43,15.63,19,paiement_pos,mobile,Espagne,Espagne,1,0
190,66.86,39.93,14,paiement_pos,atm,Belgique,Belgique,0,0
245,49.82,24.95,12,paiement_pos,mobile,Espagne,Espagne,0,0
77,65.27,34.96,0,virement,mobile,Belgique,Belgique,2,0
287,97.12,57.8,19,retrait_atm,pos,France,France,1,0
144,154.58,36.29,16,virement,mobile,Allemagne,Allemagne,0,0
70,124.68,73.88,8,retrait_atm,pos,Allemagne,Allemagne,0,0
264,12.56,8.16,6,retrait_atm,mobile,Italie,Italie,1,0
220,94.92,20.22,21,retrait_atm,pos,Italie,Italie,0,0
160,206.06,72.24,10,paiement_pos,atm,Espagne,Espagne,0,0
117,86.15,43.94,10,paiement_pos,mobile,France,France,0,0
264,35.31,8.16,14,paiement_pos,pos,Italie,Italie,0,0
7,45.38,32.06,15,achat_en_ligne,web,France,France,1,0
292,10.14,42.81,20,retrait_atm,mobile,Belgique,Belgique,1,0
276,9.25,13.62,7,achat_en_ligne,pos,Allemagne,Allemagne,0,0
181,12.23,16.39,16,achat_en_ligne,pos,Italie,Italie,0,0
245,33.47,24.95,13,retrait_atm,web,Espagne,Espagne,0,0
79,87.3,149.98,5,retrait_atm,mobile,Allemagne,Allemagne,0,0
90,38.73,30.04,13,retrait_atm,atm,Italie,Italie,0,0
95,3.73,11.53,8,retrait_atm,pos,Italie,Italie,0,0
252,5.68,21.7,21,achat_en_ligne,atm,Allemagne,Allemagne,0,0
111,20.97,30.56,19,achat_en_ligne,pos,Belgique,Belgique,0,0
223,186.53,33.34,10,paiement_pos,pos,Espagne,Espagne,0,0
11,25.61,24.54,22,virement,web,Allemagne,Allemagne,0,0
244,46.73,34.21,7,achat_en_ligne,mobile,Espagne,Espagne,0,0
266,106.12,51.92,14,virement,web,Allemagne,Allemagne,0,0
131,98.61,67.67,11,virement,atm,Allemagne,Allemagne,0,0
201,20.77,12.82,3,virement,pos,Espagne,Belgique,1,0
190,54.85,39.93,10,paiement_pos,pos,Belgique,Belgique,0,0
127,65.06,85.12,5,virement,web,France,France,1,0
259,51.87,30.86,23,retrait_atm,mobile,France,France,0,0
55,49.06,34.97,12,achat_en_ligne,web,Allemagne,Allemagne,0,0
9,20.29,35.81,1,virement,atm,Belgique,Belgique,0,0
54,142.38,77.05,0,paiement_pos,pos,Allemagne,Allemagne,0,0
261,21.53,10.02,20,retrait_atm,mobile,Espagne,Espagne,1,0
145,129.73,80.07,18,achat_en_ligne,web,Italie,Italie,0,0
164,12.31,43.1,19,paiement_pos,web,Allemagne,Allemagne,0,0
184,83.82,48.55,6,paiement_pos,mobile,Espagne,Espagne,0,0
76,16.83,17.28,0,paiement_pos,atm,Allemagne,Allemagne,0,0
191,59.68,66.23,7,paiement_pos,pos,Espagne,Espagne,1,0
208,42.22,38.08,15,achat_en_ligne,mobile,Italie,Italie,0,0
109,41.39,42.99,2,achat_en_ligne,pos,Allemagne,Allemagne,0,0
198,19.68,9.6,8,retrait_atm,atm,France,France,1,0
237,19.2,12.67,13,achat_en_ligne,atm,Espagne,Espagne,0,0
81,22.03,19.85,4,achat_en_ligne,pos,Italie,Italie,1,0
226,49.81,54.88,17,achat_en_ligne,atm,Belgique,Belgique,1,0
147,19.7,28.73,10,retrait_atm,atm,France,France,0,0
53,75.23,40.55,11,paiement_pos,mobile,Belgique,Belgique,1,0
16,43.96,20.23,6,retrait_atm,atm,Espagne,Espagne,0,0
126,92.09,116.27,10,paiement_pos,mobile,Allemagne,Allemagne,1,0
192,102.87,47.72,9,paiement_pos,pos,Espagne,Espagne,1,0
252,5.58,21.7,3,virement,atm,Allemagne,Allemagne,0,0
56,86.8,48.73,23,achat_en_ligne,atm,France,France,1,0
109,33.16,42.99,8,virement,atm,Allemagne,Allemagne,1,0
18,42.12,19.26,17,paiement_pos,pos,France,France,0,0
184,15.5,48.55,21,virement,pos,Belgique,Espagne,1,0
273,70.36,35.0,2,achat_en_ligne,pos,France,France,0,0
17,63.64,54.77,9,achat_en_ligne,pos,Allemagne,Allemagne,0,0
181,32.83,16.39,7,achat_en_ligne,web,Italie,Italie,1,0
213,39.24,30.22,13,achat_en_ligne,mobile,Espagne,Espagne,1,0
96,19.3,13.73,10,paiement_pos,web,Belgique,Belgique,0,0
195,7.48,34.58,14,achat_en_ligne,mobile,Italie,Italie,0,0
207,135.53,62.87,1,retrait_atm,web,Espagne,Espagne,0,0
170,40.31,21.79,3,achat_en_ligne,web,France,France,0,0
12,26.96,16.27,15,virement,web,Italie,Italie,0,0
13,36.37,18.56,6,virement,pos,Espagne,Espagne,2,0
107,60.1,28.58,20,achat_en_ligne,web,Espagne,Espagne,0,0
284,76.28,44.03,8,retrait_atm,mobile,Allemagne,Allemagne,1,0
251,94.36,45.51,18,retrait_atm,atm,France,France,1,0
71,38.6,30.18,18,achat_en_ligne,mobile,Espagne,Espagne,0,0
230,2.84,9.95,15,virement,pos,France,France,1,0
289,123.65,24.04,6,achat_en_ligne,web,Allemagne,Allemagne,0,0
118,62.47,60.8,5,paiement_pos,web,Espagne,France,0,0
181,85.42,16.39,8,virement,mobile,Italie,Italie,1,0
296,61.39,73.14,22,retrait_atm,web,Allemagne,Allemagne,0,0
218,23.36,80.55,22,achat_en_ligne,atm,France,France,0,0
249,33.37,52.25,5,paiement_pos,pos,Espagne,Espagne,0,0
226,98.17,54.88,16,virement,mobile,Belgique,Belgique,0,0
40,8.95,15.88,17,retrait_atm,atm,Espagne,Espagne,0,0
258,14.77,28.23,13,paiement_pos,pos,France,France,0,0
134,6.7,11.63,10,paiement_pos,web,Allemagne,Allemagne,1,0
105,176.8,93.43,20,paiement_pos,web,Espagne,Espagne,0,0
44,122.73,29.73,8,virement,pos,Belgique,Belgique,0,0
143,40.58,28.47,4,virement,mobile,Belgique,Belgique,0,0
23,47.74,22.36,1,retrait_atm,pos,France,France,0,0
128,46.34,41.74,8,paiement_pos,mobile,Espagne,Espagne,0,0
290,34.88,17.43,15,achat_en_ligne,pos,Allemagne,Allemagne,0,0
131,39.46,67.67,22,achat_en_ligne,web,Allemagne,Allemagne,0,0
216,97.73,17.55,1,retrait_atm,web,Belgique,Belgique,0,0
210,28.56,38.95,23,paiement_pos,web,Espagne,Espagne,0,0
163,16.7,67.12,19,virement,pos,Allemagne,Allemagne,0,0
208,37.72,38.08,9,achat_en_ligne,atm,Italie,Italie,0,0
208,72.06,38.08,2,retrait_atm,mobile,Italie,Italie,1,0
143,54.27,28.47,8,achat_en_ligne,atm,Belgique,Belgique,1,0
32,56.84,39.31,12,paiement_pos,atm,Belgique,Belgique,1,0
165,72.75,94.29,0,virement,atm,Allemagne,Allemagne,0,0
127,79.28,85.12,10,retrait_atm,mobile,France,France,0,0
12,52.93,16.27,4,retrait_atm,web,Nigeria,Italie,3,1
270,138.62,73.45,6,paiement_pos,atm,Allemagne,Allemagne,0,0
24,78.32,43.28,14,achat_en_ligne,atm,Italie,Italie,0,0
171,79.83,59.96,20,virement,mobile,France,France,0,0
63,16.97,57.37,14,retrait_atm,web,Belgique,Belgique,0,0
271,64.78,31.77,14,paiement_pos,web,Belgique,Belgique,1,0
71,23.66,30.18,4,paiement_pos,atm,Espagne,Espagne,0,0
266,35.84,51.92,15,virement,pos,Allemagne,Allemagne,1,0
127,33.13,85.12,21,paiement_pos,web,France,France,1,0
139,77.22,38.79,6,paiement_pos,web,Belgique,Belgique,0,0
26,9.0,15.87,2,retrait_atm,mobile,Espagne,Espagne,0,0
6,120.14,24.73,23,virement,atm,Italie,Italie,0,0
272,867.77,74.6,7,retrait_atm,mobile,France,France,0,1
67,0.64,27.2,2,virement,mobile,Roumanie,Italie,3,1
158,21.45,17.61,16,virement,mobile,Allemagne,Allemagne,0,0
67,118.2,27.2,6,retrait_atm,web,Italie,Italie,0,0
214,55.72,41.68,19,paiement_pos,web,Allemagne,Allemagne,0,0
131,388.95,67.67,9,retrait_atm,mobile,Allemagne,Allemagne,0,0
232,36.16,25.16,19,virement,mobile,Italie,Italie,1,0
266,51.84,51.92,7,virement,pos,Allemagne,Allemagne,0,0
167,112.11,54.42,2,virement,web,Belgique,Belgique,1,0
58,58.04,32.16,19,retrait_atm,web,France,France,2,0
61,23.62,19.55,13,retrait_atm,web,Italie,Italie,0,0
46,78.4,79.59,18,retrait_atm,mobile,Italie,Italie,1,0
70,222.03,73.88,3,retrait_atm,atm,Russie,Allemagne,1,1
8,189.9,95.66,23,virement,pos,Espagne,Espagne,0,0
175,367.04,66.87,21,retrait_atm,mobile,Espagne,Espagne,0,0
58,36.84,32.16,2,achat_en_ligne,mobile,France,France,0,0
209,78.65,38.12,6,paiement_pos,web,Belgique,Belgique,0,0
65,12.54,33.73,5,retrait_atm,pos,Allemagne,Allemagne,1,0
38,96.97,83.22,16,achat_en_ligne,atm,Italie,Italie,0,0
33,83.03,72.5,19,achat_en_ligne,pos,France,France,0,0
278,38.61,26.71,19,paiement_pos,atm,Espagne,Espagne,0,0
291,39.54,22.36,14,achat_en_ligne,web,Italie,Italie,0,0
16,21.4,20.23,9,virement,web,Espagne,Espagne,0,0
298,24.5,13.65,7,virement,mobile,Allemagne,Allemagne,0,0
128,53.18,41.74,23,achat_en_ligne,mobile,Espagne,Espagne,0,0
294,17.89,40.33,13,achat_en_ligne,pos,Belgique,Belgique,0,0
178,54.54,51.34,23,achat_en_ligne,pos,France,France,0,0
97,218.91,118.81,9,paiement_pos,web,Belgique,Belgique,0,0
85,170.74,40.02,23,achat_en_ligne,web,Espagne,Espagne,0,0
145,79.01,80.07,20,paiement_pos,mobile,Italie,Italie,0,0
175,137.7,66.87,8,achat_en_ligne,mobile,Espagne,Espagne,0,0
267,7.65,27.91,2,paiement_pos,pos,Allemagne,Allemagne,1,0
168,10.96,27.72,21,achat_en_ligne,atm,France,France,0,0
24,40.09,43.28,9,paiement_pos,pos,Italie,Italie,0,0
58,12.33,32.16,13,paiement_pos,atm,France,France,0,0
217,7.71,30.72,8,paiement_pos,web,France,France,0,0
238,30.55,20.56,23,retrait_atm,atm,Allemagne,Allemagne,0,0
275,17.3,23.18,14,achat_en_ligne,pos,Allemagne,Allemagne,0,0
87,36.81,21.38,11,retrait_atm,pos,France,France,0,0
149,56.16,39.55,12,virement,web,Italie,Italie,0,0
286,3.43,11.04,22,achat_en_ligne,mobile,Italie,Italie,1,0
162,247.21,93.63,20,achat_en_ligne,pos,Espagne,Espagne,0,0
72,33.04,21.81,17,retrait_atm,web,France,France,2,0
174,43.11,29.54,20,achat_en_ligne,atm,Espagne,Espagne,1,0
68,45.63,60.44,9,paiement_pos,mobile,Belgique,Belgique,1,0
153,132.69,93.36,19,virement,mobile,Italie,Italie,0,0
53,83.08,40.55,5,paiement_pos,pos,Belgique,Belgique,0,0
37,426.89,42.83,1,paiement_pos,atm,Italie,Italie,0,1
202,141.08,80.28,11,achat_en_ligne,pos,Italie,Italie,0,0
6,29.57,24.73,13,achat_en_ligne,web,Italie,Italie,2,0
135,24.57,57.77,14,virement,web,Espagne,Espagne,0,0
186,9.41,18.03,21,achat_en_ligne,mobile,Allemagne,Allemagne,0,0
53,55.39,40.55,8,retrait_atm,mobile,Belgique,Belgique,0,0
94,20.52,31.29,11,achat_en_ligne,atm,Belgique,Belgique,0,0
273,57.99,35.0,23,paiement_pos,pos,France,France,0,0
155,118.47,55.61,15,virement,atm,Allemagne,Allemagne,1,0
233,60.68,35.33,6,paiement_pos,atm,France,France,1,0
206,92.45,53.96,7,paiement_pos,web,Belgique,Belgique,1,0
222,53.97,54.96,15,achat_en_ligne,atm,Allemagne,Allemagne,0,0
82,35.91,27.87,18,retrait_atm,atm,Allemagne,Allemagne,0,0
265,36.66,22.04,15,retrait_atm,web,Italie,Italie,0,0
52,48.07,30.02,8,paiement_pos,web,France,France,0,0
246,86.02,43.63,12,paiement_pos,pos,Belgique,France,0,0
211,80.86,19.73,12,retrait_atm,mobile,Belgique,Belgique,0,0
275,118.94,23.18,1,retrait_atm,mobile,Allemagne,Allemagne,0,0
157,13.55,31.92,17,retrait_atm,atm,France,France,0,0
157,67.85,31.92,7,virement,atm,France,France,0,0
90,6.58,30.04,23,virement,web,Italie,Italie,0,0
75,31.95,36.82,16,retrait_atm,mobile,Espagne,Espagne,0,0
177,55.34,98.73,20,retrait_atm,mobile,Espagne,Espagne,0,0
212,49.21,30.31,7,achat_en_ligne,pos,Espagne,Espagne,2,0
232,8.71,25.16,11,virement,atm,Italie,Italie,0,0
246,76.3,43.63,8,virement,web,France,France,0,0
112,17.11,14.51,14,achat_en_ligne,pos,Espagne,Espagne,0,0
70,151.8,73.88,14,paiement_pos,mobile,Allemagne,Allemagne,0,0
51,59.46,33.01,9,retrait_atm,web,Espagne,Espagne,0,0
192,73.7,47.72,7,achat_en_ligne,web,Espagne,Espagne,0,0
190,81.81,39.93,14,paiement_pos,atm,Belgique,Belgique,0,0
215,103.35,60.33,2,paiement_pos,web,Espagne,Espagne,0,0
213,32.48,30.22,18,achat_en_ligne,pos,Espagne,Espagne,0,0
275,50.21,23.18,2,paiement_pos,pos,Allemagne,Allemagne,1,0
175,41.04,66.87,19,retrait_atm,atm,Espagne,Espagne,0,0
98,28.18,15.3,22,achat_en_ligne,atm,Espagne,Espagne,0,0
117,75.63,43.94,17,paiement_pos,atm,France,France,0,0
72,1.15,21.81,15,retrait_atm,pos,Nigeria,France,3,1
94,10.99,31.29,23,paiement_pos,pos,Belgique,Belgique,0,0
51,8.85,33.01,10,virement,pos,Espagne,Espagne,0,0
253,33.48,29.73,13,paiement_pos,web,France,France,1,0
16,23.16,20.23,15,paiement_pos,mobile,Espagne,Espagne,0,0
279,38.06,53.63,7,virement,web,France,France,0,0
10,274.36,59.72,12,virement,mobile,France,France,0,0
278,56.17,26.71,7,retrait_atm,web,Espagne,Espagne,1,0
300,36.7,27.14,7,paiement_pos,atm,France,France,0,0
286,6.56,11.04,19,paiement_pos,web,Italie,Italie,0,0
241,63.12,39.09,11,paiement_pos,web,France,France,0,0
236,13.9,15.63,5,paiement_pos,pos,Espagne,Espagne,1,0
66,6.75,24.77,19,retrait_atm,web,Belgique,Belgique,1,0
5,8.25,12.12,20,virement,web,Allemagne,Allemagne,0,0
287,53.12,57.8,19,achat_en_ligne,pos,France,France,1,0
194,165.68,39.75,10,achat_en_ligne,atm,Belgique,Belgique,0,0
20,80.95,41.72,15,virement,web,Allemagne,Allemagne,0,0
147,30.72,28.73,14,achat_en_ligne,web,France,France,0,0
102,8.08,16.4,23,retrait_atm,web,France,France,0,0
201,19.88,12.82,22,virement,mobile,Belgique,Belgique,0,0
137,36.25,17.01,9,achat_en_ligne,web,Espagne,Espagne,0,0
11,31.62,24.54,17,virement,mobile,Allemagne,Allemagne,0,0
95,20.55,11.53,7,virement,web,Italie,Italie,0,0
266,23.73,51.92,1,virement,atm,Allemagne,Allemagne,0,0
113,13.74,28.71,21,achat_en_ligne,mobile,Allemagne,Allemagne,0,0
133,152.37,44.17,10,retrait_atm,mobile,France,France,0,0
297,15.96,26.96,17,retrait_atm,mobile,Italie,Italie,0,0
81,38.57,19.85,12,paiement_pos,web,Italie,Italie,0,0
81,4.37,19.85,13,paiement_pos,pos,Italie,Italie,1,0
211,12.07,19.73,13,retrait_atm,pos,Belgique,Belgique,0,0
203,57.46,41.31,16,retrait_atm,pos,Allemagne,Allemagne,0,0
97,195.48,118.81,10,paiement_pos,mobile,Belgique,Belgique,1,0
274,31.42,20.04,18,retrait_atm,atm,Italie,Italie,0,0
263,18.06,13.61,6,retrait_atm,pos,Belgique,Belgique,0,0
31,40.98,30.84,7,retrait_atm,mobile,Allemagne,Allemagne,1,0
241,120.95,39.09,23,paiement_pos,atm,France,France,0,0
224,152.35,73.51,5,paiement_pos,web,Belgique,Belgique,2,0
167,21.25,54.42,17,paiement_pos,web,Belgique,Belgique,0,0
137,22.39,17.01,19,retrait_atm,pos,Espagne,Espagne,0,0
71,21.23,30.18,14,virement,mobile,Espagne,Espagne,0,0
71,92.48,30.18,7,retrait_atm,atm,Espagne,Espagne,0,0
300,33.82,27.14,9,retrait_atm,atm,France,France,0,0
247,43.09,50.46,1,achat_en_ligne,web,Espagne,Espagne,0,0
247,94.98,50.46,6,virement,atm,Espagne,Espagne,1,0
148,80.53,36.82,12,paiement_pos,mobile,Belgique,Belgique,0,0
248,31.91,35.98,23,achat_en_ligne,pos,Allemagne,Allemagne,0,0
151,6.24,11.54,7,virement,mobile,Italie,Italie,0,0
46,74.73,79.59,12,achat_en_ligne,mobile,Italie,Italie,1,0
136,150.24,43.5,15,paiement_pos,pos,Belgique,Belgique,1,0
224,33.77,73.51,3,retrait_atm,mobile,Belgique,Belgique,0,0
232,7.58,25.16,15,virement,atm,Allemagne,Italie,1,0
34,45.87,37.77,6,retrait_atm,atm,Allemagne,Allemagne,0,0
80,188.6,102.12,11,retrait_atm,mobile,Espagne,Espagne,1,0
77,59.12,34.96,9,virement,atm,Belgique,Belgique,0,0
260,34.91,54.47,22,retrait_atm,web,Allemagne,Allemagne,0,0
163,24.34,67.12,20,virement,pos,Allemagne,Allemagne,0,0
38,1028.23,83.22,3,retrait_atm,pos,Russie,Italie,2,1
146,5.91,7.1,16,retrait_atm,pos,Italie,Italie,0,0
159,20.53,27.09,13,retrait_atm,atm,Allemagne,Allemagne,0,0
300,33.15,27.14,7,virement,atm,France,France,1,0
297,12.29,26.96,1,paiement_pos,mobile,Italie,Italie,1,0
95,23.65,11.53,14,retrait_atm,pos,Italie,Italie,1,0
214,70.98,41.68,7,paiement_pos,web,Allemagne,Allemagne,1,0
250,82.37,38.0,11,virement,atm,France,France,0,0
257,57.73,45.27,17,paiement_pos,web,Espagne,Espagne,0,0
99,5.66,17.15,4,achat_en_ligne,pos,Espagne,Espagne,0,0
195,68.55,34.58,9,achat_en_ligne,atm,Italie,Italie,0,0
71,28.64,30.18,18,achat_en_ligne,mobile,Espagne,Espagne,0,0
246,196.04,43.63,20,achat_en_ligne,atm,France,France,0,0
74,161.99,38.3,22,paiement_pos,pos,Roumanie,France,0,1
117,58.54,43.94,17,paiement_pos,pos,France,France,1,0
170,10.63,21.79,19,virement,atm,France,France,0,0
175,128.73,66.87,14,virement,mobile,Espagne,Espagne,0,0
149,49.95,39.55,9,paiement_pos,web,Italie,Italie,0,0
150,18.31,26.49,3,retrait_atm,atm,France,France,0,0
210,40.85,38.95,19,paiement_pos,atm,Espagne,Espagne,0,0
208,212.19,38.08,3,retrait_atm,atm,Italie,Italie,0,0
21,41.34,30.14,11,retrait_atm,atm,Allemagne,Allemagne,0,0
260,291.53,54.47,22,virement,pos,Allemagne,Allemagne,0,0
37,49.73,42.83,9,retrait_atm,pos,Italie,Italie,0,0
57,12.95,9.68,16,virement,atm,Allemagne,Allemagne,1,0
148,79.94,36.82,17,retrait_atm,atm,Belgique,Belgique,0,0
21,53.25,30.14,16,virement,web,Allemagne,Allemagne,0,0
276,8.3,13.62,16,virement,web,Allemagne,Allemagne,1,0
109,77.61,42.99,20,retrait_atm,atm,Allemagne,Allemagne,1,0
6,31.09,24.73,0,retrait_atm,web,Italie,Italie,0,0
21,103.48,30.14,8,achat_en_ligne,web,Allemagne,Allemagne,0,0
87,35.96,21.38,11,paiement_pos,web,France,France,1,0
216,10.49,17.55,22,achat_en_ligne,web,Belgique,Belgique,1,0
56,34.77,48.73,11,achat_en_ligne,atm,France,France,0,0
112,10.27,14.51,6,virement,pos,Espagne,Espagne,5,0
92,95.39,24.1,13,paiement_pos,web,Italie,Italie,0,0
37,89.59,42.83,0,paiement_pos,atm,Italie,Italie,0,0
59,17.26,19.97,12,retrait_atm,web,Espagne,Espagne,0,0
167,105.99,54.42,0,paiement_pos,web,Belgique,Belgique,0,0
227,39.26,46.18,11,achat_en_ligne,web,Italie,Italie,0,0
151,19.91,11.54,23,achat_en_ligne,pos,Italie,Italie,1,0
26,8.52,15.87,11,retrait_atm,pos,Espagne,Espagne,1,0
206,54.59,53.96,14,paiement_pos,web,Belgique,Belgique,0,0
144,165.79,36.29,15,retrait_atm,web,Allemagne,Allemagne,1,0
244,39.97,34.21,21,paiement_pos,pos,Espagne,Espagne,0,0
283,28.52,17.74,21,retrait_atm,pos,Espagne,Espagne,0,0
246,59.52,43.63,21,virement,web,France,France,0,0
12,8.9,16.27,4,paiement_pos,pos,Italie,Italie,0,0
24,62.35,43.28,18,paiement_pos,pos,Italie,Italie,0,0
60,3.21,15.94,20,retrait_atm,atm,Espagne,Espagne,0,0
237,24.29,12.67,2,paiement_pos,web,Espagne,Espagne,0,0
114,15.3,28.22,18,achat_en_ligne,web,France,Allemagne,0,0
60,20.0,15.94,1,retrait_atm,mobile,Espagne,Espagne,0,0
80,176.99,102.12,14,retrait_atm,atm,Espagne,Espagne,1,0
225,57.72,55.37,17,virement,atm,Espagne,Espagne,0,0
38,171.64,83.22,23,paiement_pos,mobile,Italie,Italie,0,0
238,4.33,20.56,9,achat_en_ligne,web,Allemagne,Allemagne,0,0
210,23.57,38.95,0,paiement_pos,mobile,Espagne,Espagne,0,0
149,52.51,39.55,1,virement,pos,Italie,Italie,0,0
82,10.99,27.87,3,virement,web,Allemagne,Allemagne,2,0
72,23.49,21.81,11,achat_en_ligne,web,France,France,0,0
230,21.75,9.95,8,virement,mobile,Italie,France,0,0
50,34.73,26.13,18,virement,atm,Italie,Espagne,0,0
233,58.24,35.33,16,retrait_atm,pos,France,France,0,0
2,61.28,36.39,7,paiement_pos,pos,Italie,Espagne,1,0
47,4.57,17.04,20,achat_en_ligne,web,Allemagne,Allemagne,0,0
212,22.46,30.31,7,retrait_atm,mobile,Espagne,Espagne,1,0
292,59.55,42.81,20,virement,web,France,Belgique,0,0
274,16.56,20.04,22,retrait_atm,atm,Italie,Italie,0,0
9,65.24,35.81,14,retrait_atm,pos,Belgique,Belgique,0,0
289,45.97,24.04,13,paiement_pos,web,Allemagne,Allemagne,0,0
298,3.41,13.65,4,virement,web,Allemagne,Allemagne,0,0
294,76.38,40.33,12,retrait_atm,web,Belgique,Belgique,0,0
85,37.65,40.02,11,retrait_atm,pos,Belgique,Espagne,0,0
229,20.86,29.28,14,retrait_atm,atm,Allemagne,Allemagne,0,0
250,77.26,38.0,18,virement,mobile,France,France,1,0
63,82.19,57.37,12,retrait_atm,atm,Belgique,Belgique,0,0
295,60.32,41.15,17,paiement_pos,pos,Allemagne,Allemagne,1,0
122,35.12,33.12,18,achat_en_ligne,web,Espagne,Espagne,0,0
191,135.48,66.23,10,paiement_pos,pos,Espagne,Espagne,1,0
53,83.1,40.55,14,paiement_pos,web,Belgique,Belgique,0,0
300,14.59,27.14,9,achat_en_ligne,pos,France,France,0,0
255,116.64,54.18,10,achat_en_ligne,mobile,Espagne,Espagne,1,0
85,45.34,40.02,16,achat_en_ligne,mobile,Espagne,Espagne,0,0
158,25.0,17.61,8,paiement_pos,web,Allemagne,Allemagne,0,0
202,20.16,80.28,13,virement,atm,Italie,Italie,0,0
286,19.23,11.04,13,achat_en_ligne,mobile,Italie,Italie,0,0
127,169.1,85.12,10,retrait_atm,mobile,France,France,0,0
56,97.03,48.73,21,paiement_pos,pos,France,France,0,0
223,40.35,33.34,16,retrait_atm,mobile,Espagne,Espagne,2,0
198,11.49,9.6,18,virement,mobile,France,France,0,0
285,52.61,30.61,19,retrait_atm,web,Allemagne,Allemagne,0,0
300,42.57,27.14,11,retrait_atm,web,France,France,1,0
135,46.81,57.77,7,virement,web,Espagne,Espagne,0,0
40,21.55,15.88,14,retrait_atm,mobile,Espagne,Espagne,0,0
294,84.4,40.33,0,achat_en_ligne,mobile,Belgique,Belgique,0,0
293,13.85,29.56,22,paiement_pos,atm,Italie,Italie,1,0
183,100.57,82.0,17,virement,web,Allemagne,Allemagne,0,0
24,93.89,43.28,4,paiement_pos,mobile,Italie,Italie,0,0
182,40.17,24.26,15,achat_en_ligne,atm,France,France,0,0
119,106.1,36.35,13,paiement_pos,mobile,Italie,Belgique,0,0
63,95.74,57.37,10,virement,atm,Belgique,Belgique,0,0
40,17.3,15.88,9,paiement_pos,atm,Espagne,Espagne,0,0
11,30.98,24.54,19,achat_en_ligne,web,Allemagne,Allemagne,0,0
205,8.25,23.51,22,achat_en_ligne,pos,Allemagne,Allemagne,2,0
12,8.95,16.27,8,achat_en_ligne,atm,Italie,Italie,0,0
260,60.37,54.47,5,achat_en_ligne,web,Allemagne,Allemagne,0,0
32,68.07,39.31,9,virement,pos,Belgique,Belgique,0,0
241,55.0,39.09,10,paiement_pos,pos,France,France,0,0
172,4.04,16.33,11,paiement_pos,web,France,France,0,0
195,22.11,34.58,11,virement,web,Italie,Italie,1,0
74,19.47,38.3,22,virement,pos,France,France,1,0
170,34.61,21.79,19,achat_en_ligne,pos,France,France,1,0
101,147.0,189.24,23,achat_en_ligne,pos,Espagne,Italie,1,0
6,11.14,24.73,22,virement,pos,Italie,Italie,0,0
201,27.15,12.82,19,retrait_atm,web,Belgique,Belgique,0,0
97,250.19,118.81,3,achat_en_ligne,atm,Belgique,Belgique,1,0
223,18.74,33.34,4,paiement_pos,mobile,Espagne,Espagne,1,0
234,157.93,72.66,20,paiement_pos,web,Espagne,Espagne,1,0
130,30.66,16.99,17,paiement_pos,mobile,Espagne,Espagne,0,0
15,54.19,118.76,16,retrait_atm,pos,Espagne,Espagne,1,0
271,29.52,31.77,13,paiement_pos,web,Belgique,Belgique,0,0
151,6.79,11.54,19,achat_en_ligne,pos,Italie,Italie,0,0
170,65.71,21.79,10,achat_en_ligne,atm,France,France,0,0
32,70.12,39.31,17,retrait_atm,atm,Belgique,Belgique,0,0
186,38.64,18.03,18,paiement_pos,web,Allemagne,Allemagne,0,0
66,8.29,24.77,16,achat_en_ligne,web,Belgique,Belgique,0,0
54,44.34,77.05,11,retrait_atm,web,Allemagne,Allemagne,0,0
168,24.77,27.72,22,achat_en_ligne,atm,France,France,0,0
248,42.97,35.98,5,paiement_pos,mobile,Allemagne,Allemagne,1,0
156,5.62,27.19,18,paiement_pos,pos,Espagne,Espagne,0,0
205,25.72,23.51,8,virement,web,Allemagne,Allemagne,1,0
252,39.67,21.7,16,achat_en_ligne,pos,Allemagne,Allemagne,0,0
27,9.46,15.38,19,retrait_atm,atm,Allemagne,Allemagne,0,0
266,388.93,51.92,5,virement,web,Russie,Allemagne,0,1
203,57.0,41.31,22,paiement_pos,pos,Espagne,Allemagne,0,0
265,8.93,22.04,13,virement,pos,Italie,Italie,1,0
194,38.34,39.75,22,achat_en_ligne,mobile,Belgique,Belgique,0,0
68,68.04,60.44,18,paiement_pos,mobile,Belgique,Belgique,1,0
2,33.08,36.39,19,retrait_atm,atm,Espagne,Espagne,0,0
160,42.48,72.24,9,achat_en_ligne,mobile,Espagne,Espagne,0,0
43,144.18,93.15,7,paiement_pos,mobile,Espagne,Espagne,0,0
203,71.26,41.31,9,virement,web,Allemagne,Allemagne,0,0
194,20.34,39.75,10,virement,mobile,Belgique,Belgique,0,0
138,20.59,24.96,22,retrait_atm,web,France,France,0,0
126,54.0,116.27,22,retrait_atm,atm,Allemagne,Allemagne,1,0
241,39.19,39.09,22,retrait_atm,atm,Italie,France,0,0
226,37.44,54.88,9,achat_en_ligne,mobile,Belgique,Belgique,0,0
260,80.22,54.47,5,achat_en_ligne,pos,Allemagne,Allemagne,1,0
248,127.81,35.98,7,paiement_pos,pos,Allemagne,Allemagne,1,0
281,16.71,14.45,23,retrait_atm,web,Belgique,Belgique,0,0
125,44.97,31.24,23,retrait_atm,pos,Italie,Italie,1,0
133,15.99,44.17,16,retrait_atm,mobile,France,France,1,0
179,61.59,12.89,22,paiement_pos,pos,Italie,Italie,0,0
217,12.38,30.72,7,retrait_atm,pos,France,France,2,0
51,37.65,33.01,9,virement,web,Espagne,Espagne,0,0
234,52.06,72.66,15,paiement_pos,web,Espagne,Espagne,1,0
261,28.37,10.02,8,paiement_pos,mobile,Espagne,Espagne,0,0
165,133.6,94.29,10,paiement_pos,web,Allemagne,Allemagne,0,0
266,98.66,51.92,4,virement,atm,Allemagne,Allemagne,0,0
212,50.66,30.31,15,paiement_pos,pos,Espagne,Espagne,0,0
62,52.85,27.1,21,retrait_atm,pos,Espagne,Espagne,0,0
294,67.97,40.33,13,paiement_pos,web,Belgique,Belgique,0,0
285,62.55,30.61,17,paiement_pos,mobile,Allemagne,Allemagne,1,0
149,80.3,39.55,21,virement,mobile,Italie,Italie,0,0
127,118.71,85.12,17,achat_en_ligne,atm,France,France,0,0
42,139.21,89.17,5,retrait_atm,pos,Espagne,Espagne,0,0
299,80.27,62.82,16,paiement_pos,web,Belgique,Belgique,1,0
78,52.65,37.98,15,retrait_atm,pos,Belgique,Belgique,0,0
290,28.22,17.43,12,paiement_pos,pos,Belgique,Allemagne,0,0
149,77.59,39.55,6,achat_en_ligne,pos,Italie,Italie,1,0
100,434.71,99.7,20,paiement_pos,mobile,France,France,0,0
74,154.95,38.3,10,retrait_atm,atm,France,France,0,0
201,20.58,12.82,19,paiement_pos,pos,Belgique,Belgique,0,0
73,119.49,28.95,20,paiement_pos,mobile,Allemagne,Allemagne,0,0
123,46.35,21.48,5,paiement_pos,mobile,Espagne,Espagne,1,0
38,111.68,83.22,3,virement,atm,Italie,Italie,0,0
129,7.12,20.95,21,retrait_atm,atm,Allemagne,Allemagne,0,0
98,32.03,15.3,22,paiement_pos,mobile,Espagne,Espagne,0,0
242,30.53,14.19,7,virement,pos,Allemagne,Allemagne,0,0
153,25.63,93.36,5,achat_en_ligne,mobile,Italie,Italie,0,0
165,89.53,94.29,14,virement,pos,Allemagne,Allemagne,0,0
59,39.39,19.97,22,paiement_pos,pos,Espagne,Espagne,0,0
108,278.19,52.79,15,paiement_pos,atm,Espagne,Espagne,0,0
82,59.99,27.87,5,achat_en_ligne,mobile,Allemagne,Allemagne,0,0
262,63.08,15.21,22,achat_en_ligne,pos,France,France,1,0
3,31.51,30.11,15,achat_en_ligne,atm,Espagne,Espagne,0,0
78,42.25,37.98,21,virement,pos,Belgique,Belgique,0,0
64,8.14,14.94,10,virement,mobile,Italie,Italie,0,0
178,0.81,51.34,22,virement,mobile,France,France,2,1
266,70.66,51.92,20,virement,mobile,Allemagne,Allemagne,0,0
51,48.74,33.01,19,virement,web,Espagne,Espagne,0,0
297,22.44,26.96,7,retrait_atm,pos,Italie,Italie,1,0
290,24.18,17.43,7,achat_en_ligne,atm,Allemagne,Allemagne,0,0
284,72.96,44.03,20,virement,atm,Allemagne,Allemagne,0,0
113,19.53,28.71,19,virement,mobile,Allemagne,Allemagne,2,0
183,668.64,82.0,10,paiement_pos,mobile,Ukraine,Allemagne,2,1
144,50.82,36.29,8,achat_en_ligne,atm,Allemagne,Allemagne,0,0
27,4.84,15.38,9,achat_en_ligne,pos,Allemagne,Allemagne,0,0
20,24.19,41.72,12,paiement_pos,mobile,Allemagne,Allemagne,0,0
183,154.87,82.0,23,paiement_pos,atm,Allemagne,Allemagne,0,0
254,28.43,37.27,23,paiement_pos,atm,Belgique,Belgique,0,0
78,167.4,37.98,10,retrait_atm,web,Belgique,Belgique,0,0
281,8.84,14.45,8,retrait_atm,web,Belgique,Belgique,1,0
96,29.04,13.73,22,virement,web,Belgique,Belgique,0,0
120,41.66,40.9,8,achat_en_ligne,web,France,France,0,0
252,20.62,21.7,8,achat_en_ligne,web,Allemagne,Allemagne,0,0
166,26.93,43.09,12,retrait_atm,mobile,Italie,Italie,1,0
25,14.27,25.2,14,retrait_atm,atm,Espagne,Espagne,0,0
229,96.99,29.28,1,paiement_pos,pos,Allemagne,Allemagne,0,0
198,13.71,9.6,21,retrait_atm,mobile,France,France,0,0
275,7.94,23.18,14,achat_en_ligne,atm,Allemagne,Allemagne,0,0
27,12.37,15.38,9,virement,pos,Allemagne,Allemagne,0,0
288,8.66,23.03,23,virement,atm,Allemagne,Allemagne,0,0
198,19.73,9.6,10,virement,atm,France,France,0,0
254,41.44,37.27,14,virement,mobile,Belgique,Belgique,0,0
151,17.48,11.54,23,achat_en_ligne,mobile,Italie,Italie,0,0
277,9.22,19.44,6,paiement_pos,atm,Allemagne,Allemagne,2,0
206,58.22,53.96,20,paiement_pos,pos,Belgique,Belgique,0,0
25,28.08,25.2,11,virement,web,Espagne,Espagne,0,0
79,209.12,149.98,10,virement,web,Allemagne,Allemagne,0,0
110,27.15,26.42,11,virement,mobile,Espagne,Espagne,1,0
270,137.24,73.45,1,retrait_atm,web,Allemagne,Allemagne,1,0
242,5.46,14.19,23,virement,mobile,Allemagne,Allemagne,1,0
185,6.56,21.77,8,retrait_atm,web,Allemagne,Allemagne,0,0
135,100.38,57.77,1,paiement_pos,pos,Espagne,Espagne,0,0
260,88.41,54.47,7,achat_en_ligne,mobile,Allemagne,Allemagne,0,0
42,152.8,89.17,12,achat_en_ligne,web,Espagne,Espagne,0,0
199,19.04,23.23,8,achat_en_ligne,atm,Belgique,Belgique,0,0
125,38.51,31.24,3,paiement_pos,pos,Italie,Italie,0,0
172,35.75,16.33,17,retrait_atm,pos,France,France,0,0
158,47.08,17.61,17,paiement_pos,mobile,Allemagne,Allemagne,0,0
242,14.82,14.19,9,retrait_atm,mobile,Allemagne,Allemagne,0,0
250,14.86,38.0,7,paiement_pos,atm,France,France,0,0
255,44.21,54.18,23,virement,atm,Espagne,Espagne,0,0
258,53.6,28.23,16,retrait_atm,pos,France,France,0,0
244,56.77,34.21,19,paiement_pos,atm,Espagne,Espagne,1,0
82,20.49,27.87,13,retrait_atm,web,Espagne,Allemagne,0,0
104,81.63,40.65,19,paiement_pos,web,France,France,0,0
127,5.98,85.12,3,paiement_pos,web,France,France,4,1
93,40.67,19.57,11,paiement_pos,mobile,Italie,Italie,0,0
69,86.18,45.74,12,virement,web,France,France,0,0
254,19.86,37.27,9,paiement_pos,atm,Belgique,Belgique,0,0
55,9.61,34.97,21,retrait_atm,pos,Allemagne,Allemagne,0,0
47,89.75,17.04,6,paiement_pos,atm,Allemagne,Allemagne,0,0
291,46.76,22.36,10,paiement_pos,mobile,Italie,Italie,0,0
211,27.12,19.73,20,achat_en_ligne,atm,Belgique,Belgique,0,0
98,33.57,15.3,7,paiement_pos,atm,Espagne,Espagne,2,0
273,129.97,35.0,3,retrait_atm,pos,France,France,0,0
170,14.71,21.79,15,retrait_atm,atm,France,France,0,0
250,15.14,38.0,21,virement,web,France,France,0,0
192,244.34,47.72,15,retrait_atm,mobile,Espagne,Espagne,0,0
81,32.81,19.85,6,paiement_pos,pos,Italie,Italie,0,0
220,34.21,20.22,14,retrait_atm,atm,Italie,Italie,1,0
121,69.2,34.19,14,virement,web,Allemagne,Allemagne,0,0
72,19.5,21.81,17,paiement_pos,web,France,France,0,0
120,59.16,40.9,1,paiement_pos,pos,France,France,0,0
266,79.13,51.92,23,paiement_pos,atm,Allemagne,Allemagne,0,0
256,50.16,26.15,1,achat_en_ligne,atm,France,France,0,0
109,43.13,42.99,12,retrait_atm,pos,Allemagne,Allemagne,1,0
64,31.76,14.94,6,achat_en_ligne,web,Italie,Italie,2,0
300,19.21,27.14,16,achat_en_ligne,web,France,France,0,0
160,353.77,72.24,11,retrait_atm,mobile,Espagne,Espagne,0,0
194,48.96,39.75,22,paiement_pos,atm,Belgique,Belgique,0,0
183,78.33,82.0,17,achat_en_ligne,mobile,Allemagne,Allemagne,2,0
68,111.01,60.44,6,paiement_pos,pos,Belgique,Belgique,0,0
142,60.26,31.12,10,achat_en_ligne,web,Belgique,Belgique,0,0
115,65.43,38.07,18,paiement_pos,mobile,Allemagne,Allemagne,0,0
193,44.65,8.37,5,paiement_pos,atm,Nigeria,Espagne,1,1
171,36.92,59.96,15,virement,atm,France,France,0,0
159,30.85,27.09,21,paiement_pos,atm,Allemagne,Allemagne,0,0
201,8.65,12.82,5,achat_en_ligne,pos,Belgique,Belgique,0,0
159,105.94,27.09,4,retrait_atm,pos,Russie,Allemagne,0,1
101,341.93,189.24,12,virement,web,Espagne,Italie,0,0
20,45.01,41.72,9,retrait_atm,atm,Allemagne,Allemagne,0,0
266,71.35,51.92,10,paiement_pos,mobile,Allemagne,Allemagne,1,0
17,33.77,54.77,17,retrait_atm,pos,Allemagne,Allemagne,0,0
86,115.13,68.27,12,achat_en_ligne,web,Espagne,Espagne,3,0
85,70.21,40.02,23,achat_en_ligne,atm,Espagne,Espagne,0,0
89,4.12,9.13,2,achat_en_ligne,mobile,Espagne,Espagne,1,0
295,77.92,41.15,13,virement,atm,Allemagne,Allemagne,1,0
276,15.78,13.62,12,virement,web,Allemagne,Allemagne,0,0
100,72.94,99.7,0,virement,pos,France,France,0,0
40,15.95,15.88,6,paiement_pos,pos,Espagne,Espagne,0,0
79,897.97,149.98,7,achat_en_ligne,web,Allemagne,Allemagne,0,0
244,24.85,34.21,8,virement,web,Espagne,Espagne,0,0
233,61.65,35.33,15,paiement_pos,atm,France,France,0,0
273,73.91,35.0,11,paiement_pos,web,France,France,0,0
277,14.78,19.44,8,paiement_pos,atm,Allemagne,Allemagne,1,0
238,99.56,20.56,9,virement,pos,Italie,Allemagne,0,0
126,204.19,116.27,16,retrait_atm,atm,Allemagne,Allemagne,1,0
215,13.1,60.33,2,achat_en_ligne,mobile,Espagne,Espagne,1,0
291,89.85,22.36,4,virement,web,Nigeria,Italie,0,1
275,42.84,23.18,10,retrait_atm,web,Allemagne,Allemagne,1,0
171,270.75,59.96,22,achat_en_ligne,atm,France,France,0,0
167,109.48,54.42,11,virement,pos,Belgique,Belgique,1,0
173,54.5,52.95,23,retrait_atm,atm,Espagne,Espagne,0,0
5,6.88,12.12,19,paiement_pos,web,Allemagne,Allemagne,0,0
144,56.69,36.29,4,virement,web,Allemagne,Allemagne,0,0
86,128.97,68.27,14,paiement_pos,atm,Espagne,Espagne,1,0
12,28.59,16.27,5,retrait_atm,pos,Italie,Italie,0,0
239,14.86,43.11,9,paiement_pos,mobile,Belgique,Belgique,0,0
66,42.9,24.77,10,achat_en_ligne,pos,Belgique,Belgique,0,0
225,94.2,55.37,18,virement,atm,Allemagne,Espagne,0,0
221,18.33,37.39,4,paiement_pos,web,France,France,0,0
48,15.79,19.36,10,virement,web,Italie,Italie,0,0
59,9.38,19.97,6,virement,mobile,Espagne,Espagne,0,0
82,135.25,27.87,22,paiement_pos,atm,Allemagne,Allemagne,1,0
75,19.57,36.82,11,retrait_atm,pos,Espagne,Espagne,0,0
56,86.18,48.73,21,achat_en_ligne,mobile,France,France,1,0
27,24.49,15.38,12,virement,atm,Allemagne,Allemagne,0,0
164,12.19,43.1,4,virement,atm,Allemagne,Allemagne,1,0
177,137.95,98.73,8,achat_en_ligne,web,Espagne,Espagne,0,0
99,34.85,17.15,7,achat_en_ligne,pos,Espagne,Espagne,1,0
298,14.77,13.65,0,achat_en_ligne,pos,Allemagne,Allemagne,0,0
292,66.59,42.81,7,paiement_pos,pos,Belgique,Belgique,0,0
93,30.0,19.57,22,paiement_pos,web,Italie,Italie,0,0
250,59.39,38.0,0,retrait_atm,atm,France,France,4,0
18,24.32,19.26,20,paiement_pos,web,France,France,0,0
107,233.33,28.58,11,achat_en_ligne,atm,Espagne,Espagne,1,1
80,204.91,102.12,11,virement,pos,France,Espagne,1,0
235,21.76,12.66,2,retrait_atm,atm,Allemagne,Allemagne,0,0
233,54.79,35.33,9,paiement_pos,atm,France,France,0,0
115,71.99,38.07,14,virement,web,Allemagne,Allemagne,1,0
65,21.05,33.73,21,achat_en_ligne,pos,Allemagne,Allemagne,1,0
103,24.62,26.55,12,virement,web,Italie,Italie,1,0
166,13.58,43.09,11,paiement_pos,pos,Italie,Italie,0,0
170,28.14,21.79,22,paiement_pos,atm,France,France,0,0
238,2.71,20.56,0,achat_en_ligne,web,Russie,Allemagne,2,1
272,156.65,74.6,5,virement,atm,France,France,1,0
261,11.74,10.02,9,paiement_pos,atm,Espagne,Espagne,0,0
143,22.28,28.47,6,retrait_atm,pos,Belgique,Belgique,0,0
57,19.57,9.68,9,paiement_pos,pos,Allemagne,Allemagne,1,0
164,25.39,43.1,10,paiement_pos,mobile,Allemagne,Allemagne,0,0
79,192.83,149.98,17,retrait_atm,web,Allemagne,Allemagne,0,0
265,42.44,22.04,14,paiement_pos,web,Italie,Italie,0,0
16,78.84,20.23,13,achat_en_ligne,mobile,Espagne,Espagne,0,0
42,90.71,89.17,22,achat_en_ligne,pos,Espagne,Espagne,0,0
189,6.22,22.14,7,retrait_atm,web,Allemagne,Belgique,0,0
128,90.54,41.74,17,achat_en_ligne,web,Espagne,Espagne,1,0
260,11.73,54.47,15,paiement_pos,web,Allemagne,Allemagne,0,0
67,47.68,27.2,10,paiement_pos,pos,Italie,Italie,0,0
152,42.42,40.32,21,virement,web,Belgique,Belgique,0,0
224,108.94,73.51,0,virement,atm,Belgique,Belgique,0,0
50,6.56,26.13,10,virement,mobile,Espagne,Espagne,1,0
220,16.1,20.22,8,retrait_atm,mobile,Italie,Italie,0,0
137,28.69,17.01,0,retrait_atm,pos,Espagne,Espagne,0,0
27,18.39,15.38,17,achat_en_ligne,pos,Allemagne,Allemagne,0,0
279,113.68,53.63,2,virement,web,France,France,0,0
203,35.33,41.31,14,virement,mobile,Allemagne,Allemagne,0,0
21,40.63,30.14,6,achat_en_ligne,mobile,Allemagne,Allemagne,0,0
54,59.51,77.05,7,achat_en_ligne,pos,Allemagne,Allemagne,1,0
15,127.8,118.76,17,retrait_atm,pos,Espagne,Espagne,0,0
163,30.19,67.12,23,retrait_atm,atm,Allemagne,Allemagne,0,0
298,12.88,13.65,18,retrait_atm,mobile,Belgique,Allemagne,0,0
204,35.74,55.03,17,retrait_atm,mobile,Espagne,Espagne,1,0
43,83.98,93.15,14,achat_en_ligne,atm,Allemagne,Espagne,0,0
126,109.55,116.27,11,virement,atm,Allemagne,Allemagne,0,0
173,76.55,52.95,19,paiement_pos,pos,Espagne,Espagne,1,0
69,55.45,45.74,22,retrait_atm,pos,France,France,0,0
158,8.17,17.61,2,retrait_atm,atm,Allemagne,Allemagne,0,0
77,55.5,34.96,5,retrait_atm,mobile,Belgique,Belgique,0,0
142,24.94,31.12,5,virement,mobile,Belgique,Belgique,0,0
173,164.58,52.95,0,achat_en_ligne,atm,Espagne,Espagne,0,1
73,27.77,28.95,3,achat_en_ligne,atm,Allemagne,Allemagne,1,0
217,52.91,30.72,4,retrait_atm,pos,France,France,0,0
62,33.21,27.1,21,paiement_pos,atm,Espagne,Espagne,0,0
113,33.44,28.71,5,retrait_atm,mobile,Allemagne,Allemagne,0,0
274,19.78,20.04,21,paiement_pos,web,Italie,Italie,0,0
41,12.44,14.57,9,retrait_atm,web,France,France,0,0
178,27.67,51.34,15,retrait_atm,web,France,France,0,0
125,178.57,31.24,15,achat_en_ligne,web,Italie,Italie,3,0
125,23.09,31.24,20,virement,mobile,Italie,Italie,1,0
284,87.17,44.03,13,retrait_atm,pos,Allemagne,Allemagne,0,0
45,56.49,26.31,1,virement,mobile,France,France,0,0
181,18.43,16.39,21,paiement_pos,web,Italie,Italie,0,0
19,95.96,57.91,12,retrait_atm,atm,Italie,Italie,0,0
207,66.09,62.87,17,virement,atm,Espagne,Espagne,0,0
117,34.64,43.94,20,achat_en_ligne,atm,France,France,0,0
201,9.47,12.82,15,retrait_atm,mobile,Belgique,Belgique,1,0
70,71.08,73.88,7,achat_en_ligne,web,Allemagne,Allemagne,1,0
251,497.37,45.51,4,paiement_pos,web,Ukraine,France,0,1
268,9.99,37.29,13,paiement_pos,mobile,Belgique,Belgique,0,0
12,30.02,16.27,19,retrait_atm,atm,Italie,Italie,0,0
107,46.32,28.58,16,retrait_atm,atm,France,Espagne,0,0
30,27.21,36.45,18,virement,web,Allemagne,Allemagne,0,0
144,32.35,36.29,8,paiement_pos,web,Allemagne,Allemagne,1,0
52,53.1,30.02,0,virement,atm,France,France,0,0
105,122.93,93.43,18,retrait_atm,web,Espagne,Espagne,1,0
71,10.44,30.18,8,retrait_atm,pos,Espagne,Espagne,0,0
183,90.42,82.0,7,achat_en_ligne,atm,Allemagne,Allemagne,0,0
130,36.21,16.99,7,achat_en_ligne,mobile,Espagne,Espagne,0,0
17,50.54,54.77,12,retrait_atm,pos,Allemagne,Allemagne,0,0
59,61.75,19.97,17,paiement_pos,web,Espagne,Espagne,0,0
75,79.63,36.82,12,virement,mobile,Espagne,Espagne,1,0
3,12.32,30.11,22,virement,mobile,Espagne,Espagne,0,0
139,57.26,38.79,16,paiement_pos,web,France,Belgique,0,0
247,49.27,50.46,22,achat_en_ligne,web,Espagne,Espagne,0,0
22,111.18,32.32,11,achat_en_ligne,pos,Belgique,Belgique,0,0
126,120.58,116.27,9,paiement_pos,pos,Allemagne,Allemagne,1,0
94,66.24,31.29,18,paiement_pos,web,Belgique,Belgique,0,0
19,76.33,57.91,20,retrait_atm,web,Italie,Italie,0,0
168,55.86,27.72,15,virement,pos,France,France,0,0
228,280.13,133.83,7,retrait_atm,pos,Allemagne,Allemagne,0,0
155,113.88,55.61,14,achat_en_ligne,atm,Allemagne,Allemagne,0,0
68,98.92,60.44,16,achat_en_ligne,pos,Belgique,Belgique,0,0
157,81.36,31.92,20,achat_en_ligne,mobile,France,France,0,0
169,46.62,34.46,14,achat_en_ligne,pos,Belgique,Belgique,0,0
37,66.49,42.83,7,virement,web,Italie,Italie,0,0
224,129.68,73.51,1,virement,pos,Belgique,Belgique,0,0
43,22.12,93.15,19,retrait_atm,pos,Espagne,Espagne,0,0
120,41.7,40.9,16,virement,web,France,France,0,0
132,124.97,38.77,20,paiement_pos,mobile,Allemagne,Allemagne,0,0
208,49.44,38.08,20,retrait_atm,atm,Italie,Italie,0,0
196,140.01,42.45,22,paiement_pos,web,Nigeria,France,0,1
62,2.55,27.1,6,retrait_atm,mobile,Nigeria,Espagne,4,1
57,13.29,9.68,11,achat_en_ligne,web,Allemagne,Allemagne,2,0
267,72.02,27.91,12,virement,mobile,Allemagne,Allemagne,0,0
116,21.76,23.73,17,paiement_pos,web,Allemagne,Allemagne,0,0
280,50.18,92.99,3,retrait_atm,pos,France,France,1,0
157,16.99,31.92,23,paiement_pos,mobile,France,France,0,0
36,26.27,64.31,7,paiement_pos,mobile,France,France,0,0
93,25.24,19.57,6,retrait_atm,web,Italie,Italie,0,0
111,61.77,30.56,9,retrait_atm,pos,Belgique,Belgique,1,0
124,24.32,40.04,18,paiement_pos,pos,Allemagne,Allemagne,0,0
248,39.62,35.98,10,retrait_atm,atm,Allemagne,Allemagne,0,0
169,26.62,34.46,23,virement,atm,Belgique,Belgique,0,0
212,34.15,30.31,9,paiement_pos,mobile,Espagne,Espagne,0,0
174,31.33,29.54,1,paiement_pos,pos,Espagne,Espagne,2,0
117,39.45,43.94,9,paiement_pos,mobile,France,France,0,0
265,24.9,22.04,9,paiement_pos,mobile,Italie,Italie,1,0
268,32.1,37.29,10,paiement_pos,web,Belgique,Belgique,1,0
93,27.37,19.57,2,retrait_atm,web,Italie,Italie,0,0
34,29.72,37.77,2,achat_en_ligne,mobile,Allemagne,Allemagne,0,0
274,43.8,20.04,15,paiement_pos,pos,Italie,Italie,0,0
62,16.11,27.1,19,retrait_atm,mobile,Espagne,Espagne,0,0
44,54.85,29.73,19,retrait_atm,atm,Belgique,Belgique,0,0
3,50.3,30.11,10,achat_en_ligne,web,Espagne,Espagne,0,0
173,114.58,52.95,7,retrait_atm,web,Espagne,Espagne,0,0
185,6.49,21.77,4,achat_en_ligne,atm,Allemagne,Allemagne,0,0
121,30.9,34.19,22,virement,pos,France,Allemagne,1,0
281,62.0,14.45,1,retrait_atm,atm,Roumanie,Belgique,1,1
254,147.49,37.27,18,retrait_atm,mobile,Belgique,Belgique,1,0
251,13.23,45.51,10,retrait_atm,pos,France,France,0,0
74,24.59,38.3,12,achat_en_ligne,atm,France,France,0,0
132,41.08,38.77,17,virement,atm,Allemagne,Allemagne,0,0
28,78.42,36.73,22,virement,atm,Italie,Italie,0,0
10,52.81,59.72,1,paiement_pos,mobile,France,France,0,0
81,28.46,19.85,1,paiement_pos,mobile,Italie,Italie,1,0
39,78.95,36.96,22,achat_en_ligne,mobile,Belgique,Belgique,0,0
240,46.59,45.35,0,achat_en_ligne,mobile,Espagne,Espagne,1,0
74,40.74,38.3,16,virement,web,France,France,1,0
159,52.56,27.09,7,paiement_pos,web,Allemagne,Allemagne,0,0
64,24.05,14.94,12,retrait_atm,atm,Italie,Italie,0,0
82,48.8,27.87,10,paiement_pos,web,Allemagne,Allemagne,0,0
93,111.36,19.57,18,virement,web,Italie,Italie,0,0
49,5.09,48.72,0,paiement_pos,mobile,Ukraine,Espagne,5,1
6,109.97,24.73,4,paiement_pos,web,Italie,Italie,0,0
158,56.77,17.61,9,retrait_atm,mobile,Allemagne,Allemagne,0,0
204,116.73,55.03,11,achat_en_ligne,atm,Espagne,Espagne,1,0
165,109.95,94.29,2,retrait_atm,pos,Allemagne,Allemagne,0,0
205,22.42,23.51,18,paiement_pos,web,Allemagne,Allemagne,1,0
17,193.12,54.77,20,paiement_pos,atm,Allemagne,Allemagne,0,0
110,44.19,26.42,18,achat_en_ligne,web,Espagne,Espagne,0,0
52,36.5,30.02,7,paiement_pos,atm,France,France,0,0
263,16.31,13.61,23,retrait_atm,mobile,Belgique,Belgique,0,0
54,29.26,77.05,21,paiement_pos,atm,Allemagne,Allemagne,0,0
83,79.03,13.76,12,achat_en_ligne,mobile,France,France,1,0
206,34.72,53.96,9,virement,pos,Belgique,Belgique,3,0
244,37.56,34.21,20,virement,atm,Espagne,Espagne,1,0
284,56.88,44.03,14,paiement_pos,pos,Allemagne,Allemagne,1,0
284,75.67,44.03,20,retrait_atm,atm,Allemagne,Allemagne,0,0
246,68.64,43.63,21,retrait_atm,web,France,France,0,0
101,83.12,189.24,6,achat_en_ligne,pos,Italie,Italie,0,0
67,20.85,27.2,23,virement,pos,Italie,Italie,0,0
154,5.9,13.19,3,virement,mobile,Belgique,Belgique,0,0
34,43.03,37.77,3,achat_en_ligne,mobile,Allemagne,Allemagne,2,0
182,32.96,24.26,23,paiement_pos,mobile,France,France,0,0
197,188.04,87.33,14,achat_en_ligne,atm,Belgique,Belgique,1,0
70,142.32,73.88,11,virement,web,Allemagne,Allemagne,0,0
32,20.68,39.31,2,virement,web,Espagne,Belgique,0,0
97,32.79,118.81,0,retrait_atm,mobile,Belgique,Belgique,0,0
70,117.14,73.88,23,virement,mobile,Allemagne,Allemagne,1,0
107,35.7,28.58,9,retrait_atm,mobile,Espagne,Espagne,0,0
267,8.38,27.91,15,retrait_atm,atm,Allemagne,Allemagne,0,0
176,85.27,51.96,9,virement,pos,Allemagne,Allemagne,2,0
251,67.56,45.51,12,retrait_atm,pos,France,France,0,0
61,28.2,19.55,1,paiement_pos,mobile,Italie,Italie,0,0
119,35.25,36.35,7,paiement_pos,atm,Belgique,Belgique,0,0
73,35.32,28.95,9,virement,mobile,Allemagne,Allemagne,0,0
214,78.62,41.68,1,retrait_atm,atm,Allemagne,Allemagne,1,0
252,26.48,21.7,16,virement,web,Allemagne,Allemagne,0,0
131,86.98,67.67,13,virement,mobile,Allemagne,Allemagne,0,0
121,146.93,34.19,16,achat_en_ligne,web,Allemagne,Allemagne,1,0
85,41.1,40.02,22,achat_en_ligne,pos,Espagne,Espagne,0,0
186,18.65,18.03,10,virement,mobile,Allemagne,Allemagne,0,0
144,72.89,36.29,19,achat_en_ligne,pos,Allemagne,Allemagne,0,0
74,225.2,38.3,23,achat_en_ligne,mobile,France,France,3,0
56,77.55,48.73,19,virement,atm,France,France,1,0
278,122.16,26.71,12,achat_en_ligne,pos,Espagne,Espagne,0,0
159,119.51,27.09,13,retrait_atm,web,Allemagne,Allemagne,0,1
245,21.36,24.95,15,retrait_atm,web,Espagne,Espagne,0,0
182,28.68,24.26,15,achat_en_ligne,atm,France,France,0,0
58,42.43,32.16,15,retrait_atm,web,France,France,0,0
257,21.17,45.27,10,virement,atm,Espagne,Espagne,0,0
274,33.79,20.04,9,paiement_pos,atm,Italie,Italie,0,0
67,18.0,27.2,15,paiement_pos,atm,Italie,Italie,1,0
172,33.27,16.33,7,virement,web,France,France,0,0
145,52.29,80.07,17,paiement_pos,mobile,Italie,Italie,1,0
247,88.15,50.46,17,retrait_atm,mobile,Espagne,Espagne,0,0
127,9.05,85.12,9,virement,web,Ukraine,France,1,1
265,21.9,22.04,2,virement,web,Italie,Italie,0,0
95,9.16,11.53,4,achat_en_ligne,web,Italie,Italie,0,0
176,84.53,51.96,11,paiement_pos,web,Allemagne,Allemagne,0,0
282,26.36,41.92,4,paiement_pos,mobile,Allemagne,Allemagne,0,0
212,33.17,30.31,21,retrait_atm,mobile,Espagne,Espagne,0,0
255,21.94,54.18,17,virement,pos,Espagne,Espagne,0,0
238,19.35,20.56,11,achat_en_ligne,pos,Allemagne,Allemagne,0,0
220,34.65,20.22,4,achat_en_ligne,web,Italie,Italie,1,0
241,210.35,39.09,15,retrait_atm,mobile,France,France,1,0
250,60.8,38.0,8,retrait_atm,web,France,France,1,0
290,16.16,17.43,5,virement,mobile,Allemagne,Allemagne,0,0
209,57.42,38.12,13,achat_en_ligne,atm,Belgique,Belgique,2,0
32,31.05,39.31,10,retrait_atm,pos,Belgique,Belgique,0,0
294,88.68,40.33,2,achat_en_ligne,mobile,Belgique,Belgique,0,0
210,67.4,38.95,19,paiement_pos,mobile,Espagne,Espagne,0,0
249,22.97,52.25,17,paiement_pos,pos,Espagne,Espagne,0,0
220,36.33,20.22,17,achat_en_ligne,pos,Italie,Italie,0,0
156,32.35,27.19,9,retrait_atm,web,Espagne,Espagne,0,0
114,53.2,28.22,9,retrait_atm,web,Allemagne,Allemagne,0,0
145,388.35,80.07,9,virement,atm,Nigeria,Italie,0,1
207,134.04,62.87,7,virement,atm,Espagne,Espagne,0,0
8,26.53,95.66,1,paiement_pos,mobile,Espagne,Espagne,1,0
145,100.85,80.07,6,retrait_atm,atm,Italie,Italie,1,0
5,8.07,12.12,5,retrait_atm,atm,Allemagne,Allemagne,0,0
49,73.41,48.72,20,virement,mobile,Espagne,Espagne,0,0
196,26.69,42.45,20,virement,atm,France,France,0,0
163,28.73,67.12,20,achat_en_ligne,atm,Allemagne,Allemagne,0,0
143,5.84,28.47,11,paiement_pos,atm,Belgique,Belgique,1,0
23,264.07,22.36,11,retrait_atm,pos,Ukraine,France,0,1
113,54.56,28.71,8,paiement_pos,web,Allemagne,Allemagne,0,0
273,150.05,35.0,11,paiement_pos,pos,France,France,0,0
177,156.64,98.73,16,achat_en_ligne,web,Espagne,Espagne,0,0
146,6.62,7.1,11,retrait_atm,mobile,Italie,Italie,0,0
8,22.98,95.66,4,virement,atm,Espagne,Espagne,0,0
14,25.69,21.43,15,retrait_atm,mobile,Espagne,Espagne,0,0
249,165.81,52.25,22,paiement_pos,mobile,Espagne,Espagne,0,0
41,69.62,14.57,22,virement,mobile,France,France,0,1
119,8.53,36.35,2,retrait_atm,mobile,Belgique,Belgique,0,0
194,8.88,39.75,6,achat_en_ligne,pos,Belgique,Belgique,0,0
10,130.16,59.72,2,paiement_pos,pos,France,France,0,0
106,5.72,18.32,21,achat_en_ligne,web,Espagne,Espagne,1,0
190,53.7,39.93,22,achat_en_ligne,mobile,Belgique,Belgique,0,0
72,38.71,21.81,18,paiement_pos,atm,France,France,1,0
202,67.12,80.28,12,retrait_atm,web,Italie,Italie,1,0
258,39.17,28.23,0,retrait_atm,pos,France,France,1,0
77,46.08,34.96,6,virement,atm,Belgique,Belgique,0,0
94,13.69,31.29,2,virement,pos,Belgique,Belgique,2,0
14,34.35,21.43,13,retrait_atm,atm,Espagne,Espagne,0,0
183,143.1,82.0,19,paiement_pos,web,Allemagne,Allemagne,1,0
142,15.18,31.12,14,virement,pos,Espagne,Belgique,0,0
60,30.21,15.94,6,virement,pos,Espagne,Espagne,0,0
293,8.05,29.56,9,achat_en_ligne,pos,Italie,Italie,0,0
287,19.5,57.8,14,achat_en_ligne,atm,France,France,0,0
34,66.57,37.77,21,achat_en_ligne,web,Allemagne,Allemagne,0,0
206,17.32,53.96,12,virement,pos,Belgique,Belgique,0,0
261,36.37,10.02,8,achat_en_ligne,web,Espagne,Espagne,0,0
291,19.84,22.36,21,virement,web,Italie,Italie,0,0
29,185.81,85.41,12,virement,web,Allemagne,Allemagne,0,0
95,6.88,11.53,17,retrait_atm,web,Italie,Italie,0,0
283,36.19,17.74,11,achat_en_ligne,pos,Espagne,Espagne,0,0
41,24.62,14.57,22,virement,web,France,France,0,0
128,46.97,41.74,1,retrait_atm,pos,Espagne,Espagne,1,0
165,103.72,94.29,22,achat_en_ligne,mobile,Allemagne,Allemagne,0,0
73,213.56,28.95,18,virement,mobile,Allemagne,Allemagne,0,1
54,54.72,77.05,14,retrait_atm,atm,Allemagne,Allemagne,0,0
149,24.82,39.55,20,achat_en_ligne,web,Italie,Italie,0,0
203,55.73,41.31,19,virement,pos,Allemagne,Allemagne,0,0
208,60.94,38.08,2,retrait_atm,atm,Italie,Italie,1,0
180,22.62,31.81,0,virement,pos,Allemagne,Allemagne,1,0
121,54.39,34.19,0,virement,pos,Allemagne,Allemagne,2,0
287,66.11,57.8,8,retrait_atm,mobile,France,France,1,0
52,172.6,30.02,15,paiement_pos,pos,France,France,0,0
292,114.4,42.81,14,paiement_pos,atm,Belgique,Belgique,0,0
50,22.91,26.13,12,virement,mobile,Espagne,Espagne,1,0
297,57.56,26.96,13,virement,mobile,Italie,Italie,0,0
175,101.22,66.87,0,retrait_atm,pos,Espagne,Espagne,1,0
271,175.76,31.77,1,achat_en_ligne,atm,Belgique,Belgique,0,0
284,13.93,44.03,21,achat_en_ligne,mobile,Allemagne,Allemagne,1,0
118,204.65,60.8,14,paiement_pos,pos,France,France,0,0
243,32.67,8.28,0,retrait_atm,pos,Ukraine,France,0,1
68,253.93,60.44,14,retrait_atm,mobile,Belgique,Belgique,0,0
180,39.54,31.81,6,virement,atm,Allemagne,Allemagne,0,0
271,21.33,31.77,9,retrait_atm,pos,Belgique,Belgique,0,0
10,88.01,59.72,11,achat_en_ligne,atm,France,France,0,0
129,17.7,20.95,11,achat_en_ligne,web,Allemagne,Allemagne,1,0
32,85.44,39.31,18,paiement_pos,mobile,Belgique,Belgique,0,0
13,32.68,18.56,8,retrait_atm,atm,Espagne,Espagne,0,0
251,99.41,45.51,6,virement,web,France,France,1,0
44,57.37,29.73,18,virement,atm,Belgique,Belgique,0,0
9,8.4,35.81,15,paiement_pos,pos,Belgique,Belgique,0,0
207,56.98,62.87,5,achat_en_ligne,atm,Espagne,Espagne,1,0
81,18.5,19.85,14,retrait_atm,mobile,Allemagne,Italie,1,0
98,33.54,15.3,16,retrait_atm,atm,Espagne,Espagne,0,0
150,35.14,26.49,18,retrait_atm,mobile,France,France,0,0
231,71.95,86.71,19,retrait_atm,atm,Allemagne,Allemagne,0,0
72,10.31,21.81,4,virement,web,France,France,0,0
264,8.75,8.16,20,retrait_atm,web,Italie,Italie,0,0
180,56.25,31.81,19,retrait_atm,pos,Allemagne,Allemagne,0,0
182,189.62,24.26,15,virement,pos,Ukraine,France,0,1
101,230.78,189.24,5,achat_en_ligne,mobile,Italie,Italie,0,0
104,39.04,40.65,20,achat_en_ligne,web,France,France,1,0
252,16.92,21.7,23,achat_en_ligne,atm,Allemagne,Allemagne,1,0
164,25.11,43.1,3,virement,pos,Allemagne,Allemagne,2,0
244,32.8,34.21,13,paiement_pos,pos,Espagne,Espagne,0,0
56,61.09,48.73,20,achat_en_ligne,web,France,France,1,0
17,78.22,54.77,15,retrait_atm,pos,Allemagne,Allemagne,1,0
106,10.16,18.32,13,virement,web,Espagne,Espagne,0,0
247,83.19,50.46,8,virement,web,Espagne,Espagne,0,0
268,29.97,37.29,10,achat_en_ligne,pos,Belgique,Belgique,0,0
37,29.08,42.83,5,virement,web,Italie,Italie,4,0
231,725.87,86.71,15,paiement_pos,pos,Russie,Allemagne,1,1
185,10.62,21.77,2,achat_en_ligne,pos,Allemagne,Allemagne,0,0
161,63.87,46.97,16,paiement_pos,web,Italie,Italie,0,0
247,47.04,50.46,13,paiement_pos,web,Espagne,Espagne,0,0
53,10.77,40.55,13,virement,web,Belgique,Belgique,1,0
206,13.09,53.96,6,retrait_atm,atm,Belgique,Belgique,1,0
225,73.37,55.37,5,virement,web,Espagne,Espagne,0,0
134,62.09,11.63,4,retrait_atm,atm,Allemagne,Allemagne,1,1
168,40.47,27.72,15,paiement_pos,web,France,France,0,0
76,37.61,17.28,7,paiement_pos,atm,Allemagne,Allemagne,2,0
277,21.74,19.44,18,retrait_atm,mobile,Allemagne,Allemagne,0,0
141,29.1,27.79,22,retrait_atm,pos,Italie,Italie,1,0
234,136.01,72.66,11,retrait_atm,mobile,Espagne,Espagne,2,0
233,26.29,35.33,7,retrait_atm,web,Italie,France,0,0
19,66.92,57.91,1,paiement_pos,web,Italie,Italie,0,0
23,42.41,22.36,9,paiement_pos,web,France,France,0,0
268,9.1,37.29,7,retrait_atm,pos,Belgique,Belgique,1,0
266,177.58,51.92,11,paiement_pos,pos,Allemagne,Allemagne,1,0
77,47.16,34.96,17,retrait_atm,pos,Belgique,Belgique,0,0
140,19.43,34.17,15,retrait_atm,mobile,Allemagne,Allemagne,0,0
128,42.93,41.74,10,retrait_atm,atm,Espagne,Espagne,1,0
298,46.66,13.65,18,achat_en_ligne,mobile,Allemagne,Allemagne,0,0
223,24.85,33.34,15,paiement_pos,mobile,Espagne,Espagne,0,0
150,33.58,26.49,1,paiement_pos,mobile,France,France,0,0
76,32.29,17.28,22,virement,pos,Allemagne,Allemagne,0,0
88,58.54,22.37,16,paiement_pos,pos,France,Belgique,0,0
299,274.31,62.82,18,paiement_pos,web,Belgique,Belgique,0,0
12,81.13,16.27,22,paiement_pos,atm,Italie,Italie,0,0
186,10.98,18.03,15,achat_en_ligne,web,Allemagne,Allemagne,0,0
225,43.23,55.37,15,paiement_pos,web,Espagne,Espagne,0,0
26,10.64,15.87,12,paiement_pos,mobile,Espagne,Espagne,0,0
13,17.05,18.56,0,virement,web,Espagne,Espagne,1,0
50,53.28,26.13,8,paiement_pos,web,Espagne,Espagne,0,0
16,13.97,20.23,8,virement,pos,Espagne,Espagne,0,0
203,73.2,41.31,13,paiement_pos,atm,Allemagne,Allemagne,0,0
158,29.08,17.61,8,virement,mobile,Allemagne,Allemagne,0,0
43,104.49,93.15,22,retrait_atm,web,Espagne,Espagne,0,0
285,0.5,30.61,7,retrait_atm,mobile,Russie,Allemagne,3,1
36,45.52,64.31,7,achat_en_ligne,web,France,France,0,0
45,20.09,26.31,7,paiement_pos,mobile,France,France,0,0
37,67.4,42.83,21,paiement_pos,pos,Italie,Italie,1,0
124,55.33,40.04,19,virement,mobile,Allemagne,Allemagne,1,0
176,37.69,51.96,11,paiement_pos,web,Allemagne,Allemagne,0,0
66,19.31,24.77,3,paiement_pos,web,Belgique,Belgique,0,0
218,125.25,80.55,3,achat_en_ligne,mobile,France,France,0,0
263,17.14,13.61,1,retrait_atm,atm,Belgique,Belgique,0,0
207,14.16,62.87,22,virement,web,Espagne,Espagne,0,0
89,14.98,9.13,10,retrait_atm,atm,Espagne,Espagne,2,0
135,239.26,57.77,0,achat_en_ligne,pos,Espagne,Espagne,0,0
178,43.27,51.34,17,retrait_atm,atm,France,France,0,0
214,48.45,41.68,8,paiement_pos,web,Allemagne,Allemagne,1,0
49,106.61,48.72,17,achat_en_ligne,mobile,Espagne,Espagne,0,0
171,54.73,59.96,4,virement,web,France,France,0,0
281,11.61,14.45,22,paiement_pos,atm,Belgique,Belgique,0,0
144,69.19,36.29,23,retrait_atm,atm,Allemagne,Allemagne,0,0
259,14.38,30.86,16,achat_en_ligne,atm,France,France,0,0
185,25.03,21.77,21,virement,web,Allemagne,Allemagne,0,0
3,43.31,30.11,22,paiement_pos,pos,Espagne,Espagne,1,0
45,19.3,26.31,6,virement,mobile,France,France,0,0
80,206.88,102.12,16,virement,pos,Espagne,Espagne,1,0
246,23.43,43.63,17,retrait_atm,web,France,France,0,0
187,53.01,33.77,4,virement,web,France,France,1,0
128,166.5,41.74,10,achat_en_ligne,pos,Espagne,Espagne,0,0
275,38.37,23.18,16,achat_en_ligne,atm,Allemagne,Allemagne,0,0
4,30.18,17.79,17,virement,pos,Allemagne,Allemagne,0,0
4,18.87,17.79,22,retrait_atm,web,Allemagne,Allemagne,2,0
178,64.31,51.34,8,paiement_pos,web,France,France,0,0
43,184.81,93.15,20,achat_en_ligne,mobile,Espagne,Espagne,0,0
83,19.5,13.76,15,virement,web,France,France,0,0
263,18.84,13.61,14,achat_en_ligne,pos,Belgique,Belgique,0,0
84,15.77,23.23,23,virement,mobile,Italie,Italie,0,0
110,21.19,26.42,7,retrait_atm,atm,Espagne,Espagne,1,0
81,7.77,19.85,16,virement,pos,Italie,Italie,0,0
274,11.96,20.04,4,achat_en_ligne,mobile,Italie,Italie,1,0
68,54.87,60.44,22,paiement_pos,pos,Belgique,Belgique,0,0
83,36.65,13.76,7,achat_en_ligne,mobile,France,France,1,0
140,18.47,34.17,7,achat_en_ligne,mobile,Allemagne,Allemagne,1,0
209,11.23,38.12,10,virement,mobile,Belgique,Belgique,0,0
189,34.11,22.14,20,virement,pos,Belgique,Belgique,0,0
130,10.46,16.99,15,retrait_atm,pos,Espagne,Espagne,1,0
13,22.52,18.56,6,achat_en_ligne,mobile,Espagne,Espagne,0,0
62,72.17,27.1,6,virement,mobile,Espagne,Espagne,1,0
53,15.82,40.55,16,retrait_atm,pos,Belgique,Belgique,0,0
69,75.98,45.74,6,paiement_pos,web,France,France,0,0
114,25.75,28.22,22,paiement_pos,mobile,Allemagne,Allemagne,0,0
11,25.09,24.54,15,virement,atm,Allemagne,Allemagne,0,0
72,15.08,21.81,21,achat_en_ligne,atm,France,France,0,0
13,26.1,18.56,9,paiement_pos,mobile,Espagne,Espagne,1,0
1,85.94,62.78,15,virement,atm,France,France,0,0
143,55.53,28.47,6,paiement_pos,web,Belgique,Belgique,0,0
163,83.01,67.12,4,retrait_atm,mobile,Allemagne,Allemagne,1,0
133,21.32,44.17,17,retrait_atm,web,France,France,0,0
188,34.93,15.96,13,achat_en_ligne,mobile,Belgique,Belgique,2,0
55,69.05,34.97,16,retrait_atm,web,Allemagne,Allemagne,0,0
231,79.99,86.71,0,achat_en_ligne,atm,Allemagne,Allemagne,0,0
181,30.5,16.39,20,virement,pos,Italie,Italie,1,0
20,43.16,41.72,17,retrait_atm,web,Allemagne,Allemagne,0,0
172,23.48,16.33,3,paiement_pos,atm,France,France,0,0
259,45.63,30.86,4,paiement_pos,mobile,France,France,0,0
150,161.69,26.49,11,paiement_pos,pos,France,France,0,1
49,62.89,48.72,9,paiement_pos,atm,Espagne,Espagne,0,0
171,81.58,59.96,8,retrait_atm,pos,France,France,0,0
246,204.44,43.63,14,retrait_atm,web,Roumanie,France,3,1
116,2.31,23.73,15,paiement_pos,pos,Nigeria,Allemagne,4,1
173,21.43,52.95,12,retrait_atm,atm,Espagne,Espagne,1,0
35,21.38,25.88,6,achat_en_ligne,mobile,Italie,Italie,0,0
130,8.75,16.99,15,virement,atm,Espagne,Espagne,0,0
108,104.98,52.79,8,achat_en_ligne,pos,Espagne,Espagne,0,0
239,37.84,43.11,9,virement,pos,Belgique,Belgique,1,0
152,25.9,40.32,21,retrait_atm,web,Belgique,Belgique,1,0
97,188.66,118.81,14,retrait_atm,mobile,Belgique,Belgique,1,0
196,92.94,42.45,10,retrait_atm,atm,France,France,0,0
160,68.0,72.24,3,paiement_pos,web,Espagne,Espagne,0,0
272,30.08,74.6,3,paiement_pos,web,France,France,0,0
187,44.6,33.77,23,achat_en_ligne,mobile,France,France,1,0
175,73.96,66.87,6,achat_en_ligne,pos,Espagne,Espagne,0,0
140,21.7,34.17,16,virement,atm,Allemagne,Allemagne,1,0
184,56.74,48.55,9,achat_en_ligne,web,Espagne,Espagne,0,0
110,0.92,26.42,2,virement,mobile,Espagne,Espagne,5,1
70,161.37,73.88,4,achat_en_ligne,web,Allemagne,Allemagne,0,0
110,53.26,26.42,15,achat_en_ligne,pos,Espagne,Espagne,1,0
252,16.48,21.7,11,achat_en_ligne,pos,Allemagne,Allemagne,1,0
171,26.08,59.96,20,virement,pos,France,France,1,0
273,26.69,35.0,11,virement,pos,France,France,0,0
145,53.71,80.07,21,achat_en_ligne,mobile,Italie,Italie,0,0
275,168.94,23.18,5,paiement_pos,atm,Ukraine,Allemagne,1,1
225,36.69,55.37,0,retrait_atm,mobile,Espagne,Espagne,0,0
116,0.93,23.73,16,virement,web,Allemagne,Allemagne,4,1
3,61.23,30.11,22,retrait_atm,mobile,Espagne,Espagne,0,0
244,54.5,34.21,13,achat_en_ligne,web,Espagne,Espagne,0,0
14,35.1,21.43,22,paiement_pos,atm,Espagne,Espagne,1,0
255,46.56,54.18,21,retrait_atm,mobile,Espagne,Espagne,0,0
114,24.76,28.22,8,paiement_pos,pos,Allemagne,Allemagne,0,0
259,52.42,30.86,1,paiement_pos,mobile,France,France,1,0
215,129.29,60.33,0,retrait_atm,web,Espagne,Espagne,0,0
181,8.12,16.39,17,virement,mobile,Italie,Italie,1,0
55,38.68,34.97,17,virement,atm,Allemagne,Allemagne,1,0
135,50.87,57.77,17,paiement_pos,web,Espagne,Espagne,2,0
255,26.23,54.18,15,achat_en_ligne,atm,Espagne,Espagne,0,0
10,99.75,59.72,21,paiement_pos,atm,France,France,1,0
277,10.53,19.44,0,paiement_pos,atm,Allemagne,Allemagne,0,0
294,233.2,40.33,4,retrait_atm,atm,Belgique,Belgique,0,1
271,6.63,31.77,13,paiement_pos,pos,Belgique,Belgique,0,0
257,169.07,45.27,19,retrait_atm,web,Espagne,Espagne,0,0
282,54.31,41.92,6,retrait_atm,atm,Allemagne,Allemagne,0,0
226,82.36,54.88,21,retrait_atm,atm,Belgique,Belgique,0,0
194,77.93,39.75,9,paiement_pos,web,Belgique,Belgique,0,0
53,19.72,40.55,0,virement,mobile,Belgique,Belgique,0,0
284,20.14,44.03,9,retrait_atm,atm,Allemagne,Allemagne,0,0
150,14.02,26.49,19,retrait_atm,mobile,France,France,0,0
159,44.88,27.09,13,virement,web,Allemagne,Allemagne,0,0
118,100.97,60.8,13,achat_en_ligne,atm,France,France,0,0
121,22.66,34.19,16,paiement_pos,pos,Allemagne,Allemagne,1,0
35,26.21,25.88,18,paiement_pos,atm,Italie,Italie,2,0
222,101.15,54.96,6,achat_en_ligne,pos,Allemagne,Allemagne,1,0
135,122.83,57.77,19,paiement_pos,pos,Espagne,Espagne,0,0
261,7.77,10.02,22,virement,atm,Espagne,Espagne,0,0
19,125.23,57.91,3,virement,mobile,Italie,Italie,0,0
123,4.48,21.48,17,virement,pos,Espagne,Espagne,0,0
115,69.55,38.07,20,retrait_atm,mobile,Allemagne,Allemagne,0,0
80,32.02,102.12,8,virement,web,Espagne,Espagne,0,0
159,23.23,27.09,10,retrait_atm,web,Allemagne,Allemagne,0,0
206,80.48,53.96,23,paiement_pos,web,Belgique,Belgique,0,0
244,62.35,34.21,2,virement,pos,Espagne,Espagne,0,0
77,73.09,34.96,6,paiement_pos,web,Belgique,Belgique,0,0
225,59.28,55.37,22,retrait_atm,pos,Espagne,Espagne,0,0
166,87.56,43.09,17,achat_en_ligne,atm,Italie,Italie,1,0
270,432.27,73.45,1,paiement_pos,mobile,Allemagne,Allemagne,0,0
180,51.93,31.81,23,achat_en_ligne,mobile,Allemagne,Allemagne,0,0
72,18.62,21.81,20,retrait_atm,atm,France,France,1,0
293,17.0,29.56,20,retrait_atm,web,France,Italie,0,0
65,1.13,33.73,0,paiement_pos,pos,Russie,Allemagne,1,1
16,37.84,20.23,14,achat_en_ligne,web,Espagne,Espagne,0,0
243,15.86,8.28,11,virement,atm,France,France,0,0
11,50.33,24.54,6,retrait_atm,pos,Allemagne,Allemagne,0,0
53,35.27,40.55,5,paiement_pos,pos,Belgique,Belgique,0,0
197,66.4,87.33,22,paiement_pos,pos,Espagne,Belgique,0,0
119,13.95,36.35,2,retrait_atm,web,Belgique,Belgique,0,0
130,19.31,16.99,22,achat_en_ligne,mobile,Espagne,Espagne,0,0
110,27.1,26.42,13,virement,pos,Espagne,Espagne,0,0
12,52.47,16.27,1,retrait_atm,mobile,Nigeria,Italie,1,1
268,51.33,37.29,9,virement,mobile,Belgique,Belgique,0,0
109,37.15,42.99,6,paiement_pos,mobile,Allemagne,Allemagne,0,0
185,22.06,21.77,21,virement,mobile,Allemagne,Allemagne,1,0
68,117.99,60.44,6,virement,web,Belgique,Belgique,0,0
259,43.58,30.86,17,retrait_atm,atm,France,France,1,0
111,28.48,30.56,14,achat_en_ligne,atm,France,Belgique,0,0
208,141.11,38.08,8,retrait_atm,mobile,Italie,Italie,2,0
79,315.55,149.98,0,achat_en_ligne,atm,Allemagne,Allemagne,0,0
225,578.28,55.37,9,achat_en_ligne,web,Nigeria,Espagne,1,1
207,54.52,62.87,17,achat_en_ligne,web,Espagne,Espagne,0,0
145,34.56,80.07,8,retrait_atm,atm,Italie,Italie,0,0
220,4.16,20.22,17,achat_en_ligne,mobile,Italie,Italie,0,0
222,158.37,54.96,20,achat_en_ligne,mobile,Allemagne,Allemagne,1,0
35,18.01,25.88,19,virement,web,Italie,Italie,0,0
283,37.93,17.74,5,achat_en_ligne,mobile,Espagne,Espagne,0,0
240,11.48,45.35,10,virement,web,Espagne,Espagne,0,0
207,64.04,62.87,7,paiement_pos,pos,Espagne,Espagne,0,0
255,187.31,54.18,6,achat_en_ligne,atm,Espagne,Espagne,0,0
77,42.14,34.96,1,paiement_pos,web,Belgique,Belgique,2,0
247,57.87,50.46,12,retrait_atm,mobile,Espagne,Espagne,0,0
2,66.75,36.39,17,virement,mobile,Espagne,Espagne,1,0
60,29.89,15.94,12,paiement_pos,atm,Espagne,Espagne,0,0
194,67.2,39.75,15,retrait_atm,atm,Belgique,Belgique,1,0
20,80.55,41.72,22,virement,pos,Allemagne,Allemagne,0,0
80,118.52,102.12,12,achat_en_ligne,web,Espagne,Espagne,1,0
228,113.47,133.83,13,virement,atm,Allemagne,Allemagne,0,0
157,19.98,31.92,3,retrait_atm,atm,France,France,0,0
115,200.54,38.07,22,paiement_pos,mobile,Allemagne,Allemagne,0,0
3,60.74,30.11,19,paiement_pos,web,Espagne,Espagne,1,0
110,21.64,26.42,3,retrait_atm,mobile,Espagne,Espagne,0,0
7,67.61,32.06,14,retrait_atm,web,France,France,0,0
83,2.89,13.76,9,virement,pos,France,France,1,0
87,25.24,21.38,9,achat_en_ligne,atm,Belgique,France,0,0
238,32.54,20.56,16,paiement_pos,pos,Allemagne,Allemagne,0,0
92,50.09,24.1,19,retrait_atm,pos,Italie,Italie,1,0
39,39.96,36.96,16,retrait_atm,pos,Belgique,Belgique,0,0
187,103.52,33.77,9,retrait_atm,atm,France,France,1,0
158,23.68,17.61,19,virement,mobile,Allemagne,Allemagne,1,0
134,5.85,11.63,14,paiement_pos,web,Allemagne,Allemagne,0,0
201,15.28,12.82,16,paiement_pos,web,Belgique,Belgique,0,0
2,71.42,36.39,4,retrait_atm,web,Espagne,Espagne,0,0
177,102.94,98.73,13,virement,atm,Espagne,Espagne,0,0
100,70.63,99.7,16,paiement_pos,mobile,France,France,0,0
117,43.47,43.94,20,retrait_atm,mobile,France,France,0,0
286,17.28,11.04,22,virement,web,Italie,Italie,0,0
154,20.05,13.19,16,paiement_pos,atm,Belgique,Belgique,0,0
194,77.54,39.75,6,virement,atm,Belgique,Belgique,2,0
220,13.34,20.22,8,achat_en_ligne,mobile,Italie,Italie,1,0
160,43.59,72.24,13,paiement_pos,atm,Espagne,Espagne,0,0
65,44.64,33.73,20,paiement_pos,atm,Allemagne,Allemagne,0,0
247,50.48,50.46,8,paiement_pos,atm,Espagne,Espagne,1,0
19,107.04,57.91,19,paiement_pos,mobile,Italie,Italie,0,0
294,40.19,40.33,15,virement,mobile,Belgique,Belgique,0,0
178,90.3,51.34,21,achat_en_ligne,web,France,France,0,0
56,266.18,48.73,8,retrait_atm,web,France,France,0,0
47,31.03,17.04,6,achat_en_ligne,mobile,Allemagne,Allemagne,0,0
2,103.37,36.39,12,virement,pos,Espagne,Espagne,1,0
1,196.01,62.78,18,retrait_atm,atm,France,France,1,0
296,140.98,73.14,15,retrait_atm,web,Allemagne,Allemagne,0,0
285,37.23,30.61,21,virement,web,Allemagne,Allemagne,0,0
264,12.58,8.16,21,paiement_pos,web,Italie,Italie,1,0
268,48.59,37.29,1,retrait_atm,mobile,Espagne,Belgique,0,0
232,23.42,25.16,22,achat_en_ligne,mobile,Italie,Italie,0,0
251,96.18,45.51,12,virement,mobile,France,France,1,0
108,115.18,52.79,4,paiement_pos,mobile,Espagne,Espagne,0,0
201,21.05,12.82,22,achat_en_ligne,atm,Belgique,Belgique,0,0
11,36.46,24.54,18,achat_en_ligne,atm,Allemagne,Allemagne,0,0
67,8.19,27.2,3,virement,mobile,Italie,Italie,2,0
90,121.11,30.04,22,retrait_atm,mobile,Italie,Italie,2,0
227,47.1,46.18,9,virement,atm,Italie,Italie,2,0
8,61.4,95.66,17,achat_en_ligne,mobile,Espagne,Espagne,0,0
203,72.18,41.31,23,retrait_atm,mobile,Allemagne,Allemagne,0,0
255,76.32,54.18,12,paiement_pos,web,Espagne,Espagne,1,0
83,17.67,13.76,7,virement,web,France,France,0,0
130,44.78,16.99,21,virement,web,Espagne,Espagne,0,0
206,230.81,53.96,0,virement,mobile,Russie,Belgique,2,1
268,65.06,37.29,9,achat_en_ligne,pos,Belgique,Belgique,0,0
108,83.68,52.79,13,paiement_pos,web,Espagne,Espagne,0,0
107,47.81,28.58,18,paiement_pos,pos,Espagne,Espagne,0,0
200,48.67,47.21,4,virement,atm,Italie,Italie,0,0
63,27.22,57.37,9,retrait_atm,mobile,Belgique,Belgique,1,0
172,13.05,16.33,16,retrait_atm,pos,France,France,1,0
115,46.22,38.07,7,retrait_atm,web,Allemagne,Allemagne,0,0
281,11.34,14.45,19,paiement_pos,atm,Belgique,Belgique,0,0
270,95.51,73.45,19,virement,atm,Allemagne,Allemagne,1,0
155,66.06,55.61,13,retrait_atm,atm,Allemagne,Allemagne,0,0
161,194.03,46.97,23,paiement_pos,atm,Italie,Italie,0,0
3,32.56,30.11,7,retrait_atm,atm,Espagne,Espagne,0,0
189,36.24,22.14,5,paiement_pos,mobile,Belgique,Belgique,1,0
63,99.47,57.37,1,achat_en_ligne,mobile,Belgique,Belgique,1,0
214,47.33,41.68,12,retrait_atm,pos,Allemagne,Allemagne,0,0
134,17.06,11.63,18,retrait_atm,atm,Allemagne,Allemagne,0,0
47,16.44,17.04,7,virement,web,Allemagne,Allemagne,0,0
208,14.04,38.08,16,retrait_atm,web,Italie,Italie,0,0
90,55.19,30.04,9,achat_en_ligne,atm,Italie,Italie,0,0
282,50.5,41.92,15,retrait_atm,mobile,Allemagne,Allemagne,0,0
296,158.5,73.14,21,retrait_atm,atm,Allemagne,Allemagne,0,0
281,17.45,14.45,21,paiement_pos,web,Belgique,Belgique,0,0
205,10.65,23.51,18,achat_en_ligne,mobile,Allemagne,Allemagne,0,0
28,20.81,36.73,21,virement,atm,Italie,Italie,0,0
82,60.51,27.87,6,retrait_atm,atm,Allemagne,Allemagne,0,0
96,11.07,13.73,15,paiement_pos,pos,Italie,Belgique,0,0
31,65.34,30.84,2,retrait_atm,atm,Allemagne,Allemagne,0,0
271,50.37,31.77,17,achat_en_ligne,pos,Belgique,Belgique,2,0
51,54.89,33.01,0,achat_en_ligne,web,Espagne,Espagne,0,0
51,68.32,33.01,0,paiement_pos,atm,Belgique,Espagne,0,0
156,0.5,27.19,19,retrait_atm,pos,Nigeria,Espagne,1,1
276,13.05,13.62,10,virement,pos,Allemagne,Allemagne,1,0
225,23.01,55.37,11,achat_en_ligne,web,Espagne,Espagne,0,0
132,70.82,38.77,3,achat_en_ligne,pos,Allemagne,Allemagne,1,0
266,49.16,51.92,15,virement,pos,Allemagne,Allemagne,1,0
277,31.89,19.44,13,achat_en_ligne,pos,Allemagne,Allemagne,0,0
268,20.98,37.29,11,achat_en_ligne,pos,Belgique,Belgique,0,0
283,35.1,17.74,13,achat_en_ligne,pos,Espagne,Espagne,0,0
181,34.77,16.39,10,retrait_atm,mobile,Italie,Italie,1,0
145,448.36,80.07,9,virement,atm,Italie,Italie,0,0
199,24.3,23.23,15,virement,pos,Belgique,Belgique,0,0
16,22.75,20.23,11,achat_en_ligne,pos,Espagne,Espagne,1,0
136,22.18,43.5,18,retrait_atm,web,Belgique,Belgique,1,0
214,25.81,41.68,13,achat_en_ligne,pos,Allemagne,Allemagne,1,0
89,32.56,9.13,14,achat_en_ligne,web,Espagne,Espagne,1,0
270,61.97,73.45,0,paiement_pos,mobile,Allemagne,Allemagne,0,0
203,75.34,41.31,16,achat_en_ligne,web,Allemagne,Allemagne,0,0
231,145.21,86.71,20,retrait_atm,mobile,Allemagne,Allemagne,0,0
268,37.36,37.29,23,retrait_atm,web,Belgique,Belgique,0,0
102,8.57,16.4,19,retrait_atm,atm,France,France,0,0
16,42.62,20.23,0,virement,pos,Espagne,Espagne,2,0
79,89.94,149.98,7,paiement_pos,mobile,Allemagne,Allemagne,0,0
33,118.15,72.5,20,virement,web,France,France,0,0
197,173.56,87.33,21,retrait_atm,mobile,Belgique,Belgique,0,0
136,12.97,43.5,8,retrait_atm,pos,Belgique,Belgique,1,0
174,15.76,29.54,16,paiement_pos,pos,Espagne,Espagne,1,0
224,75.67,73.51,6,achat_en_ligne,atm,Espagne,Belgique,0,0
183,123.01,82.0,10,virement,web,Allemagne,Allemagne,1,0
265,32.65,22.04,14,achat_en_ligne,mobile,Italie,Italie,0,0
11,33.81,24.54,8,virement,web,Allemagne,Allemagne,0,0
189,34.29,22.14,6,retrait_atm,pos,Belgique,Belgique,0,0
115,73.23,38.07,11,achat_en_ligne,web,Allemagne,Allemagne,0,0
90,42.51,30.04,17,virement,web,France,Italie,1,0
135,118.55,57.77,16,achat_en_ligne,atm,Espagne,Espagne,1,0
119,73.14,36.35,19,retrait_atm,pos,Belgique,Belgique,0,0
18,5.3,19.26,7,virement,atm,France,France,0,0
172,8.84,16.33,18,achat_en_ligne,pos,France,France,0,0
53,137.13,40.55,8,virement,pos,Belgique,Belgique,0,0
40,133.92,15.88,10,retrait_atm,atm,France,Espagne,0,1
248,118.13,35.98,23,achat_en_ligne,web,Allemagne,Allemagne,0,0
273,58.55,35.0,4,virement,mobile,France,France,0,0
194,22.59,39.75,9,achat_en_ligne,mobile,Belgique,Belgique,0,0
203,62.07,41.31,18,virement,pos,Belgique,Allemagne,0,0
5,8.83,12.12,7,virement,web,Allemagne,Allemagne,1,0
209,49.04,38.12,8,virement,atm,Belgique,Belgique,0,0
76,5.67,17.28,9,retrait_atm,mobile,Allemagne,Allemagne,0,0
138,46.17,24.96,6,paiement_pos,web,France,France,0,0
131,43.31,67.67,7,achat_en_ligne,mobile,Allemagne,Allemagne,1,0
78,13.36,37.98,16,achat_en_ligne,atm,Belgique,Belgique,1,0
117,90.26,43.94,8,achat_en_ligne,pos,France,France,0,0
98,33.57,15.3,5,achat_en_ligne,mobile,Espagne,Espagne,0,0
169,104.36,34.46,3,achat_en_ligne,mobile,Belgique,Belgique,0,0
175,106.14,66.87,10,virement,mobile,Espagne,Espagne,0,0
173,69.2,52.95,8,paiement_pos,web,Espagne,Espagne,1,0
137,30.65,17.01,15,virement,web,Espagne,Espagne,0,0
287,94.85,57.8,23,achat_en_ligne,atm,Allemagne,France,0,0
207,124.06,62.87,23,retrait_atm,mobile,Espagne,Espagne,0,0
173,17.85,52.95,17,virement,mobile,Espagne,Espagne,0,0
153,154.72,93.36,18,paiement_pos,atm,Italie,Italie,0,0
240,59.94,45.35,23,virement,pos,Espagne,Espagne,1,0
170,29.73,21.79,14,virement,mobile,France,France,1,0
197,84.51,87.33,23,paiement_pos,web,Belgique,Belgique,0,0
28,80.17,36.73,17,paiement_pos,mobile,Italie,Italie,0,0
66,52.43,24.77,1,retrait_atm,pos,Belgique,Belgique,1,0
29,136.13,85.41,20,achat_en_ligne,mobile,Allemagne,Allemagne,0,0
11,52.52,24.54,16,retrait_atm,web,Allemagne,Allemagne,0,0
284,92.68,44.03,19,paiement_pos,web,Allemagne,Allemagne,0,0
248,53.3,35.98,20,retrait_atm,pos,Allemagne,Allemagne,0,0
58,45.16,32.16,10,virement,pos,France,France,0,0
147,15.86,28.73,10,retrait_atm,mobile,France,France,0,0
101,234.75,189.24,14,virement,mobile,Italie,Italie,1,0
134,18.23,11.63,22,retrait_atm,web,Allemagne,Allemagne,2,0
47,4.06,17.04,22,achat_en_ligne,pos,Allemagne,Allemagne,0,0
24,18.22,43.28,1,achat_en_ligne,pos,Italie,Italie,0,0
145,48.91,80.07,21,retrait_atm,mobile,Italie,Italie,0,0
63,125.8,57.37,21,paiement_pos,web,Belgique,Belgique,1,0
188,46.1,15.96,19,virement,atm,Belgique,Belgique,0,0
108,84.03,52.79,23,achat_en_ligne,pos,Espagne,Espagne,1,0
110,47.17,26.42,17,virement,web,Espagne,Espagne,0,0
48,13.64,19.36,12,virement,mobile,Italie,Italie,0,0
212,15.86,30.31,23,virement,mobile,Espagne,Espagne,0,0
74,71.72,38.3,21,paiement_pos,mobile,France,France,0,0
158,4.78,17.61,20,achat_en_ligne,web,Allemagne,Allemagne,0,0
215,79.95,60.33,11,retrait_atm,web,Espagne,Espagne,0,0
7,14.44,32.06,14,achat_en_ligne,atm,France,France,0,0
74,72.7,38.3,6,paiement_pos,web,France,France,0,0
2,64.96,36.39,14,virement,pos,Espagne,Espagne,0,0
56,14.66,48.73,1,achat_en_ligne,pos,France,France,1,0
190,11.12,39.93,10,achat_en_ligne,web,Belgique,Belgique,0,0
219,40.72,21.2,18,paiement_pos,web,Allemagne,Allemagne,1,0
225,54.6,55.37,12,retrait_atm,pos,Espagne,Espagne,0,0
247,35.18,50.46,15,achat_en_ligne,pos,Espagne,Espagne,0,0
86,463.98,68.27,21,virement,pos,Espagne,Espagne,1,1
134,15.67,11.63,22,achat_en_ligne,pos,Allemagne,Allemagne,0,0
124,30.89,40.04,19,retrait_atm,web,Belgique,Allemagne,0,0
235,12.86,12.66,16,virement,atm,Allemagne,Allemagne,0,0
117,68.12,43.94,16,retrait_atm,web,France,France,0,0
185,25.83,21.77,20,achat_en_ligne,atm,Allemagne,Allemagne,0,0
222,35.89,54.96,20,virement,web,Allemagne,Allemagne,1,0
137,4.97,17.01,2,paiement_pos,atm,Espagne,Espagne,0,0
251,97.07,45.51,10,virement,mobile,France,France,0,0
181,25.89,16.39,21,virement,web,Italie,Italie,0,0
195,50.47,34.58,1,paiement_pos,mobile,Italie,Italie,1,0
217,176.94,30.72,23,paiement_pos,mobile,France,France,1,0
149,10.33,39.55,21,achat_en_ligne,web,Italie,Italie,0,0
221,44.11,37.39,2,virement,web,France,France,0,0
245,11.25,24.95,12,achat_en_ligne,mobile,Espagne,Espagne,0,0
93,29.37,19.57,9,retrait_atm,web,Italie,Italie,0,0
139,25.15,38.79,12,paiement_pos,pos,Belgique,Belgique,0,0
138,7.4,24.96,23,achat_en_ligne,pos,France,France,0,0
121,27.84,34.19,4,achat_en_ligne,pos,Allemagne,Allemagne,1,0
140,63.49,34.17,5,retrait_atm,pos,Italie,Allemagne,0,0
104,150.43,40.65,9,virement,mobile,France,France,0,0
292,51.33,42.81,10,virement,mobile,Belgique,Belgique,0,0
271,41.68,31.77,17,virement,pos,Belgique,Belgique,0,0
259,59.08,30.86,10,paiement_pos,web,France,France,0,0
22,99.89,32.32,17,retrait_atm,atm,Belgique,Belgique,0,0
127,49.48,85.12,11,paiement_pos,pos,France,France,0,0
89,16.79,9.13,9,paiement_pos,web,Espagne,Espagne,0,0
249,102.58,52.25,2,paiement_pos,web,Espagne,Espagne,0,0
21,6.74,30.14,14,paiement_pos,pos,Allemagne,Allemagne,0,0
165,166.24,94.29,0,achat_en_ligne,pos,Allemagne,Allemagne,0,0
124,52.71,40.04,9,paiement_pos,mobile,Allemagne,Allemagne,0,0
113,101.39,28.71,14,virement,atm,Allemagne,Allemagne,0,0
46,44.89,79.59,15,virement,pos,Italie,Italie,0,0
267,47.67,27.91,9,achat_en_ligne,mobile,Allemagne,Allemagne,1,0
290,4.64,17.43,19,achat_en_ligne,pos,Belgique,Allemagne,0,0
158,85.86,17.61,13,retrait_atm,web,Ukraine,Allemagne,0,1
52,22.07,30.02,21,retrait_atm,mobile,France,France,1,0
190,21.14,39.93,11,virement,pos,Belgique,Belgique,0,0
274,43.14,20.04,3,paiement_pos,web,Italie,Italie,1,0
134,8.49,11.63,22,virement,atm,Allemagne,Allemagne,0,0
27,33.62,15.38,19,achat_en_ligne,pos,Allemagne,Allemagne,4,0
242,12.54,14.19,7,retrait_atm,web,Allemagne,Allemagne,0,0
190,44.9,39.93,21,virement,mobile,Belgique,Belgique,1,0
252,15.82,21.7,4,virement,pos,Allemagne,Allemagne,1,0
117,61.94,43.94,21,achat_en_ligne,atm,France,France,0,0
226,245.43,54.88,15,virement,pos,Nigeria,Belgique,1,1
282,26.74,41.92,20,achat_en_ligne,web,Allemagne,Allemagne,0,0
89,2.29,9.13,22,retrait_atm,web,Espagne,Espagne,1,0
52,46.52,30.02,19,paiement_pos,atm,France,France,0,0
37,41.29,42.83,10,retrait_atm,web,Italie,Italie,2,0
175,141.12,66.87,8,paiement_pos,pos,Espagne,Espagne,0,0
190,30.49,39.93,19,paiement_pos,mobile,Belgique,Belgique,0,0
37,53.21,42.83,4,achat_en_ligne,pos,Italie,Italie,1,0
183,344.68,82.0,11,paiement_pos,mobile,Allemagne,Allemagne,0,0
254,78.71,37.27,11,achat_en_ligne,web,Belgique,Belgique,0,0
164,31.35,43.1,3,virement,web,Allemagne,Allemagne,0,0
39,37.31,36.96,16,paiement_pos,mobile,Belgique,Belgique,0,0
245,36.49,24.95,8,paiement_pos,atm,Espagne,Espagne,0,0
244,63.47,34.21,20,achat_en_ligne,web,Espagne,Espagne,0,0
205,13.21,23.51,20,retrait_atm,atm,Allemagne,Allemagne,1,0
143,29.34,28.47,10,achat_en_ligne,atm,Allemagne,Belgique,1,0
96,0.89,13.73,12,achat_en_ligne,atm,Nigeria,Belgique,4,1
84,46.69,23.23,19,achat_en_ligne,pos,Italie,Italie,0,0
42,655.45,89.17,19,paiement_pos,atm,Espagne,Espagne,1,1
294,9.45,40.33,8,achat_en_ligne,pos,Belgique,Belgique,0,0
262,9.24,15.21,19,retrait_atm,web,France,France,0,0
13,26.07,18.56,15,paiement_pos,pos,Espagne,Espagne,1,0
202,59.67,80.28,13,achat_en_ligne,pos,Italie,Italie,0,0
91,4.81,17.51,5,virement,pos,Allemagne,Allemagne,0,0
244,72.98,34.21,19,paiement_pos,web,Espagne,Espagne,0,0
134,11.56,11.63,18,achat_en_ligne,pos,Allemagne,Allemagne,0,0
7,12.96,32.06,23,paiement_pos,web,France,France,0,0
134,53.09,11.63,3,retrait_atm,web,Russie,Allemagne,0,1
56,28.73,48.73,15,virement,mobile,France,France,1,0
169,29.48,34.46,0,paiement_pos,pos,Belgique,Belgique,1,0
73,26.09,28.95,19,retrait_atm,mobile,Allemagne,Allemagne,0,0
172,1.66,16.33,1,virement,web,Nigeria,France,1,1
225,434.21,55.37,9,virement,web,Belgique,Espagne,0,1
245,51.21,24.95,12,retrait_atm,mobile,Espagne,Espagne,0,0
76,15.11,17.28,11,paiement_pos,pos,Allemagne,Allemagne,0,0
132,34.54,38.77,16,achat_en_ligne,atm,Allemagne,Allemagne,1,0
72,38.04,21.81,23,achat_en_ligne,mobile,Allemagne,France,0,0
252,31.46,21.7,20,retrait_atm,mobile,Espagne,Allemagne,0,0
39,75.89,36.96,19,achat_en_ligne,web,Belgique,Belgique,0,0
263,8.16,13.61,8,retrait_atm,pos,Belgique,Belgique,1,0
123,17.58,21.48,10,retrait_atm,mobile,Espagne,Espagne,0,0
248,11.53,35.98,20,virement,mobile,Allemagne,Allemagne,0,0
172,73.82,16.33,9,retrait_atm,mobile,France,France,0,0
73,51.32,28.95,12,paiement_pos,pos,Allemagne,Allemagne,0,0
266,65.96,51.92,9,paiement_pos,web,Allemagne,Allemagne,2,0
43,155.78,93.15,20,virement,mobile,Espagne,Espagne,0,0
48,39.26,19.36,0,achat_en_ligne,web,Italie,Italie,0,0
178,35.88,51.34,1,retrait_atm,mobile,France,France,1,0
236,34.01,15.63,13,virement,web,Espagne,Espagne,0,0
195,57.8,34.58,3,paiement_pos,web,Italie,Italie,0,0
292,231.61,42.81,23,paiement_pos,web,Belgique,Belgique,0,0
270,0.96,73.45,7,paiement_pos,mobile,Nigeria,Allemagne,2,1
243,17.48,8.28,23,paiement_pos,atm,France,France,1,0
248,57.75,35.98,9,paiement_pos,pos,Italie,Allemagne,0,0
74,22.22,38.3,6,paiement_pos,mobile,France,France,0,0
103,101.21,26.55,4,retrait_atm,atm,Italie,Italie,1,1
76,24.19,17.28,5,achat_en_ligne,atm,Allemagne,Allemagne,0,0
257,80.01,45.27,12,retrait_atm,mobile,Espagne,Espagne,1,0
117,32.02,43.94,6,achat_en_ligne,atm,France,France,0,0
239,73.07,43.11,18,retrait_atm,atm,Belgique,Belgique,0,0
201,25.94,12.82,1,paiement_pos,atm,Belgique,Belgique,0,0
222,49.81,54.96,21,achat_en_ligne,web,Allemagne,Allemagne,1,0
187,64.39,33.77,22,paiement_pos,pos,France,France,0,0
116,36.36,23.73,12,paiement_pos,web,Allemagne,Allemagne,2,0
69,47.46,45.74,23,virement,web,France,France,0,0
127,265.01,85.12,20,achat_en_ligne,mobile,France,France,1,0
287,124.17,57.8,16,virement,atm,France,France,0,0
285,13.17,30.61,11,paiement_pos,web,Allemagne,Allemagne,1,0
213,31.37,30.22,23,paiement_pos,atm,Espagne,Espagne,1,0
243,12.09,8.28,21,virement,mobile,France,France,2,0
127,43.63,85.12,8,retrait_atm,pos,Italie,France,0,0
30,36.91,36.45,15,retrait_atm,mobile,Allemagne,Allemagne,0,0
11,30.6,24.54,20,virement,atm,Allemagne,Allemagne,0,0
297,78.37,26.96,20,achat_en_ligne,mobile,Italie,Italie,0,0
22,57.66,32.32,2,paiement_pos,atm,Belgique,Belgique,1,0
115,125.9,38.07,6,virement,web,Allemagne,Allemagne,0,0
282,46.65,41.92,9,virement,web,Allemagne,Allemagne,3,0
158,12.28,17.61,23,paiement_pos,web,Allemagne,Allemagne,1,0
19,206.85,57.91,2,virement,pos,Italie,Italie,0,0
24,49.59,43.28,23,virement,mobile,Italie,Italie,2,0
13,3.74,18.56,5,achat_en_ligne,web,Espagne,Espagne,0,0
299,45.55,62.82,6,paiement_pos,mobile,Belgique,Belgique,0,0
198,11.68,9.6,23,retrait_atm,web,France,France,0,0
77,121.23,34.96,13,paiement_pos,mobile,Belgique,Belgique,0,0
52,4.39,30.02,5,paiement_pos,atm,France,France,1,1
178,22.57,51.34,17,achat_en_ligne,mobile,France,France,0,0
143,43.35,28.47,2,retrait_atm,web,Belgique,Belgique,0,0
209,79.41,38.12,8,paiement_pos,atm,Belgique,Belgique,0,0
48,6.84,19.36,6,virement,atm,Italie,Italie,1,0
166,42.8,43.09,16,virement,mobile,Italie,Italie,0,0
109,48.96,42.99,3,retrait_atm,pos,Allemagne,Allemagne,0,0
237,17.95,12.67,19,achat_en_ligne,pos,Espagne,Espagne,0,0
244,33.84,34.21,20,paiement_pos,pos,Espagne,Espagne,0,0
53,219.09,40.55,16,retrait_atm,atm,Russie,Belgique,1,1
46,26.26,79.59,8,retrait_atm,web,Italie,Italie,1,0
167,109.56,54.42,16,paiement_pos,web,Belgique,Belgique,0,0
32,42.38,39.31,14,virement,pos,Belgique,Belgique,1,0
298,3.64,13.65,18,achat_en_ligne,atm,Allemagne,Allemagne,0,0
14,84.96,21.43,13,paiement_pos,mobile,Espagne,Espagne,0,0
280,101.43,92.99,19,virement,atm,France,France,0,0
42,143.95,89.17,14,retrait_atm,pos,Espagne,Espagne,1,0
155,17.56,55.61,16,paiement_pos,mobile,Allemagne,Allemagne,1,0
32,14.44,39.31,12,paiement_pos,pos,Belgique,Belgique,0,0
212,64.37,30.31,19,retrait_atm,pos,Espagne,Espagne,0,0
125,23.34,31.24,19,retrait_atm,atm,Italie,Italie,0,0
67,5.88,27.2,23,paiement_pos,web,Italie,Italie,0,0
164,63.6,43.1,8,retrait_atm,web,Allemagne,Allemagne,0,0
148,45.56,36.82,22,virement,pos,Belgique,Belgique,0,0
213,50.46,30.22,1,virement,mobile,Espagne,Espagne,0,0
3,372.25,30.11,12,retrait_atm,web,Nigeria,Espagne,0,1
173,61.37,52.95,23,virement,atm,Espagne,Espagne,0,0
11,51.53,24.54,14,virement,atm,Allemagne,Allemagne,0,0
201,21.28,12.82,13,achat_en_ligne,atm,Belgique,Belgique,1,0
182,27.93,24.26,9,paiement_pos,web,France,France,0,0
198,14.93,9.6,16,achat_en_ligne,pos,France,France,0,0
67,6.51,27.2,17,virement,pos,Italie,Italie,0,0
17,1.5,54.77,15,paiement_pos,pos,Allemagne,Allemagne,4,1
37,15.69,42.83,1,virement,atm,Italie,Italie,0,0
24,14.71,43.28,17,virement,web,Italie,Italie,0,0
222,24.13,54.96,23,virement,pos,Allemagne,Allemagne,2,0
38,462.99,83.22,6,retrait_atm,atm,Espagne,Italie,0,0
89,19.7,9.13,17,retrait_atm,web,Espagne,Espagne,1,0
86,50.72,68.27,22,achat_en_ligne,atm,Espagne,Espagne,0,0
8,725.19,95.66,4,paiement_pos,mobile,Russie,Espagne,0,1
229,50.63,29.28,7,achat_en_ligne,mobile,Allemagne,Allemagne,1,0
284,76.16,44.03,6,retrait_atm,web,Allemagne,Allemagne,0,0
96,11.88,13.73,8,achat_en_ligne,atm,Belgique,Belgique,0,0
241,58.26,39.09,17,retrait_atm,web,France,France,0,0
185,32.51,21.77,18,retrait_atm,atm,Allemagne,Allemagne,0,0
20,219.7,41.72,6,retrait_atm,mobile,France,Allemagne,0,0
97,393.42,118.81,22,paiement_pos,atm,Belgique,Belgique,1,0
66,47.31,24.77,8,retrait_atm,mobile,Belgique,Belgique,0,0
259,61.66,30.86,8,virement,atm,France,France,0,0
72,37.03,21.81,12,retrait_atm,pos,France,France,0,0
185,11.11,21.77,15,virement,pos,Allemagne,Allemagne,0,0
221,32.34,37.39,0,retrait_atm,mobile,France,France,0,0
60,5.4,15.94,6,retrait_atm,web,Espagne,Espagne,0,0
274,105.87,20.04,12,retrait_atm,web,Italie,Italie,0,0
91,11.62,17.51,1,virement,pos,Allemagne,Allemagne,1,0
157,69.77,31.92,8,achat_en_ligne,mobile,France,France,0,0
113,23.87,28.71,6,virement,mobile,Allemagne,Allemagne,1,0
18,108.58,19.26,1,virement,atm,France,France,1,0
63,180.28,57.37,7,virement,mobile,Belgique,Belgique,0,0
123,44.85,21.48,22,virement,web,Espagne,Espagne,0,0
83,2.81,13.76,0,paiement_pos,pos,France,France,0,0
190,73.93,39.93,6,achat_en_ligne,atm,Belgique,Belgique,0,0
11,51.73,24.54,13,paiement_pos,web,Allemagne,Allemagne,0,0
5,31.78,12.12,13,retrait_atm,pos,Allemagne,Allemagne,0,0
58,18.81,32.16,11,retrait_atm,pos,France,France,0,0
181,17.85,16.39,13,virement,atm,Italie,Italie,0,0
297,46.72,26.96,2,virement,atm,Italie,Italie,1,0
189,19.61,22.14,20,retrait_atm,pos,Belgique,Belgique,0,0
285,9.8,30.61,19,retrait_atm,web,Allemagne,Allemagne,0,0
10,104.78,59.72,18,retrait_atm,pos,France,France,0,0
94,66.59,31.29,18,virement,mobile,Belgique,Belgique,0,0
117,0.94,43.94,19,paiement_pos,atm,Nigeria,France,5,1
67,22.7,27.2,7,retrait_atm,mobile,Italie,Italie,0,0
251,233.94,45.51,12,achat_en_ligne,pos,France,France,0,0
295,67.5,41.15,11,achat_en_ligne,pos,Allemagne,Allemagne,0,0
262,28.29,15.21,17,achat_en_ligne,pos,France,France,0,0
115,38.42,38.07,15,retrait_atm,web,Allemagne,Allemagne,1,0
105,182.36,93.43,19,retrait_atm,web,Espagne,Espagne,0,0
227,85.86,46.18,19,retrait_atm,mobile,Italie,Italie,1,0
129,40.19,20.95,21,paiement_pos,mobile,Italie,Allemagne,0,0
185,31.49,21.77,18,virement,web,Allemagne,Allemagne,1,0
284,38.2,44.03,21,virement,web,Allemagne,Allemagne,0,0
282,47.97,41.92,13,achat_en_ligne,pos,Allemagne,Allemagne,2,0
124,87.41,40.04,14,virement,atm,Allemagne,Allemagne,1,0
256,19.08,26.15,23,paiement_pos,atm,France,France,0,0
296,120.09,73.14,3,retrait_atm,pos,Allemagne,Allemagne,0,0
169,29.36,34.46,16,virement,pos,Belgique,Belgique,1,0
222,270.8,54.96,3,retrait_atm,web,Nigeria,Allemagne,0,1
84,43.85,23.23,9,retrait_atm,atm,Italie,Italie,0,0
264,7.38,8.16,22,paiement_pos,mobile,Italie,Italie,0,0
265,32.8,22.04,12,virement,mobile,Italie,Italie,0,0
153,68.68,93.36,6,achat_en_ligne,pos,Italie,Italie,0,0
298,10.69,13.65,13,virement,mobile,Allemagne,Allemagne,0,0
93,6.26,19.57,15,virement,mobile,Italie,Italie,1,0
102,26.88,16.4,3,achat_en_ligne,web,France,France,0,0
17,22.54,54.77,12,paiement_pos,web,Allemagne,Allemagne,0,0
88,31.78,22.37,21,achat_en_ligne,mobile,Belgique,Belgique,0,0
271,39.08,31.77,11,virement,web,Belgique,Belgique,0,0
269,92.87,63.66,9,retrait_atm,atm,Espagne,Espagne,0,0
115,30.75,38.07,22,paiement_pos,mobile,France,Allemagne,0,0
29,158.98,85.41,7,achat_en_ligne,mobile,Allemagne,Allemagne,0,0
63,73.91,57.37,20,retrait_atm,pos,Belgique,Belgique,0,0
54,163.32,77.05,12,retrait_atm,mobile,Allemagne,Allemagne,2,0
10,113.79,59.72,1,paiement_pos,atm,France,France,4,0
4,4.1,17.79,10,virement,web,Allemagne,Allemagne,1,0
13,10.45,18.56,22,achat_en_ligne,atm,Espagne,Espagne,0,0
247,85.31,50.46,11,retrait_atm,pos,Espagne,Espagne,0,0
253,26.66,29.73,8,retrait_atm,pos,France,France,0,0
158,24.33,17.61,23,retrait_atm,web,France,Allemagne,0,0
117,95.68,43.94,7,retrait_atm,web,France,France,0,0
19,111.59,57.91,7,paiement_pos,mobile,Italie,Italie,0,0
241,63.65,39.09,11,retrait_atm,pos,France,France,1,0
89,8.31,9.13,15,retrait_atm,pos,Espagne,Espagne,5,0
175,118.12,66.87,15,virement,mobile,Espagne,Espagne,0,0
241,64.07,39.09,23,retrait_atm,web,France,France,0,0
28,23.44,36.73,6,paiement_pos,atm,Italie,Italie,1,0
196,42.76,42.45,17,retrait_atm,mobile,France,France,0,0
199,17.19,23.23,20,paiement_pos,atm,Belgique,Belgique,0,0
99,2.4,17.15,5,achat_en_ligne,web,Espagne,Espagne,3,1
295,79.83,41.15,6,retrait_atm,pos,Allemagne,Allemagne,0,0
31,51.2,30.84,19,paiement_pos,pos,Allemagne,Allemagne,2,0
14,60.59,21.43,16,achat_en_ligne,mobile,Espagne,Espagne,1,0
76,7.62,17.28,14,virement,web,Allemagne,Allemagne,1,0
41,12.08,14.57,5,virement,web,France,France,0,0
137,11.99,17.01,0,paiement_pos,pos,Espagne,Espagne,0,0
159,45.51,27.09,20,retrait_atm,atm,Allemagne,Allemagne,0,0
106,9.29,18.32,8,virement,pos,Espagne,Espagne,0,0
244,50.43,34.21,11,retrait_atm,mobile,Espagne,Espagne,0,0
79,274.33,149.98,12,retrait_atm,pos,Allemagne,Allemagne,0,0
3,48.64,30.11,16,virement,web,Espagne,Espagne,1,0
220,12.73,20.22,7,retrait_atm,web,Italie,Italie,0,0
287,64.62,57.8,19,virement,web,France,France,0,0
15,36.58,118.76,6,virement,atm,Espagne,Espagne,1,0
3,52.72,30.11,14,virement,atm,Espagne,Espagne,0,0
165,179.02,94.29,9,virement,web,Allemagne,Allemagne,0,0
97,112.76,118.81,11,virement,pos,Allemagne,Belgique,0,0
40,19.75,15.88,19,achat_en_ligne,pos,Espagne,Espagne,0,0
293,60.77,29.56,13,achat_en_ligne,mobile,Italie,Italie,3,0
79,73.0,149.98,21,virement,mobile,Allemagne,Allemagne,0,0
37,232.94,42.83,16,virement,pos,Italie,Italie,0,0
263,23.05,13.61,22,achat_en_ligne,web,Belgique,Belgique,0,0
63,70.88,57.37,21,paiement_pos,pos,Belgique,Belgique,0,0
223,22.24,33.34,0,paiement_pos,pos,Espagne,Espagne,3,0
156,27.46,27.19,16,paiement_pos,pos,Espagne,Espagne,0,0
89,12.55,9.13,14,paiement_pos,atm,Allemagne,Espagne,0,0
17,57.23,54.77,13,retrait_atm,pos,Allemagne,Allemagne,0,0
182,299.58,24.26,0,retrait_atm,mobile,Nigeria,France,1,1
103,45.46,26.55,6,retrait_atm,atm,Italie,Italie,0,0
116,17.91,23.73,10,retrait_atm,pos,Allemagne,Allemagne,1,0
277,41.59,19.44,6,paiement_pos,atm,Allemagne,Allemagne,0,0
262,7.93,15.21,16,paiement_pos,mobile,France,France,1,0
164,52.7,43.1,21,virement,mobile,Allemagne,Allemagne,0,0
242,13.27,14.19,13,virement,web,Allemagne,Allemagne,0,0
71,26.51,30.18,7,paiement_pos,pos,Espagne,Espagne,0,0
182,48.9,24.26,20,paiement_pos,mobile,France,France,0,0
80,165.02,102.12,13,paiement_pos,mobile,Espagne,Espagne,0,0
13,24.94,18.56,4,paiement_pos,web,Espagne,Espagne,1,0
152,116.77,40.32,23,achat_en_ligne,atm,Belgique,Belgique,0,0
240,49.56,45.35,7,virement,mobile,Espagne,Espagne,0,0
14,15.87,21.43,20,achat_en_ligne,pos,Espagne,Espagne,0,0
21,34.72,30.14,13,paiement_pos,pos,Allemagne,Allemagne,0,0
43,167.47,93.15,22,achat_en_ligne,web,Espagne,Espagne,1,0
200,79.53,47.21,7,retrait_atm,web,Italie,Italie,0,0
121,26.14,34.19,0,virement,pos,Allemagne,Allemagne,1,0
86,29.74,68.27,8,achat_en_ligne,atm,Espagne,Espagne,0,0
234,84.51,72.66,17,achat_en_ligne,web,Espagne,Espagne,0,0
66,64.07,24.77,4,retrait_atm,web,Belgique,Belgique,0,0
194,28.03,39.75,13,virement,web,Belgique,Belgique,0,0
119,60.52,36.35,19,retrait_atm,atm,Belgique,Belgique,0,0
75,8.27,36.82,12,achat_en_ligne,web,Espagne,Espagne,1,0
94,18.61,31.29,9,paiement_pos,pos,Belgique,Belgique,0,0
254,439.96,37.27,4,virement,atm,Belgique,Belgique,0,1
283,25.6,17.74,23,retrait_atm,mobile,Espagne,Espagne,1,0
7,31.01,32.06,16,virement,mobile,France,France,0,0
116,11.14,23.73,4,virement,atm,Allemagne,Allemagne,0,0
114,8.74,28.22,23,paiement_pos,web,Allemagne,Allemagne,0,0
246,26.29,43.63,10,paiement_pos,web,France,France,0,0
1,36.53,62.78,10,retrait_atm,web,France,France,0,0
249,101.4,52.25,19,achat_en_ligne,web,Espagne,Espagne,1,0
26,31.4,15.87,17,paiement_pos,pos,Espagne,Espagne,0,0
25,16.0,25.2,20,paiement_pos,atm,Espagne,Espagne,0,0
232,13.62,25.16,5,virement,pos,Italie,Italie,0,0
91,4.06,17.51,13,achat_en_ligne,pos,Allemagne,Allemagne,1,0
95,11.87,11.53,20,achat_en_ligne,mobile,France,Italie,0,0
192,62.55,47.72,4,paiement_pos,pos,Espagne,Espagne,0,0
147,34.37,28.73,14,achat_en_ligne,mobile,France,France,0,0
87,46.3,21.38,4,virement,mobile,France,France,0,0
204,51.78,55.03,11,retrait_atm,web,Espagne,Espagne,1,0
109,35.17,42.99,6,achat_en_ligne,mobile,Allemagne,Allemagne,1,0
6,8.4,24.73,22,achat_en_ligne,atm,Italie,Italie,0,0
267,42.82,27.91,13,achat_en_ligne,mobile,Allemagne,Allemagne,0,0
23,34.13,22.36,14,paiement_pos,mobile,France,France,1,0
201,15.37,12.82,11,achat_en_ligne,atm,Belgique,Belgique,0,0
59,24.76,19.97,8,retrait_atm,web,Espagne,Espagne,0,0
54,137.29,77.05,16,paiement_pos,mobile,Allemagne,Allemagne,1,0
165,40.38,94.29,13,achat_en_ligne,web,Allemagne,Allemagne,2,0
260,23.52,54.47,20,retrait_atm,pos,Allemagne,Allemagne,0,0
247,7.45,50.46,21,virement,mobile,Espagne,Espagne,3,1
202,65.5,80.28,5,virement,atm,Italie,Italie,0,0
203,2.81,41.31,4,paiement_pos,pos,Ukraine,Allemagne,5,1
183,681.3,82.0,0,virement,mobile,Allemagne,Allemagne,3,1
257,91.6,45.27,16,virement,atm,Espagne,Espagne,0,0
296,86.16,73.14,8,retrait_atm,atm,Allemagne,Allemagne,0,0
132,78.54,38.77,11,retrait_atm,mobile,Allemagne,Allemagne,0,0
290,96.29,17.43,1,virement,mobile,Allemagne,Allemagne,0,0
19,84.51,57.91,19,virement,web,Italie,Italie,0,0
174,40.9,29.54,1,paiement_pos,mobile,Espagne,Espagne,0,0
34,15.59,37.77,17,virement,atm,Allemagne,Allemagne,0,0
177,50.67,98.73,4,virement,mobile,Espagne,Espagne,0,0
300,14.86,27.14,9,retrait_atm,mobile,France,France,0,0
270,88.14,73.45,0,virement,pos,Allemagne,Allemagne,1,0
162,48.14,93.63,23,achat_en_ligne,web,Espagne,Espagne,0,0
196,47.27,42.45,10,achat_en_ligne,web,France,France,0,0
228,190.4,133.83,0,retrait_atm,atm,Allemagne,Allemagne,0,0
279,13.35,53.63,12,paiement_pos,atm,France,France,0,0
284,247.28,44.03,21,achat_en_ligne,atm,Allemagne,Allemagne,1,0
69,15.06,45.74,22,virement,mobile,France,France,0,0
137,21.01,17.01,21,paiement_pos,mobile,Espagne,Espagne,0,0
291,17.71,22.36,12,achat_en_ligne,atm,Espagne,Italie,0,0
255,78.22,54.18,3,achat_en_ligne,atm,Espagne,Espagne,0,0
98,24.61,15.3,19,retrait_atm,pos,Espagne,Espagne,0,0
6,45.21,24.73,3,virement,mobile,Italie,Italie,0,0
85,18.05,40.02,16,virement,pos,Espagne,Espagne,0,0
18,8.12,19.26,14,paiement_pos,atm,France,France,0,0
198,8.56,9.6,13,retrait_atm,mobile,France,France,0,0
194,179.85,39.75,18,virement,mobile,Belgique,Belgique,0,0
41,2.0,14.57,0,paiement_pos,pos,France,France,5,1
278,21.72,26.71,8,retrait_atm,web,Espagne,Espagne,0,0
48,218.65,19.36,2,retrait_atm,mobile,Roumanie,Italie,0,1
204,71.12,55.03,13,achat_en_ligne,atm,Espagne,Espagne,1,0
91,35.86,17.51,20,paiement_pos,pos,Allemagne,Allemagne,0,0
159,18.14,27.09,8,virement,atm,Allemagne,Allemagne,0,0
126,153.88,116.27,4,virement,pos,Allemagne,Allemagne,1,0
75,42.2,36.82,15,virement,mobile,Italie,Espagne,0,0
170,7.61,21.79,14,paiement_pos,mobile,France,France,1,0
78,81.32,37.98,12,paiement_pos,pos,Belgique,Belgique,1,0
241,13.61,39.09,22,paiement_pos,pos,France,France,1,0
257,14.05,45.27,17,paiement_pos,web,Espagne,Espagne,0,0
167,76.69,54.42,23,paiement_pos,web,Belgique,Belgique,1,0
77,89.15,34.96,3,paiement_pos,atm,Roumanie,Belgique,4,1
272,57.15,74.6,0,achat_en_ligne,pos,France,France,0,0
140,14.27,34.17,5,retrait_atm,atm,Allemagne,Allemagne,0,0
68,131.74,60.44,11,paiement_pos,mobile,Belgique,Belgique,0,0
80,145.45,102.12,14,achat_en_ligne,atm,Espagne,Espagne,0,0
195,62.06,34.58,13,virement,pos,Italie,Italie,1,0
285,29.49,30.61,17,paiement_pos,mobile,Allemagne,Allemagne,0,0
242,16.81,14.19,14,virement,mobile,Allemagne,Allemagne,0,0
189,29.91,22.14,17,retrait_atm,atm,Belgique,Belgique,0,0
10,90.84,59.72,15,paiement_pos,web,France,France,0,0
40,11.85,15.88,13,paiement_pos,atm,Espagne,Espagne,0,0
137,6.66,17.01,17,virement,atm,Espagne,Espagne,0,0
294,36.59,40.33,16,virement,atm,Belgique,Belgique,0,0
259,90.57,30.86,8,retrait_atm,pos,France,France,1,0
273,206.42,35.0,4,paiement_pos,atm,Russie,France,0,1
164,74.86,43.1,18,virement,mobile,Allemagne,Allemagne,0,0
261,17.48,10.02,14,paiement_pos,mobile,Espagne,Espagne,0,0
152,19.86,40.32,23,achat_en_ligne,pos,Belgique,Belgique,0,0
153,104.9,93.36,9,virement,web,Italie,Italie,0,0
223,8.62,33.34,5,achat_en_ligne,atm,Espagne,Espagne,1,0
108,27.59,52.79,15,achat_en_ligne,pos,Espagne,Espagne,0,0
167,43.47,54.42,22,virement,pos,Espagne,Belgique,0,0
169,65.9,34.46,7,virement,pos,Belgique,Belgique,1,0
50,5.82,26.13,4,retrait_atm,web,France,Espagne,0,0
294,59.08,40.33,10,virement,mobile,Belgique,Belgique,2,0
12,158.98,16.27,2,paiement_pos,web,Italie,Italie,0,1
250,20.05,38.0,7,achat_en_ligne,pos,France,France,0,0
290,30.19,17.43,17,virement,pos,Allemagne,Allemagne,1,0
149,45.97,39.55,12,achat_en_ligne,pos,Italie,Italie,0,0
99,13.11,17.15,22,retrait_atm,mobile,Espagne,Espagne,0,0
229,34.25,29.28,5,virement,atm,Allemagne,Allemagne,0,0
209,203.11,38.12,14,achat_en_ligne,web,Belgique,Belgique,1,0
120,54.07,40.9,20,virement,web,France,France,0,0
85,9.44,40.02,3,achat_en_ligne,web,Espagne,Espagne,1,0
275,25.23,23.18,11,paiement_pos,pos,Allemagne,Allemagne,0,0
229,36.62,29.28,23,achat_en_ligne,mobile,Allemagne,Allemagne,1,0
102,12.12,16.4,9,achat_en_ligne,pos,France,France,1,0
236,33.27,15.63,21,paiement_pos,atm,Espagne,Espagne,0,0
127,28.48,85.12,0,paiement_pos,pos,France,France,0,0
246,81.82,43.63,12,virement,atm,France,France,0,0
265,110.47,22.04,9,retrait_atm,web,Italie,Italie,1,0
135,31.78,57.77,1,achat_en_ligne,web,Espagne,Espagne,0,0
240,93.54,45.35,23,paiement_pos,pos,Espagne,Espagne,0,0
192,60.69,47.72,16,virement,web,Espagne,Espagne,0,0
94,67.78,31.29,3,retrait_atm,pos,Belgique,Belgique,1,0
270,107.93,73.45,14,paiement_pos,web,Allemagne,Allemagne,0,0
208,20.47,38.08,7,retrait_atm,atm,Italie,Italie,3,0
291,23.58,22.36,11,retrait_atm,pos,Italie,Italie,0,0
162,20.21,93.63,3,paiement_pos,mobile,Espagne,Espagne,0,0
37,49.16,42.83,10,achat_en_ligne,web,Italie,Italie,0,0
151,30.19,11.54,1,virement,atm,Italie,Italie,1,0
83,23.57,13.76,19,paiement_pos,atm,France,France,2,0
88,7.83,22.37,21,paiement_pos,atm,Belgique,Belgique,0,0
11,32.5,24.54,17,achat_en_ligne,pos,Allemagne,Allemagne,1,0
213,51.85,30.22,6,retrait_atm,pos,Espagne,Espagne,1,0
164,43.09,43.1,12,retrait_atm,atm,Allemagne,Allemagne,0,0
147,27.25,28.73,8,paiement_pos,pos,France,France,0,0
183,177.19,82.0,7,achat_en_ligne,pos,Allemagne,Allemagne,1,0
134,8.87,11.63,7,achat_en_ligne,web,Allemagne,Allemagne,0,0
147,47.86,28.73,18,virement,atm,France,France,1,0
205,10.74,23.51,12,achat_en_ligne,mobile,Allemagne,Allemagne,0,0
46,260.68,79.59,1,virement,atm,Italie,Italie,0,0
238,193.68,20.56,6,virement,pos,Russie,Allemagne,0,1
192,76.83,47.72,13,retrait_atm,web,Espagne,Espagne,1,0
108,64.85,52.79,16,paiement_pos,pos,Allemagne,Espagne,0,0
264,9.34,8.16,9,retrait_atm,mobile,Italie,Italie,1,0
86,258.63,68.27,21,retrait_atm,atm,Espagne,Espagne,0,0
56,21.06,48.73,12,retrait_atm,web,France,France,1,0
218,148.26,80.55,2,virement,web,France,France,0,0
154,18.86,13.19,15,paiement_pos,web,Belgique,Belgique,0,0
1,113.14,62.78,22,retrait_atm,web,France,France,0,0
120,40.56,40.9,9,achat_en_ligne,web,France,France,0,0
263,17.13,13.61,13,achat_en_ligne,pos,Belgique,Belgique,1,0
22,124.32,32.32,6,retrait_atm,mobile,Belgique,Belgique,1,0
198,15.3,9.6,11,achat_en_ligne,mobile,France,France,0,0
290,13.24,17.43,21,achat_en_ligne,mobile,Allemagne,Allemagne,0,0
185,6.52,21.77,0,paiement_pos,mobile,Allemagne,Allemagne,0,0
158,10.92,17.61,23,achat_en_ligne,pos,Allemagne,Allemagne,1,0
213,46.71,30.22,12,achat_en_ligne,pos,Espagne,Espagne,0,0
100,206.86,99.7,15,retrait_atm,web,France,France,1,0
218,127.97,80.55,18,retrait_atm,atm,France,France,0,0
128,168.42,41.74,17,achat_en_ligne,atm,Espagne,Espagne,1,0
16,22.55,20.23,17,paiement_pos,web,Espagne,Espagne,0,0
149,55.35,39.55,19,paiement_pos,atm,Italie,Italie,0,0
117,92.65,43.94,17,virement,mobile,France,France,0,0
46,92.68,79.59,6,achat_en_ligne,pos,Italie,Italie,1,0
86,81.45,68.27,16,retrait_atm,web,Espagne,Espagne,0,0
60,7.85,15.94,19,virement,atm,Espagne,Espagne,0,0
222,24.44,54.96,0,retrait_atm,mobile,Allemagne,Allemagne,1,0
14,23.42,21.43,17,virement,mobile,Espagne,Espagne,0,0
175,495.2,66.87,22,retrait_atm,mobile,Espagne,Espagne,2,1
42,58.19,89.17,6,achat_en_ligne,atm,Espagne,Espagne,0,0
139,76.27,38.79,5,paiement_pos,web,Belgique,Belgique,0,0
139,19.49,38.79,13,paiement_pos,mobile,Belgique,Belgique,0,0
83,19.79,13.76,9,achat_en_ligne,web,France,France,0,0
44,7.2,29.73,14,achat_en_ligne,atm,Belgique,Belgique,0,0
163,141.96,67.12,22,retrait_atm,pos,Allemagne,Allemagne,1,0
88,7.66,22.37,16,paiement_pos,web,Belgique,Belgique,0,0
247,83.63,50.46,21,retrait_atm,atm,Espagne,Espagne,1,0
109,35.89,42.99,17,achat_en_ligne,pos,Allemagne,Allemagne,2,0
86,49.54,68.27,17,retrait_atm,web,Espagne,Espagne,0,0
38,84.59,83.22,16,achat_en_ligne,atm,Italie,Italie,0,0
186,4.93,18.03,18,achat_en_ligne,mobile,Allemagne,Allemagne,0,0
8,149.64,95.66,8,retrait_atm,atm,Espagne,Espagne,0,0
260,17.49,54.47,19,virement,atm,Allemagne,Allemagne,0,0
81,32.72,19.85,9,achat_en_ligne,web,Italie,Italie,0,0
78,194.74,37.98,7,retrait_atm,mobile,Belgique,Belgique,0,0
104,176.65,40.65,4,retrait_atm,pos,France,France,0,1
104,83.38,40.65,19,retrait_atm,pos,France,France,1,0
210,72.83,38.95,0,retrait_atm,web,Espagne,Espagne,1,0
246,56.57,43.63,17,virement,mobile,France,France,0,0
194,52.75,39.75,16,paiement_pos,pos,Belgique,Belgique,0,0
76,28.59,17.28,10,virement,web,Allemagne,Allemagne,1,0
4,1.83,17.79,20,retrait_atm,mobile,Roumanie,Allemagne,2,1
164,75.16,43.1,15,virement,pos,Allemagne,Allemagne,1,0
284,30.68,44.03,8,virement,atm,Allemagne,Allemagne,1,0
4,31.08,17.79,9,paiement_pos,pos,Allemagne,Allemagne,1,0
227,28.36,46.18,12,retrait_atm,pos,Italie,Italie,0,0
264,4.27,8.16,10,achat_en_ligne,atm,Italie,Italie,1,0
35,8.12,25.88,9,retrait_atm,atm,Italie,Italie,0,0
284,210.56,44.03,16,achat_en_ligne,pos,Allemagne,Allemagne,1,1
22,35.82,32.32,14,paiement_pos,mobile,Belgique,Belgique,0,0
255,93.46,54.18,8,retrait_atm,mobile,Espagne,Espagne,0,0
283,32.19,17.74,23,paiement_pos,mobile,Espagne,Espagne,0,0
45,1.18,26.31,0,paiement_pos,pos,France,France,7,1
29,186.7,85.41,1,paiement_pos,atm,Allemagne,Allemagne,0,0
2,28.3,36.39,2,retrait_atm,pos,Espagne,Espagne,0,0
240,33.19,45.35,6,retrait_atm,mobile,Espagne,Espagne,0,0
173,47.43,52.95,13,paiement_pos,web,Espagne,Espagne,0,0
233,26.92,35.33,4,retrait_atm,atm,France,France,0,0
48,31.79,19.36,9,achat_en_ligne,web,Italie,Italie,2,0
177,72.88,98.73,10,achat_en_ligne,mobile,Espagne,Espagne,0,0
15,455.73,118.76,15,retrait_atm,pos,Espagne,Espagne,0,0
191,16.42,66.23,13,virement,mobile,Espagne,Espagne,0,0
227,47.29,46.18,1,retrait_atm,pos,Italie,Italie,0,0
29,145.82,85.41,23,achat_en_ligne,mobile,Allemagne,Allemagne,0,0
52,54.27,30.02,8,virement,pos,France,France,0,0
222,436.32,54.96,12,paiement_pos,mobile,Nigeria,Allemagne,0,1
295,183.3,41.15,22,retrait_atm,web,Allemagne,Allemagne,0,0
288,13.07,23.03,10,virement,pos,Allemagne,Allemagne,0,0
105,253.02,93.43,9,retrait_atm,web,Espagne,Espagne,0,0
17,113.8,54.77,13,retrait_atm,atm,Allemagne,Allemagne,0,0
224,91.72,73.51,15,retrait_atm,web,Belgique,Belgique,1,0
155,67.49,55.61,23,virement,pos,Allemagne,Allemagne,0,0
213,60.45,30.22,6,achat_en_ligne,pos,Italie,Espagne,0,0
167,86.15,54.42,20,paiement_pos,atm,Belgique,Belgique,0,0
11,34.17,24.54,14,achat_en_ligne,mobile,Allemagne,Allemagne,1,0
264,13.34,8.16,9,paiement_pos,web,Italie,Italie,0,0
273,47.42,35.0,1,achat_en_ligne,mobile,France,France,0,0
120,75.06,40.9,14,retrait_atm,mobile,France,France,0,0
236,28.22,15.63,1,paiement_pos,atm,Espagne,Espagne,0,0
269,38.31,63.66,2,achat_en_ligne,pos,Espagne,Espagne,0,0
289,0.5,24.04,7,virement,mobile,Allemagne,Allemagne,4,1
253,55.72,29.73,15,virement,web,France,France,0,0
26,9.41,15.87,18,paiement_pos,web,Espagne,Espagne,0,0
71,61.93,30.18,17,virement,mobile,Allemagne,Espagne,1,0
96,4.14,13.73,2,paiement_pos,pos,Belgique,Belgique,0,0
146,11.12,7.1,13,achat_en_ligne,pos,Italie,Italie,0,0
181,28.59,16.39,20,virement,web,Italie,Italie,0,0
283,90.3,17.74,11,achat_en_ligne,mobile,Espagne,Espagne,0,0
268,65.12,37.29,6,retrait_atm,atm,Belgique,Belgique,1,0
47,12.67,17.04,9,retrait_atm,web,Allemagne,Allemagne,0,0
169,62.71,34.46,2,retrait_atm,mobile,Belgique,Belgique,1,0
291,31.84,22.36,23,retrait_atm,pos,Italie,Italie,0,0
86,68.52,68.27,22,virement,atm,Espagne,Espagne,1,0
136,82.85,43.5,20,paiement_pos,pos,Belgique,Belgique,0,0
292,36.95,42.81,6,virement,web,Belgique,Belgique,1,0
12,12.85,16.27,13,virement,pos,Italie,Italie,0,0
71,57.32,30.18,19,virement,mobile,Espagne,Espagne,0,0
85,22.53,40.02,13,achat_en_ligne,atm,Espagne,Espagne,0,0
151,2.84,11.54,6,achat_en_ligne,mobile,Italie,Italie,0,0
221,51.42,37.39,0,achat_en_ligne,web,France,France,0,0
181,17.76,16.39,16,virement,atm,Italie,Italie,1,0
114,61.35,28.22,13,retrait_atm,web,Allemagne,Allemagne,0,0
122,63.53,33.12,0,virement,atm,Espagne,Espagne,0,0
109,41.47,42.99,23,virement,pos,Allemagne,Allemagne,0,0
297,34.56,26.96,8,paiement_pos,web,Italie,Italie,0,0
177,67.56,98.73,15,virement,pos,Espagne,Espagne,0,0
221,54.34,37.39,10,paiement_pos,mobile,France,France,0,0
105,184.47,93.43,3,retrait_atm,pos,Espagne,Espagne,0,0
32,78.25,39.31,7,virement,pos,Belgique,Belgique,0,0
278,3.0,26.71,0,retrait_atm,web,Russie,Espagne,5,1
175,177.61,66.87,3,paiement_pos,web,Nigeria,Espagne,0,1
141,47.86,27.79,6,virement,atm,Italie,Italie,0,0
198,2.73,9.6,2,paiement_pos,mobile,France,France,0,0
121,23.17,34.19,13,paiement_pos,atm,Allemagne,Allemagne,0,0
95,20.27,11.53,16,achat_en_ligne,atm,Italie,Italie,1,0
261,7.15,10.02,17,virement,atm,Espagne,Espagne,0,0
259,2.79,30.86,3,virement,atm,Nigeria,France,6,1
13,26.54,18.56,6,retrait_atm,pos,Espagne,Espagne,1,0
74,59.0,38.3,6,paiement_pos,atm,France,France,0,0
64,13.72,14.94,1,paiement_pos,pos,Italie,Italie,0,0
169,73.18,34.46,19,retrait_atm,mobile,Belgique,Belgique,0,0
255,21.71,54.18,9,achat_en_ligne,mobile,Espagne,Espagne,0,0
213,158.08,30.22,1,paiement_pos,mobile,Espagne,Espagne,2,1
275,230.04,23.18,8,paiement_pos,pos,Allemagne,Allemagne,0,1
116,16.37,23.73,2,achat_en_ligne,mobile,Allemagne,Allemagne,0,0
85,278.95,40.02,2,virement,pos,Russie,Espagne,3,1
197,178.34,87.33,20,retrait_atm,pos,Belgique,Belgique,0,0
199,18.07,23.23,16,paiement_pos,atm,Belgique,Belgique,1,0
203,30.93,41.31,23,paiement_pos,atm,Allemagne,Allemagne,0,0
294,61.88,40.33,23,virement,mobile,Belgique,Belgique,2,0
293,54.8,29.56,11,paiement_pos,pos,Italie,Italie,0,0
33,130.64,72.5,20,paiement_pos,atm,France,France,0,0
287,45.57,57.8,9,paiement_pos,pos,France,France,0,0
70,98.06,73.88,23,paiement_pos,mobile,Allemagne,Allemagne,1,0
187,66.46,33.77,17,virement,mobile,France,France,1,0
268,62.15,37.29,11,retrait_atm,web,Belgique,Belgique,1,0
231,126.13,86.71,19,virement,atm,Allemagne,Allemagne,0,0
19,87.21,57.91,19,retrait_atm,web,Italie,Italie,1,0
107,45.56,28.58,20,achat_en_ligne,atm,Espagne,Espagne,0,0
292,241.63,42.81,23,achat_en_ligne,web,Belgique,Belgique,0,0
152,71.99,40.32,3,retrait_atm,mobile,Belgique,Belgique,0,0
147,18.27,28.73,6,paiement_pos,pos,France,France,1,0
201,23.06,12.82,23,virement,pos,Espagne,Belgique,0,0
183,63.45,82.0,20,achat_en_ligne,atm,Allemagne,Allemagne,0,0
118,60.16,60.8,15,retrait_atm,mobile,France,France,1,0
298,7.5,13.65,18,retrait_atm,atm,Allemagne,Allemagne,0,0
19,308.43,57.91,6,virement,pos,Italie,Italie,0,0
274,34.21,20.04,21,paiement_pos,atm,Italie,Italie,0,0
221,40.63,37.39,4,paiement_pos,mobile,France,France,1,0
94,17.61,31.29,11,achat_en_ligne,mobile,France,Belgique,0,0
1,25.97,62.78,22,achat_en_ligne,web,France,France,0,0
286,20.39,11.04,17,paiement_pos,mobile,Italie,Italie,0,0
11,51.41,24.54,20,paiement_pos,atm,Allemagne,Allemagne,0,0
135,123.75,57.77,10,retrait_atm,web,Espagne,Espagne,1,0
110,119.63,26.42,3,achat_en_ligne,mobile,Espagne,Espagne,0,1
64,6.36,14.94,18,achat_en_ligne,mobile,Italie,Italie,0,0
229,31.18,29.28,11,achat_en_ligne,atm,Allemagne,Allemagne,0,0
60,19.78,15.94,13,virement,web,Espagne,Espagne,0,0
121,121.69,34.19,22,virement,pos,Roumanie,Allemagne,0,1
93,29.89,19.57,3,paiement_pos,pos,Italie,Italie,0,0
103,52.86,26.55,8,virement,mobile,Italie,Italie,0,0
153,147.1,93.36,16,virement,pos,Italie,Italie,0,0
91,15.78,17.51,21,virement,mobile,Allemagne,Allemagne,1,0
101,289.71,189.24,8,virement,atm,Italie,Italie,1,0
93,39.02,19.57,7,achat_en_ligne,pos,Italie,Italie,0,0
220,5.09,20.22,9,virement,pos,Italie,Italie,0,0
240,92.99,45.35,7,paiement_pos,mobile,Espagne,Espagne,0,0
161,77.36,46.97,20,achat_en_ligne,atm,Italie,Italie,1,0
213,13.23,30.22,16,achat_en_ligne,atm,Espagne,Espagne,0,0
75,22.39,36.82,13,paiement_pos,mobile,Espagne,Espagne,1,0
165,169.9,94.29,20,paiement_pos,pos,Allemagne,Allemagne,0,0
109,89.04,42.99,18,retrait_atm,atm,Allemagne,Allemagne,0,0
203,80.23,41.31,0,virement,web,Allemagne,Allemagne,1,0
16,8.43,20.23,5,achat_en_ligne,pos,Espagne,Espagne,0,0
233,76.36,35.33,16,paiement_pos,mobile,France,France,0,0
112,4.07,14.51,19,virement,web,Espagne,Espagne,0,0
126,134.38,116.27,4,achat_en_ligne,pos,Allemagne,Allemagne,3,0
104,16.76,40.65,22,achat_en_ligne,web,France,France,0,0
279,93.24,53.63,16,virement,atm,France,France,1,0
172,34.99,16.33,12,paiement_pos,mobile,France,France,0,0
132,79.46,38.77,7,achat_en_ligne,mobile,Allemagne,Allemagne,1,0
106,1.69,18.32,4,virement,web,Roumanie,Espagne,2,1
25,45.56,25.2,22,virement,web,Espagne,Espagne,2,0
255,74.82,54.18,2,achat_en_ligne,pos,Espagne,Espagne,0,0
92,14.26,24.1,19,paiement_pos,pos,Italie,Italie,2,0
238,6.19,20.56,11,achat_en_ligne,pos,Allemagne,Allemagne,0,0
96,72.94,13.73,10,paiement_pos,web,Belgique,Belgique,0,0
235,19.72,12.66,6,paiement_pos,web,Allemagne,Allemagne,0,0
286,51.62,11.04,18,virement,pos,Italie,Italie,1,0
247,29.87,50.46,7,paiement_pos,atm,Allemagne,Espagne,1,0
165,105.64,94.29,11,retrait_atm,mobile,Belgique,Allemagne,0,0
184,71.75,48.55,0,achat_en_ligne,atm,Espagne,Espagne,1,0
131,389.1,67.67,0,virement,web,Allemagne,Allemagne,0,1
263,19.97,13.61,19,virement,pos,Belgique,Belgique,1,0
11,29.76,24.54,3,paiement_pos,web,Allemagne,Allemagne,1,0
60,27.77,15.94,10,paiement_pos,web,Espagne,Espagne,1,0
271,107.67,31.77,3,paiement_pos,pos,Espagne,Belgique,1,0
272,85.1,74.6,17,virement,pos,France,France,0,0
4,51.39,17.79,18,virement,web,Allemagne,Allemagne,0,0
120,167.53,40.9,3,virement,mobile,France,France,1,0
57,11.77,9.68,10,retrait_atm,atm,Allemagne,Allemagne,0,0
250,35.32,38.0,18,virement,atm,France,France,3,0
217,21.11,30.72,4,achat_en_ligne,pos,France,France,0,0
294,63.66,40.33,0,achat_en_ligne,atm,Belgique,Belgique,0,0
62,44.8,27.1,4,paiement_pos,atm,Espagne,Espagne,0,0
129,18.95,20.95,20,virement,mobile,Allemagne,Allemagne,1,0
269,14.59,63.66,14,paiement_pos,web,Espagne,Espagne,1,0
140,27.69,34.17,22,paiement_pos,atm,Allemagne,Allemagne,1,0
291,48.93,22.36,16,retrait_atm,mobile,Italie,Italie,0,0
292,17.43,42.81,9,paiement_pos,web,Belgique,Belgique,0,0
216,25.19,17.55,6,achat_en_ligne,mobile,Belgique,Belgique,1,0
79,55.28,149.98,13,retrait_atm,mobile,Allemagne,Allemagne,1,0
167,309.67,54.42,12,paiement_pos,web,Italie,Belgique,0,0
128,75.02,41.74,6,paiement_pos,atm,Allemagne,Espagne,1,0
96,28.27,13.73,16,achat_en_ligne,mobile,Belgique,Belgique,0,0
168,45.7,27.72,10,paiement_pos,web,France,France,0,0
59,33.29,19.97,9,retrait_atm,web,Espagne,Espagne,0,0
27,24.21,15.38,17,paiement_pos,pos,Allemagne,Allemagne,1,0
221,38.69,37.39,6,virement,pos,France,France,0,0
202,397.71,80.28,20,achat_en_ligne,web,Italie,Italie,1,0
235,3.3,12.66,21,virement,atm,Allemagne,Allemagne,0,0
91,12.12,17.51,21,virement,atm,Allemagne,Allemagne,1,0
250,44.48,38.0,14,paiement_pos,atm,France,France,1,0
104,34.38,40.65,22,retrait_atm,atm,France,France,0,0
275,25.2,23.18,23,virement,mobile,Allemagne,Allemagne,0,0
259,59.26,30.86,14,achat_en_ligne,atm,France,France,0,0
98,20.91,15.3,4,retrait_atm,mobile,Espagne,Espagne,0,0
25,9.33,25.2,14,paiement_pos,atm,Espagne,Espagne,0,0
200,18.73,47.21,21,virement,pos,Italie,Italie,0,0
141,22.6,27.79,6,achat_en_ligne,mobile,Italie,Italie,0,0
229,39.7,29.28,11,virement,mobile,Allemagne,Allemagne,0,0
256,20.8,26.15,22,achat_en_ligne,atm,France,France,1,0
22,17.95,32.32,22,virement,mobile,Belgique,Belgique,1,0
61,0.83,19.55,3,retrait_atm,web,Nigeria,Italie,5,1
95,16.88,11.53,20,virement,web,Italie,Italie,0,0
37,78.75,42.83,0,achat_en_ligne,atm,Italie,Italie,0,0
189,24.39,22.14,7,achat_en_ligne,web,Belgique,Belgique,1,0
286,11.24,11.04,16,retrait_atm,web,Italie,Italie,0,0
279,94.56,53.63,15,virement,atm,France,France,1,0
255,33.49,54.18,18,virement,pos,Espagne,Espagne,1,0
25,35.62,25.2,8,virement,pos,Espagne,Espagne,0,0
97,151.69,118.81,11,achat_en_ligne,atm,Belgique,Belgique,1,0
253,40.71,29.73,19,virement,web,Espagne,France,0,0
287,33.05,57.8,5,virement,mobile,France,France,1,0
36,110.18,64.31,10,achat_en_ligne,atm,France,France,0,0
121,12.18,34.19,16,retrait_atm,pos,Allemagne,Allemagne,1,0
39,62.44,36.96,2,virement,pos,Italie,Belgique,1,0
287,326.41,57.8,16,virement,pos,France,France,0,0
134,10.89,11.63,1,achat_en_ligne,atm,Allemagne,Allemagne,0,0
120,40.87,40.9,8,retrait_atm,web,France,France,0,0
294,69.51,40.33,7,paiement_pos,pos,Belgique,Belgique,0,0
162,117.88,93.63,22,virement,web,Espagne,Espagne,1,0
279,65.52,53.63,17,virement,mobile,France,France,0,0
276,29.94,13.62,11,achat_en_ligne,atm,Allemagne,Allemagne,1,0
169,39.15,34.46,18,paiement_pos,web,Belgique,Belgique,0,0
286,3.05,11.04,21,retrait_atm,atm,Italie,Italie,0,0
233,60.7,35.33,13,paiement_pos,pos,France,France,0,0
53,68.95,40.55,23,retrait_atm,mobile,Belgique,Belgique,1,0
82,7.67,27.87,1,retrait_atm,pos,Allemagne,Allemagne,0,0
191,107.36,66.23,14,virement,web,Espagne,Espagne,0,0
126,181.08,116.27,13,paiement_pos,mobile,Allemagne,Allemagne,0,0
256,43.32,26.15,5,paiement_pos,web,France,France,0,0
154,26.28,13.19,20,achat_en_ligne,mobile,Belgique,Belgique,0,0
25,24.97,25.2,2,paiement_pos,atm,Espagne,Espagne,0,0
194,83.05,39.75,5,retrait_atm,atm,Belgique,Belgique,0,0
244,8.98,34.21,6,virement,mobile,Espagne,Espagne,0,0
246,141.87,43.63,19,paiement_pos,pos,France,France,1,1
297,16.79,26.96,12,virement,web,Italie,Italie,0,0
17,55.63,54.77,20,retrait_atm,atm,Allemagne,Allemagne,0,0
84,30.18,23.23,11,achat_en_ligne,web,Italie,Italie,1,0
87,40.86,21.38,13,achat_en_ligne,pos,Allemagne,France,0,0
275,24.78,23.18,18,virement,web,Allemagne,Allemagne,0,0
99,15.45,17.15,10,retrait_atm,atm,Espagne,Espagne,0,0
95,13.34,11.53,16,achat_en_ligne,web,Italie,Italie,0,0
236,26.06,15.63,13,retrait_atm,atm,Espagne,Espagne,0,0
88,17.62,22.37,15,retrait_atm,atm,Belgique,Belgique,0,0
163,27.27,67.12,12,achat_en_ligne,atm,Italie,Allemagne,0,0
277,30.85,19.44,11,virement,atm,Allemagne,Allemagne,1,0
191,71.35,66.23,0,paiement_pos,pos,Espagne,Espagne,1,0
245,54.4,24.95,22,paiement_pos,mobile,Espagne,Espagne,0,0
110,5.33,26.42,4,virement,atm,Espagne,Espagne,1,0
252,14.15,21.7,5,paiement_pos,web,Allemagne,Allemagne,0,0
211,22.12,19.73,15,retrait_atm,mobile,Belgique,Belgique,1,0
267,39.69,27.91,13,achat_en_ligne,web,Allemagne,Allemagne,0,0
24,19.69,43.28,14,retrait_atm,atm,Italie,Italie,1,0
131,90.64,67.67,8,achat_en_ligne,web,Allemagne,Allemagne,1,0
232,45.63,25.16,15,retrait_atm,atm,Italie,Italie,0,0
101,112.33,189.24,12,retrait_atm,mobile,Italie,Italie,0,0
160,158.69,72.24,10,retrait_atm,web,Espagne,Espagne,0,0
194,268.54,39.75,17,achat_en_ligne,mobile,Belgique,Belgique,1,1
255,199.31,54.18,5,retrait_atm,pos,Espagne,Espagne,1,0
136,54.64,43.5,23,virement,atm,Italie,Belgique,0,0
172,34.42,16.33,9,paiement_pos,pos,France,France,0,0
217,11.47,30.72,13,achat_en_ligne,atm,France,France,0,0
13,30.48,18.56,10,virement,atm,Espagne,Espagne,0,0
240,75.02,45.35,5,achat_en_ligne,pos,Espagne,Espagne,2,0
110,48.79,26.42,11,virement,web,Espagne,Espagne,1,0
250,53.24,38.0,12,virement,web,Espagne,France,1,0
200,45.49,47.21,5,virement,pos,Italie,Italie,0,0
28,48.1,36.73,17,paiement_pos,web,Italie,Italie,1,0
46,139.06,79.59,0,achat_en_ligne,web,Italie,Italie,0,0
50,12.52,26.13,18,virement,mobile,Belgique,Espagne,0,0
57,2.46,9.68,22,paiement_pos,atm,Allemagne,Allemagne,0,0
195,13.4,34.58,8,paiement_pos,pos,Italie,Italie,0,0
60,11.41,15.94,14,retrait_atm,pos,Espagne,Espagne,0,0
284,81.95,44.03,18,paiement_pos,pos,Allemagne,Allemagne,0,0
56,14.34,48.73,23,achat_en_ligne,mobile,France,France,2,0
95,13.14,11.53,21,paiement_pos,atm,Italie,Italie,0,0
81,8.76,19.85,9,achat_en_ligne,pos,Italie,Italie,1,0
290,26.62,17.43,6,paiement_pos,pos,Allemagne,Allemagne,1,0
6,21.24,24.73,17,paiement_pos,pos,Italie,Italie,0,0
5,16.78,12.12,0,virement,atm,Allemagne,Allemagne,0,0
65,60.91,33.73,15,achat_en_ligne,mobile,Allemagne,Allemagne,0,0
259,41.76,30.86,10,retrait_atm,web,France,France,0,0
211,15.26,19.73,11,virement,mobile,Belgique,Belgique,0,0
203,58.12,41.31,13,achat_en_ligne,web,Allemagne,Allemagne,1,0
208,114.86,38.08,19,retrait_atm,mobile,Italie,Italie,0,0
273,63.42,35.0,22,retrait_atm,pos,France,France,1,0
151,78.74,11.54,7,retrait_atm,pos,Roumanie,Italie,2,1
147,54.65,28.73,11,achat_en_ligne,pos,France,France,1,0
250,54.87,38.0,4,retrait_atm,mobile,France,France,0,0
146,1.58,7.1,0,achat_en_ligne,atm,Italie,Italie,3,0
234,106.6,72.66,12,paiement_pos,web,Espagne,Espagne,0,0
43,140.1,93.15,21,retrait_atm,web,Espagne,Espagne,0,0
28,45.64,36.73,10,retrait_atm,web,Italie,Italie,0,0
103,49.47,26.55,21,achat_en_ligne,pos,Italie,Italie,0,0
115,62.87,38.07,12,virement,mobile,Allemagne,Allemagne,1,0
282,70.64,41.92,10,paiement_pos,pos,Allemagne,Allemagne,0,0
130,17.69,16.99,15,paiement_pos,pos,Italie,Espagne,0,0
169,33.66,34.46,15,paiement_pos,pos,Belgique,Belgique,0,0
40,23.46,15.88,21,retrait_atm,web,Espagne,Espagne,1,0
28,76.36,36.73,20,retrait_atm,web,Italie,Italie,0,0
127,109.16,85.12,4,achat_en_ligne,mobile,France,France,0,0
157,84.83,31.92,1,paiement_pos,atm,France,France,0,0
81,39.98,19.85,1,achat_en_ligne,atm,Italie,Italie,0,0
245,41.63,24.95,22,achat_en_ligne,pos,Espagne,Espagne,0,0
273,55.28,35.0,9,virement,mobile,France,France,0,0
206,175.56,53.96,10,paiement_pos,mobile,Belgique,Belgique,0,0
113,31.3,28.71,7,virement,atm,Allemagne,Allemagne,1,0
186,29.68,18.03,14,virement,web,Allemagne,Allemagne,0,0
80,186.75,102.12,19,virement,pos,Espagne,Espagne,1,0
234,320.78,72.66,12,retrait_atm,mobile,Espagne,Espagne,0,0
166,31.94,43.09,20,virement,mobile,Italie,Italie,1,0
257,186.06,45.27,11,paiement_pos,web,Espagne,Espagne,0,0
98,20.79,15.3,19,achat_en_ligne,web,Espagne,Espagne,0,0
2,169.26,36.39,2,achat_en_ligne,mobile,Espagne,Espagne,4,1
197,70.36,87.33,12,paiement_pos,web,Belgique,Belgique,0,0
300,15.78,27.14,14,virement,mobile,France,France,0,0
232,16.6,25.16,18,paiement_pos,web,Italie,Italie,0,0
276,24.42,13.62,13,retrait_atm,web,Allemagne,Allemagne,1,0
239,50.48,43.11,3,paiement_pos,atm,Belgique,Belgique,1,0
8,178.46,95.66,16,virement,mobile,Espagne,Espagne,1,0
4,28.76,17.79,16,achat_en_ligne,mobile,Allemagne,Allemagne,0,0
120,67.16,40.9,13,retrait_atm,mobile,France,France,0,0
136,13.42,43.5,14,achat_en_ligne,mobile,Belgique,Belgique,0,0
190,9.67,39.93,2,achat_en_ligne,mobile,Belgique,Belgique,0,0
16,38.19,20.23,17,achat_en_ligne,mobile,Espagne,Espagne,1,0
71,178.21,30.18,11,achat_en_ligne,mobile,Espagne,Espagne,0,0
14,121.37,21.43,5,retrait_atm,pos,Nigeria,Espagne,0,1
158,4.09,17.61,1,achat_en_ligne,mobile,Allemagne,Allemagne,0,0
61,29.64,19.55,5,retrait_atm,pos,Italie,Italie,0,0
101,54.69,189.24,7,retrait_atm,pos,Italie,Italie,0,0
23,41.31,22.36,4,virement,web,France,France,1,0
198,18.66,9.6,20,paiement_pos,web,France,France,0,0
145,97.48,80.07,21,retrait_atm,web,Italie,Italie,0,0
22,60.23,32.32,6,paiement_pos,web,Belgique,Belgique,1,0
190,75.73,39.93,18,retrait_atm,mobile,Allemagne,Belgique,0,0
91,26.04,17.51,4,virement,atm,Allemagne,Allemagne,0,0
50,19.44,26.13,15,achat_en_ligne,atm,Espagne,Espagne,0,0
192,40.15,47.72,23,retrait_atm,mobile,Espagne,Espagne,0,0
241,14.62,39.09,17,paiement_pos,atm,France,France,0,0
23,38.5,22.36,22,virement,atm,France,France,0,0
193,15.44,8.37,3,virement,web,Espagne,Espagne,0,0
253,39.51,29.73,23,achat_en_ligne,mobile,France,France,1,0
100,205.8,99.7,17,retrait_atm,mobile,France,France,0,0
199,20.29,23.23,18,paiement_pos,pos,Belgique,Belgique,0,0
281,67.16,14.45,16,virement,pos,Belgique,Belgique,0,0
217,34.23,30.72,6,virement,pos,France,France,0,0
176,28.58,51.96,8,virement,mobile,Allemagne,Allemagne,0,0
211,22.6,19.73,3,paiement_pos,web,Belgique,Belgique,1,0
243,5.71,8.28,4,retrait_atm,atm,France,France,0,0
278,16.83,26.71,11,retrait_atm,web,Espagne,Espagne,0,0
48,24.72,19.36,10,paiement_pos,atm,Italie,Italie,0,0
219,29.81,21.2,22,achat_en_ligne,web,Allemagne,Allemagne,0,0
252,46.35,21.7,18,paiement_pos,atm,Allemagne,Allemagne,0,0
2,24.68,36.39,7,achat_en_ligne,atm,Espagne,Espagne,0,0
277,36.94,19.44,15,achat_en_ligne,pos,Allemagne,Allemagne,0,0
157,46.88,31.92,4,achat_en_ligne,mobile,France,France,0,0
229,24.35,29.28,10,paiement_pos,atm,Allemagne,Allemagne,1,0
17,97.57,54.77,19,achat_en_ligne,mobile,Allemagne,Allemagne,0,0
128,58.43,41.74,19,virement,mobile,Italie,Espagne,0,0
252,113.04,21.7,7,retrait_atm,pos,Allemagne,Allemagne,1,0
132,97.25,38.77,6,retrait_atm,atm,Allemagne,Allemagne,1,0
28,49.35,36.73,22,paiement_pos,web,Italie,Italie,0,0
234,40.58,72.66,8,paiement_pos,atm,Espagne,Espagne,0,0
53,72.65,40.55,9,achat_en_ligne,atm,Belgique,Belgique,0,0
20,25.81,41.72,20,achat_en_ligne,web,Allemagne,Allemagne,0,0
154,7.33,13.19,9,retrait_atm,pos,Belgique,Belgique,0,0
246,74.81,43.63,1,paiement_pos,mobile,France,France,1,0
121,49.64,34.19,13,retrait_atm,pos,Allemagne,Allemagne,0,0
7,14.0,32.06,14,virement,mobile,France,France,1,0
279,21.01,53.63,19,paiement_pos,atm,France,France,0,0
255,76.76,54.18,6,paiement_pos,pos,Espagne,Espagne,0,0
86,549.81,68.27,15,achat_en_ligne,web,Espagne,Espagne,3,1
104,39.86,40.65,14,virement,pos,France,France,0,0
109,39.75,42.99,2,paiement_pos,mobile,Allemagne,Allemagne,0,0
14,13.77,21.43,15,achat_en_ligne,pos,Espagne,Espagne,0,0
51,2.95,33.01,18,retrait_atm,atm,Russie,Espagne,4,1
25,31.68,25.2,23,achat_en_ligne,web,Espagne,Espagne,0,0
3,42.57,30.11,7,virement,mobile,Espagne,Espagne,1,0
113,41.83,28.71,23,retrait_atm,atm,Allemagne,Allemagne,1,0
264,13.06,8.16,21,paiement_pos,web,Italie,Italie,0,0
275,42.71,23.18,5,retrait_atm,web,Allemagne,Allemagne,0,0
70,128.82,73.88,21,paiement_pos,web,Allemagne,Allemagne,0,0
106,34.04,18.32,21,achat_en_ligne,web,Espagne,Espagne,0,0
63,64.58,57.37,6,retrait_atm,pos,Belgique,Belgique,0,0
169,42.94,34.46,11,retrait_atm,atm,Belgique,Belgique,0,0
42,127.14,89.17,11,retrait_atm,web,Espagne,Espagne,1,0
171,46.09,59.96,19,retrait_atm,web,France,France,0,0
215,58.49,60.33,18,virement,mobile,Espagne,Espagne,0,0
48,80.86,19.36,18,achat_en_ligne,mobile,Italie,Italie,0,0
288,7.11,23.03,17,virement,pos,Allemagne,Allemagne,0,0
293,63.79,29.56,13,virement,pos,Italie,Italie,1,0
218,129.48,80.55,19,achat_en_ligne,pos,France,France,0,0
70,428.74,73.88,23,virement,mobile,Allemagne,Allemagne,0,0
80,204.45,102.12,17,paiement_pos,mobile,Espagne,Espagne,0,0
108,80.99,52.79,2,achat_en_ligne,atm,Espagne,Espagne,0,0
152,60.12,40.32,10,retrait_atm,pos,Belgique,Belgique,1,0
146,9.57,7.1,6,paiement_pos,web,Italie,Italie,0,0
155,92.51,55.61,12,retrait_atm,mobile,Allemagne,Allemagne,0,0
214,25.64,41.68,3,virement,atm,Allemagne,Allemagne,0,0
58,67.26,32.16,18,retrait_atm,mobile,France,France,1,0
177,195.91,98.73,9,virement,web,Espagne,Espagne,0,0
134,14.33,11.63,5,paiement_pos,atm,Allemagne,Allemagne,0,0
138,5.09,24.96,22,virement,web,France,France,0,0
87,15.24,21.38,8,virement,pos,France,France,1,0
10,42.56,59.72,21,retrait_atm,atm,France,France,2,0
177,31.69,98.73,3,achat_en_ligne,atm,Espagne,Espagne,1,0
18,49.72,19.26,20,retrait_atm,mobile,France,France,0,0
174,73.91,29.54,23,achat_en_ligne,mobile,France,Espagne,0,0
216,13.49,17.55,13,paiement_pos,pos,Belgique,Belgique,0,0
208,80.58,38.08,17,achat_en_ligne,pos,Italie,Italie,0,0
171,104.56,59.96,12,virement,pos,France,France,1,0
8,4.38,95.66,2,retrait_atm,pos,Espagne,Espagne,1,1
272,128.62,74.6,7,retrait_atm,pos,France,France,0,0
189,36.97,22.14,3,virement,pos,Belgique,Belgique,0,0
293,3.95,29.56,10,virement,web,Italie,Italie,1,1
276,9.35,13.62,17,achat_en_ligne,pos,Allemagne,Allemagne,0,0
216,28.79,17.55,5,paiement_pos,web,Belgique,Belgique,1,0
71,126.68,30.18,10,achat_en_ligne,web,Espagne,Espagne,0,0
129,19.04,20.95,7,retrait_atm,pos,Allemagne,Allemagne,0,0
81,24.91,19.85,16,retrait_atm,atm,Italie,Italie,0,0
155,116.35,55.61,3,achat_en_ligne,web,Allemagne,Allemagne,0,0
259,55.69,30.86,1,virement,web,France,France,0,0
97,34.56,118.81,21,achat_en_ligne,mobile,Belgique,Belgique,0,0
265,18.3,22.04,22,virement,mobile,Italie,Italie,0,0
266,23.52,51.92,0,retrait_atm,atm,Allemagne,Allemagne,1,0
183,402.93,82.0,17,paiement_pos,pos,Allemagne,Allemagne,1,0
211,14.66,19.73,21,retrait_atm,pos,Belgique,Belgique,0,0
130,24.37,16.99,9,achat_en_ligne,atm,Espagne,Espagne,1,0
157,11.15,31.92,7,virement,pos,France,France,0,0
140,11.75,34.17,8,paiement_pos,web,Allemagne,Allemagne,2,0
37,55.81,42.83,19,virement,web,Italie,Italie,0,0
211,10.22,19.73,13,virement,web,Belgique,Belgique,0,0
56,48.91,48.73,3,achat_en_ligne,mobile,France,France,1,0
39,17.84,36.96,14,paiement_pos,mobile,Belgique,Belgique,0,0
83,5.9,13.76,6,retrait_atm,pos,France,France,0,0
212,84.54,30.31,12,retrait_atm,pos,Espagne,Espagne,0,0
283,53.82,17.74,12,achat_en_ligne,atm,Espagne,Espagne,0,0
66,33.79,24.77,17,achat_en_ligne,web,Belgique,Belgique,0,0
74,144.41,38.3,13,achat_en_ligne,pos,France,France,4,0
191,319.27,66.23,23,virement,atm,Espagne,Espagne,0,0
200,80.09,47.21,17,paiement_pos,pos,Italie,Italie,0,0
127,97.7,85.12,13,retrait_atm,pos,France,France,0,0
101,277.38,189.24,16,virement,atm,Italie,Italie,0,0
216,36.21,17.55,4,retrait_atm,pos,Belgique,Belgique,0,0
14,28.18,21.43,21,virement,atm,Espagne,Espagne,0,0
143,201.09,28.47,9,retrait_atm,pos,Belgique,Belgique,2,1
272,114.89,74.6,11,paiement_pos,mobile,France,France,0,0
256,21.87,26.15,15,paiement_pos,pos,France,France,0,0
255,65.08,54.18,7,achat_en_ligne,web,Espagne,Espagne,0,0
251,82.83,45.51,19,retrait_atm,web,France,France,1,0
274,77.67,20.04,1,retrait_atm,atm,Italie,Italie,0,0
77,58.29,34.96,13,achat_en_ligne,web,France,Belgique,0,0
298,18.59,13.65,18,retrait_atm,atm,Allemagne,Allemagne,0,0
78,57.52,37.98,9,retrait_atm,atm,Belgique,Belgique,0,0
195,9.37,34.58,6,paiement_pos,mobile,Italie,Italie,1,0
99,18.77,17.15,0,paiement_pos,atm,Espagne,Espagne,0,0
234,109.48,72.66,14,achat_en_ligne,web,Espagne,Espagne,0,0
171,95.19,59.96,0,achat_en_ligne,web,France,France,0,0
104,28.81,40.65,20,virement,pos,France,France,0,0
128,138.71,41.74,2,achat_en_ligne,web,Espagne,Espagne,1,0
144,44.86,36.29,13,virement,atm,Allemagne,Allemagne,0,0
139,29.77,38.79,11,virement,pos,Belgique,Belgique,0,0
148,68.83,36.82,13,achat_en_ligne,pos,Belgique,Belgique,0,0
261,16.91,10.02,12,paiement_pos,atm,Espagne,Espagne,1,0
276,64.53,13.62,8,paiement_pos,mobile,Allemagne,Allemagne,0,0
25,24.14,25.2,5,virement,web,Espagne,Espagne,0,0
126,209.14,116.27,9,retrait_atm,mobile,Allemagne,Allemagne,0,0
189,32.59,22.14,4,achat_en_ligne,web,Belgique,Belgique,0,0
134,20.75,11.63,18,virement,atm,Allemagne,Allemagne,0,0
237,25.94,12.67,16,virement,web,France,Espagne,0,0
150,36.36,26.49,21,achat_en_ligne,mobile,France,France,1,0
234,38.33,72.66,23,retrait_atm,atm,Espagne,Espagne,1,0
291,38.02,22.36,11,achat_en_ligne,web,Italie,Italie,0,0
100,137.51,99.7,2,virement,web,France,France,0,0
66,8.31,24.77,13,virement,web,Belgique,Belgique,1,0
6,43.92,24.73,4,achat_en_ligne,pos,Italie,Italie,0,0
297,10.57,26.96,1,paiement_pos,atm,Italie,Italie,0,0
123,14.3,21.48,21,paiement_pos,web,Espagne,Espagne,0,0
183,86.15,82.0,23,retrait_atm,mobile,Allemagne,Allemagne,0,0
79,131.51,149.98,7,virement,mobile,Allemagne,Allemagne,0,0
293,47.29,29.56,5,achat_en_ligne,mobile,Italie,Italie,0,0
89,14.56,9.13,0,achat_en_ligne,web,Espagne,Espagne,0,0
189,1.86,22.14,4,achat_en_ligne,pos,Belgique,Belgique,4,1
37,27.67,42.83,19,paiement_pos,mobile,Italie,Italie,0,0
250,30.43,38.0,8,paiement_pos,mobile,France,France,1,0
233,53.19,35.33,12,retrait_atm,web,France,France,0,0
62,35.7,27.1,9,paiement_pos,mobile,Espagne,Espagne,0,0
15,74.04,118.76,15,retrait_atm,pos,Espagne,Espagne,0,0
37,36.1,42.83,6,virement,mobile,Italie,Italie,1,0
270,126.73,73.45,18,retrait_atm,pos,Allemagne,Allemagne,0,0
111,36.62,30.56,21,paiement_pos,pos,Belgique,Belgique,1,0
175,89.43,66.87,19,retrait_atm,web,Espagne,Espagne,0,0
295,10.9,41.15,14,achat_en_ligne,mobile,Allemagne,Allemagne,1,0
62,36.59,27.1,19,paiement_pos,atm,Espagne,Espagne,0,0
40,5.16,15.88,1,achat_en_ligne,pos,Espagne,Espagne,0,0
285,35.04,30.61,19,paiement_pos,mobile,Allemagne,Allemagne,0,0
48,31.33,19.36,11,virement,pos,Italie,Italie,0,0
185,26.69,21.77,23,paiement_pos,web,Allemagne,Allemagne,0,0
188,67.08,15.96,20,achat_en_ligne,pos,Belgique,Belgique,0,0
253,25.24,29.73,18,virement,mobile,France,France,1,0
105,69.9,93.43,10,paiement_pos,mobile,Espagne,Espagne,0,0
106,28.11,18.32,17,retrait_atm,atm,Espagne,Espagne,0,0
259,25.02,30.86,19,achat_en_ligne,web,France,France,0,0
27,78.02,15.38,2,paiement_pos,web,Allemagne,Allemagne,1,0
115,21.27,38.07,16,paiement_pos,atm,Allemagne,Allemagne,0,0
31,55.78,30.84,12,retrait_atm,mobile,Allemagne,Allemagne,0,0
198,2.99,9.6,19,paiement_pos,atm,France,France,1,0
159,182.62,27.09,3,paiement_pos,web,Allemagne,Allemagne,1,1
207,39.84,62.87,16,achat_en_ligne,mobile,Espagne,Espagne,0,0
180,62.77,31.81,15,paiement_pos,atm,Allemagne,Allemagne,0,0
127,23.56,85.12,2,virement,atm,France,France,0,0
103,50.54,26.55,5,virement,atm,Italie,Italie,0,0
91,7.07,17.51,18,retrait_atm,mobile,Allemagne,Allemagne,0,0
33,14.77,72.5,4,achat_en_ligne,web,France,France,4,0
15,388.1,118.76,14,retrait_atm,mobile,Espagne,Espagne,0,0
104,17.8,40.65,17,retrait_atm,web,France,France,1,0
132,70.29,38.77,7,retrait_atm,web,Allemagne,Allemagne,0,0
264,17.52,8.16,21,achat_en_ligne,mobile,Italie,Italie,1,0
127,1.11,85.12,14,paiement_pos,atm,Russie,France,3,1
62,28.47,27.1,22,virement,mobile,Espagne,Espagne,0,0
40,7.68,15.88,14,virement,web,Espagne,Espagne,0,0
150,40.55,26.49,17,virement,web,France,France,0,0
246,66.6,43.63,23,achat_en_ligne,web,France,France,0,0
41,30.91,14.57,22,virement,atm,France,France,1,0
231,23.3,86.71,13,paiement_pos,web,Allemagne,Allemagne,0,0
272,161.94,74.6,16,retrait_atm,mobile,France,France,0,0
109,172.22,42.99,19,paiement_pos,pos,Allemagne,Allemagne,1,0
293,40.78,29.56,10,paiement_pos,web,Italie,Italie,0,0
291,31.37,22.36,7,virement,atm,Italie,Italie,0,0
177,80.05,98.73,16,virement,mobile,Espagne,Espagne,0,0
265,11.38,22.04,19,achat_en_ligne,pos,Italie,Italie,0,0
145,62.25,80.07,6,paiement_pos,pos,Italie,Italie,0,0
138,22.42,24.96,6,virement,mobile,France,France,1,0
273,46.44,35.0,8,achat_en_ligne,pos,France,France,0,0
89,3.49,9.13,14,retrait_atm,mobile,Espagne,Espagne,0,0
107,12.2,28.58,22,retrait_atm,atm,Espagne,Espagne,0,0
99,8.38,17.15,15,paiement_pos,web,Espagne,Espagne,3,0
223,13.99,33.34,16,retrait_atm,pos,Belgique,Espagne,2,0
103,52.21,26.55,18,retrait_atm,pos,Italie,Italie,0,0
216,23.89,17.55,1,achat_en_ligne,mobile,Belgique,Belgique,0,0
190,44.86,39.93,21,achat_en_ligne,web,Belgique,Belgique,0,0
58,58.67,32.16,16,achat_en_ligne,web,France,France,0,0
135,90.64,57.77,8,virement,pos,Espagne,Espagne,0,0
213,54.76,30.22,21,retrait_atm,pos,Espagne,Espagne,1,0
237,23.87,12.67,9,paiement_pos,atm,Espagne,Espagne,2,0
118,78.5,60.8,12,virement,atm,France,France,0,0
242,27.55,14.19,23,achat_en_ligne,pos,Allemagne,Allemagne,1,0
132,198.2,38.77,17,paiement_pos,atm,Allemagne,Allemagne,0,1
289,97.01,24.04,18,achat_en_ligne,web,Allemagne,Allemagne,0,0
47,19.17,17.04,18,achat_en_ligne,mobile,Allemagne,Allemagne,0,0
266,25.79,51.92,22,paiement_pos,web,Allemagne,Allemagne,0,0
261,13.4,10.02,5,paiement_pos,web,Espagne,Espagne,0,0
198,15.7,9.6,10,achat_en_ligne,pos,France,France,0,0
120,21.9,40.9,23,virement,mobile,France,France,0,0
183,132.78,82.0,15,retrait_atm,atm,Allemagne,Allemagne,0,0
87,74.22,21.38,8,retrait_atm,web,France,France,0,0
251,38.31,45.51,21,virement,web,France,France,0,0
9,56.54,35.81,11,achat_en_ligne,mobile,Belgique,Belgique,0,0
143,37.04,28.47,6,achat_en_ligne,pos,Belgique,Belgique,0,0
133,28.47,44.17,21,paiement_pos,pos,France,France,0,0
269,80.28,63.66,6,virement,web,Espagne,Espagne,0,0
63,101.91,57.37,7,achat_en_ligne,web,Belgique,Belgique,0,0
96,9.41,13.73,2,paiement_pos,mobile,Belgique,Belgique,0,0
5,7.54,12.12,23,paiement_pos,pos,Allemagne,Allemagne,0,0
78,76.7,37.98,22,achat_en_ligne,web,Belgique,Belgique,0,0
194,13.61,39.75,9,virement,atm,Belgique,Belgique,0,0
183,61.95,82.0,17,retrait_atm,web,Allemagne,Allemagne,0,0
275,27.6,23.18,19,virement,web,Allemagne,Allemagne,0,0
178,14.28,51.34,14,paiement_pos,web,France,France,0,0
214,108.46,41.68,19,retrait_atm,web,Allemagne,Allemagne,0,0
234,268.2,72.66,17,retrait_atm,atm,Espagne,Espagne,0,0
177,185.89,98.73,18,retrait_atm,mobile,Espagne,Espagne,1,0
186,15.65,18.03,20,retrait_atm,pos,Allemagne,Allemagne,0,0
75,202.43,36.82,2,paiement_pos,atm,Russie,Espagne,1,1
132,128.28,38.77,21,paiement_pos,web,Allemagne,Allemagne,0,0
162,65.03,93.63,13,achat_en_ligne,pos,Espagne,Espagne,0,0
24,92.76,43.28,17,paiement_pos,pos,Italie,Italie,1,0
118,124.39,60.8,21,virement,web,France,France,0,0
120,81.11,40.9,7,virement,pos,France,France,2,0
148,78.93,36.82,2,paiement_pos,web,Belgique,Belgique,1,0
240,82.1,45.35,9,retrait_atm,web,Espagne,Espagne,0,0
15,181.08,118.76,21,retrait_atm,web,Allemagne,Espagne,0,0
162,107.56,93.63,3,achat_en_ligne,mobile,Espagne,Espagne,0,0
8,64.07,95.66,4,virement,mobile,Espagne,Espagne,0,0
292,73.54,42.81,2,paiement_pos,atm,Belgique,Belgique,0,0
212,64.24,30.31,20,retrait_atm,mobile,Espagne,Espagne,0,0
54,51.57,77.05,18,virement,web,Allemagne,Allemagne,3,0
231,117.87,86.71,15,virement,mobile,Allemagne,Allemagne,0,0
27,5.46,15.38,22,virement,web,Allemagne,Allemagne,0,0
56,56.04,48.73,13,virement,mobile,France,France,0,0
111,65.53,30.56,1,virement,pos,Belgique,Belgique,1,0
298,5.04,13.65,11,retrait_atm,web,Allemagne,Allemagne,1,0
240,86.53,45.35,13,virement,mobile,Espagne,Espagne,0,0
122,61.13,33.12,14,achat_en_ligne,mobile,Espagne,Espagne,2,0
159,15.87,27.09,0,achat_en_ligne,pos,Allemagne,Allemagne,0,0
123,70.81,21.48,15,retrait_atm,mobile,Espagne,Espagne,0,0
259,60.75,30.86,1,achat_en_ligne,atm,France,France,0,0
298,13.35,13.65,10,virement,web,Allemagne,Allemagne,0,0
261,9.17,10.02,19,virement,pos,Espagne,Espagne,0,0
139,52.2,38.79,6,virement,atm,Belgique,Belgique,0,0
72,38.51,21.81,21,achat_en_ligne,pos,France,France,0,0
286,22.67,11.04,23,virement,mobile,Italie,Italie,0,0
227,12.55,46.18,10,retrait_atm,pos,Italie,Italie,0,0
111,6.69,30.56,12,paiement_pos,mobile,Belgique,Belgique,0,0
69,99.39,45.74,3,retrait_atm,web,France,France,0,0
170,11.57,21.79,12,virement,pos,France,France,0,0
268,29.38,37.29,12,paiement_pos,atm,Belgique,Belgique,0,0
79,314.33,149.98,11,virement,mobile,Allemagne,Allemagne,0,0
38,51.07,83.22,2,paiement_pos,mobile,Italie,Italie,0,0
296,139.69,73.14,20,paiement_pos,mobile,Allemagne,Allemagne,5,0
157,22.74,31.92,21,achat_en_ligne,pos,France,France,0,0
91,22.0,17.51,12,virement,mobile,Allemagne,Allemagne,0,0
158,9.07,17.61,11,paiement_pos,atm,Allemagne,Allemagne,0,0
186,36.14,18.03,11,achat_en_ligne,pos,Allemagne,Allemagne,1,0
148,55.34,36.82,19,paiement_pos,mobile,Belgique,Belgique,1,0
299,31.63,62.82,1,virement,atm,Belgique,Belgique,0,0
32,32.01,39.31,12,paiement_pos,mobile,Belgique,Belgique,2,0
21,65.05,30.14,22,paiement_pos,mobile,Allemagne,Allemagne,0,0
40,12.66,15.88,23,paiement_pos,atm,Espagne,Espagne,0,0
61,26.42,19.55,22,retrait_atm,web,Italie,Italie,1,0
132,25.35,38.77,4,retrait_atm,pos,Allemagne,Allemagne,0,0
111,66.25,30.56,16,retrait_atm,web,Belgique,Belgique,0,0
74,181.35,38.3,18,paiement_pos,pos,France,France,0,0
39,49.56,36.96,12,virement,atm,Belgique,Belgique,0,0
185,33.38,21.77,7,retrait_atm,web,Allemagne,Allemagne,1,0
278,31.45,26.71,13,virement,pos,Espagne,Espagne,0,0
141,57.38,27.79,15,paiement_pos,pos,Italie,Italie,0,0
12,21.49,16.27,10,retrait_atm,web,Belgique,Italie,0,0
93,33.9,19.57,7,virement,mobile,Italie,Italie,0,0
119,51.54,36.35,17,paiement_pos,mobile,Belgique,Belgique,0,0
206,73.74,53.96,18,paiement_pos,pos,Italie,Belgique,0,0
240,35.84,45.35,18,retrait_atm,web,Espagne,Espagne,0,0
116,10.49,23.73,10,achat_en_ligne,pos,Allemagne,Allemagne,0,0
262,18.76,15.21,15,virement,mobile,France,France,0,0
92,48.51,24.1,12,retrait_atm,web,Italie,Italie,0,0
117,18.79,43.94,2,virement,mobile,France,France,0,0
29,170.41,85.41,15,virement,pos,Allemagne,Allemagne,0,0
262,32.13,15.21,13,retrait_atm,pos,France,France,1,0
259,20.73,30.86,20,achat_en_ligne,web,France,France,0,0
108,16.41,52.79,13,retrait_atm,mobile,Espagne,Espagne,1,0
54,33.18,77.05,10,achat_en_ligne,web,Allemagne,Allemagne,0,0
185,33.71,21.77,13,paiement_pos,pos,Allemagne,Allemagne,0,0
66,13.73,24.77,0,retrait_atm,pos,Belgique,Belgique,1,0
215,127.43,60.33,10,retrait_atm,pos,Espagne,Espagne,0,0
247,66.54,50.46,10,paiement_pos,mobile,Espagne,Espagne,0,0
176,73.25,51.96,15,achat_en_ligne,mobile,Allemagne,Allemagne,1,0
124,57.52,40.04,15,retrait_atm,atm,Allemagne,Allemagne,0,0
229,28.16,29.28,21,virement,atm,Allemagne,Allemagne,0,0
270,329.24,73.45,10,achat_en_ligne,atm,Allemagne,Allemagne,0,0
26,28.24,15.87,6,paiement_pos,mobile,Espagne,Espagne,2,0
183,232.17,82.0,9,paiement_pos,atm,Allemagne,Allemagne,1,0
260,1.89,54.47,1,achat_en_ligne,atm,Allemagne,Allemagne,1,1
221,30.01,37.39,8,achat_en_ligne,web,France,France,0,0
255,117.69,54.18,15,virement,web,Espagne,Espagne,0,0
164,24.34,43.1,2,retrait_atm,pos,France,Allemagne,0,0
153,179.76,93.36,4,virement,atm,Italie,Italie,0,0
271,56.99,31.77,7,achat_en_ligne,pos,Belgique,Belgique,0,0
196,50.18,42.45,23,achat_en_ligne,atm,France,France,2,0
143,31.06,28.47,22,paiement_pos,mobile,Belgique,Belgique,0,0
30,68.47,36.45,11,retrait_atm,pos,Allemagne,Allemagne,0,0
201,9.29,12.82,14,retrait_atm,mobile,Belgique,Belgique,0,0
148,73.11,36.82,11,achat_en_ligne,web,Belgique,Belgique,1,0
294,64.42,40.33,15,retrait_atm,web,Belgique,Belgique,0,0
41,23.45,14.57,22,paiement_pos,pos,France,France,0,0
150,46.64,26.49,10,retrait_atm,pos,France,France,0,0
211,16.9,19.73,11,achat_en_ligne,atm,France,Belgique,0,0
289,47.63,24.04,21,achat_en_ligne,web,Espagne,Allemagne,0,0
164,60.87,43.1,6,retrait_atm,atm,Allemagne,Allemagne,2,0
118,310.48,60.8,9,retrait_atm,mobile,France,France,1,0
111,61.72,30.56,19,virement,pos,Belgique,Belgique,0,0
124,70.82,40.04,17,virement,atm,Allemagne,Allemagne,0,0
258,57.75,28.23,14,retrait_atm,pos,France,France,0,0
189,30.02,22.14,22,paiement_pos,mobile,Belgique,Belgique,0,0
284,20.84,44.03,15,achat_en_ligne,mobile,Allemagne,Allemagne,0,0
276,9.09,13.62,16,virement,pos,Allemagne,Allemagne,0,0
125,18.11,31.24,15,virement,atm,Italie,Italie,0,0
224,97.84,73.51,2,paiement_pos,atm,Belgique,Belgique,1,0
85,101.86,40.02,22,achat_en_ligne,atm,Espagne,Espagne,0,0
230,6.05,9.95,6,virement,pos,France,France,0,0
189,24.65,22.14,5,paiement_pos,web,Belgique,Belgique,1,0
243,5.52,8.28,12,retrait_atm,mobile,France,France,1,0
69,92.46,45.74,16,retrait_atm,pos,France,France,0,0
156,13.31,27.19,18,achat_en_ligne,pos,Espagne,Espagne,0,0
285,29.02,30.61,22,achat_en_ligne,pos,Allemagne,Allemagne,2,0
248,228.24,35.98,9,virement,mobile,Nigeria,Allemagne,3,1
32,26.83,39.31,23,achat_en_ligne,web,Italie,Belgique,0,0
106,35.46,18.32,7,paiement_pos,web,Espagne,Espagne,0,0
124,32.05,40.04,5,virement,mobile,Allemagne,Allemagne,1,0
205,47.84,23.51,12,retrait_atm,pos,Allemagne,Allemagne,1,0
235,57.64,12.66,2,virement,mobile,Allemagne,Allemagne,1,0
168,47.06,27.72,9,retrait_atm,web,France,France,1,0
295,74.16,41.15,0,virement,pos,Allemagne,Allemagne,0,0
269,130.13,63.66,17,retrait_atm,atm,France,Espagne,0,0
14,25.84,21.43,20,virement,web,Espagne,Espagne,0,0
177,197.37,98.73,16,paiement_pos,pos,Espagne,Espagne,0,0
90,7.27,30.04,15,retrait_atm,pos,Italie,Italie,0,0
110,42.58,26.42,12,achat_en_ligne,mobile,Espagne,Espagne,0,0
237,20.56,12.67,6,paiement_pos,mobile,Espagne,Espagne,0,0
27,15.48,15.38,21,retrait_atm,web,Allemagne,Allemagne,0,0
55,69.58,34.97,11,paiement_pos,web,Allemagne,Allemagne,0,0
276,28.47,13.62,20,retrait_atm,pos,Allemagne,Allemagne,0,0
46,152.49,79.59,23,virement,mobile,Italie,Italie,0,0
182,51.48,24.26,5,paiement_pos,web,France,France,0,0
274,77.5,20.04,7,paiement_pos,mobile,Italie,Italie,1,0
196,27.44,42.45,8,achat_en_ligne,atm,France,France,1,0
196,72.24,42.45,0,retrait_atm,pos,France,France,0,0
126,92.16,116.27,8,paiement_pos,web,Allemagne,Allemagne,0,0
210,55.77,38.95,23,virement,atm,Espagne,Espagne,0,0
157,40.65,31.92,10,virement,mobile,France,France,0,0
112,62.84,14.51,15,virement,web,Ukraine,Espagne,3,1
21,24.96,30.14,11,retrait_atm,atm,Allemagne,Allemagne,0,0
240,99.44,45.35,13,retrait_atm,web,Espagne,Espagne,1,0
87,17.04,21.38,7,retrait_atm,atm,France,France,1,0
190,73.04,39.93,18,virement,atm,Belgique,Belgique,1,0
139,20.29,38.79,11,paiement_pos,mobile,Belgique,Belgique,0,0
65,32.26,33.73,7,virement,mobile,Allemagne,Allemagne,1,0
35,19.52,25.88,5,virement,web,Italie,Italie,0,0
280,44.79,92.99,17,retrait_atm,atm,France,France,1,0
277,30.26,19.44,17,retrait_atm,atm,Allemagne,Allemagne,0,0
110,47.4,26.42,1,virement,pos,Espagne,Espagne,0,0
234,55.13,72.66,13,achat_en_ligne,atm,Espagne,Espagne,0,0
155,76.12,55.61,16,virement,atm,Allemagne,Allemagne,0,0
134,44.61,11.63,22,paiement_pos,mobile,Espagne,Allemagne,0,0
69,12.35,45.74,5,virement,web,France,France,0,0
242,22.7,14.19,7,virement,mobile,Italie,Allemagne,0,0
198,13.74,9.6,14,retrait_atm,pos,France,France,0,0
90,176.89,30.04,5,achat_en_ligne,web,Italie,Italie,1,0
166,65.54,43.09,17,virement,mobile,Italie,Italie,0,0
249,111.98,52.25,4,retrait_atm,mobile,Espagne,Espagne,0,0
234,38.16,72.66,17,achat_en_ligne,atm,Espagne,Espagne,0,0
245,29.68,24.95,18,paiement_pos,atm,Espagne,Espagne,1,0
89,16.93,9.13,7,paiement_pos,web,Espagne,Espagne,1,0
124,83.25,40.04,20,virement,web,Allemagne,Allemagne,0,0
254,73.59,37.27,15,achat_en_ligne,pos,Belgique,Belgique,1,0
153,146.06,93.36,7,virement,pos,Italie,Italie,0,0
84,37.88,23.23,15,achat_en_ligne,web,Italie,Italie,2,0
292,70.19,42.81,11,paiement_pos,mobile,Belgique,Belgique,0,0
11,21.83,24.54,19,retrait_atm,pos,Allemagne,Allemagne,0,0
175,288.51,66.87,1,virement,atm,Espagne,Espagne,0,0
78,191.35,37.98,14,achat_en_ligne,atm,Belgique,Belgique,0,0
202,381.44,80.28,21,paiement_pos,atm,Italie,Italie,0,0
240,31.03,45.35,22,achat_en_ligne,web,Espagne,Espagne,0,0
47,24.17,17.04,13,paiement_pos,mobile,Allemagne,Allemagne,0,0
221,57.88,37.39,22,paiement_pos,atm,France,France,1,0
23,28.95,22.36,20,virement,mobile,France,France,0,0
124,38.75,40.04,8,retrait_atm,atm,Allemagne,Allemagne,1,0
73,58.63,28.95,3,virement,mobile,Allemagne,Allemagne,0,0
83,12.47,13.76,11,retrait_atm,web,France,France,0,0
167,52.32,54.42,15,paiement_pos,atm,Belgique,Belgique,0,0
136,39.4,43.5,0,achat_en_ligne,web,Belgique,Belgique,0,0
296,27.5,73.14,17,achat_en_ligne,mobile,Allemagne,Allemagne,1,0
121,68.61,34.19,3,virement,pos,Allemagne,Allemagne,0,0
102,13.38,16.4,10,retrait_atm,mobile,France,France,0,0
277,41.15,19.44,1,virement,atm,Allemagne,Allemagne,0,0
300,25.33,27.14,7,virement,web,France,France,0,0
296,260.62,73.14,23,retrait_atm,web,Allemagne,Allemagne,0,0
27,14.33,15.38,21,achat_en_ligne,web,Allemagne,Allemagne,0,0
175,112.52,66.87,2,retrait_atm,mobile,Espagne,Espagne,1,0
267,46.37,27.91,16,achat_en_ligne,atm,Allemagne,Allemagne,0,0
48,2.88,19.36,10,retrait_atm,web,Ukraine,Italie,1,1
34,61.48,37.77,16,virement,atm,Allemagne,Allemagne,0,0
167,45.88,54.42,11,virement,pos,Belgique,Belgique,0,0
119,73.1,36.35,23,paiement_pos,pos,Belgique,Belgique,2,0
255,30.79,54.18,12,paiement_pos,pos,Espagne,Espagne,0,0
173,37.77,52.95,11,retrait_atm,atm,Espagne,Espagne,0,0
262,22.16,15.21,11,virement,mobile,France,France,0,0
246,32.28,43.63,13,achat_en_ligne,pos,France,France,0,0
186,19.68,18.03,9,retrait_atm,pos,Allemagne,Allemagne,1,0
234,92.08,72.66,4,achat_en_ligne,web,Espagne,Espagne,1,0
89,4.78,9.13,18,paiement_pos,web,Espagne,Espagne,0,0
21,19.47,30.14,9,virement,atm,Allemagne,Allemagne,0,0
291,34.6,22.36,19,retrait_atm,pos,Italie,Italie,0,0
160,97.76,72.24,16,retrait_atm,mobile,Espagne,Espagne,0,0
120,73.42,40.9,4,achat_en_ligne,atm,France,France,0,0
47,63.98,17.04,14,retrait_atm,atm,Allemagne,Allemagne,1,0
223,39.9,33.34,11,retrait_atm,web,Espagne,Espagne,0,0
108,56.44,52.79,15,virement,atm,Espagne,Espagne,0,0
64,32.82,14.94,15,virement,atm,Italie,Italie,0,0
219,7.21,21.2,5,virement,atm,Allemagne,Allemagne,0,0
298,10.83,13.65,10,achat_en_ligne,mobile,Allemagne,Allemagne,0,0
149,35.93,39.55,12,achat_en_ligne,pos,Italie,Italie,0,0
187,9.62,33.77,18,achat_en_ligne,pos,France,France,2,0
121,72.55,34.19,3,achat_en_ligne,pos,Allemagne,Allemagne,0,0
131,145.13,67.67,8,paiement_pos,pos,Allemagne,Allemagne,0,0
126,209.75,116.27,7,achat_en_ligne,web,Allemagne,Allemagne,0,0
251,64.05,45.51,9,virement,mobile,France,France,0,0
79,224.67,149.98,9,paiement_pos,atm,Allemagne,Allemagne,1,0
299,136.22,62.82,13,virement,atm,Belgique,Belgique,2,0
83,24.47,13.76,17,paiement_pos,web,France,France,1,0
106,19.16,18.32,19,achat_en_ligne,web,Espagne,Espagne,0,0
69,25.12,45.74,16,retrait_atm,mobile,France,France,0,0
166,18.38,43.09,3,paiement_pos,mobile,Italie,Italie,0,0
99,35.09,17.15,9,paiement_pos,pos,Espagne,Espagne,0,0
96,15.35,13.73,2,retrait_atm,mobile,Belgique,Belgique,1,0
10,96.85,59.72,18,retrait_atm,atm,France,France,0,0
95,10.01,11.53,22,paiement_pos,pos,Italie,Italie,0,0
223,23.09,33.34,16,retrait_atm,web,Espagne,Espagne,2,0
80,45.8,102.12,18,retrait_atm,pos,Espagne,Espagne,0,0
263,18.76,13.61,10,paiement_pos,mobile,Belgique,Belgique,0,0
268,36.57,37.29,16,achat_en_ligne,atm,Belgique,Belgique,0,0
70,418.05,73.88,23,paiement_pos,pos,Allemagne,Allemagne,0,0
121,68.81,34.19,19,achat_en_ligne,pos,Allemagne,Allemagne,0,0
233,74.17,35.33,10,retrait_atm,mobile,France,France,1,0
171,51.13,59.96,12,virement,atm,France,France,0,0
133,64.11,44.17,21,retrait_atm,mobile,France,France,0,0
111,32.37,30.56,18,virement,pos,Belgique,Belgique,0,0
296,293.57,73.14,11,paiement_pos,atm,Allemagne,Allemagne,0,0
238,19.83,20.56,0,retrait_atm,web,Allemagne,Allemagne,0,0
205,14.29,23.51,20,achat_en_ligne,mobile,Allemagne,Allemagne,0,0
248,21.4,35.98,7,achat_en_ligne,atm,Allemagne,Allemagne,0,0
296,24.75,73.14,11,paiement_pos,web,Allemagne,Allemagne,0,0
52,57.65,30.02,20,paiement_pos,pos,France,France,0,0
154,6.47,13.19,23,virement,pos,Belgique,Belgique,0,0
236,29.95,15.63,20,paiement_pos,web,Espagne,Espagne,0,0
47,13.15,17.04,19,retrait_atm,pos,Allemagne,Allemagne,0,0
81,7.04,19.85,18,retrait_atm,atm,Italie,Italie,1,0
263,6.56,13.61,22,retrait_atm,mobile,Belgique,Belgique,2,0
234,123.01,72.66,9,retrait_atm,mobile,Espagne,Espagne,0,0
122,10.54,33.12,15,virement,pos,Espagne,Espagne,0,0
33,33.82,72.5,22,paiement_pos,mobile,France,France,1,0
30,115.09,36.45,17,virement,atm,Allemagne,Allemagne,0,0
162,202.78,93.63,6,achat_en_ligne,pos,Espagne,Espagne,0,0
225,313.74,55.37,12,retrait_atm,atm,Espagne,Espagne,0,0
98,19.73,15.3,23,paiement_pos,mobile,France,Espagne,0,0
271,60.84,31.77,5,paiement_pos,web,Belgique,Belgique,0,0
36,64.76,64.31,8,achat_en_ligne,pos,France,France,0,0
177,214.36,98.73,21,paiement_pos,pos,Espagne,Espagne,0,0
43,184.43,93.15,7,virement,mobile,Espagne,Espagne,0,0
85,24.76,40.02,21,retrait_atm,web,Espagne,Espagne,0,0
67,36.47,27.2,9,retrait_atm,web,Italie,Italie,0,0
207,346.66,62.87,8,virement,web,Espagne,Espagne,0,0
102,22.64,16.4,7,paiement_pos,atm,France,France,1,0
128,63.14,41.74,7,virement,web,Espagne,Espagne,0,0
92,17.89,24.1,14,virement,pos,Italie,Italie,1,0
283,69.57,17.74,20,virement,pos,Ukraine,Espagne,1,1
197,181.13,87.33,0,achat_en_ligne,atm,Belgique,Belgique,0,0
158,8.19,17.61,7,paiement_pos,web,Allemagne,Allemagne,0,0
284,28.57,44.03,14,retrait_atm,pos,Allemagne,Allemagne,0,0
148,27.62,36.82,12,virement,pos,Belgique,Belgique,0,0
177,44.43,98.73,1,virement,mobile,Espagne,Espagne,0,0
76,0.5,17.28,8,retrait_atm,web,Russie,Allemagne,5,1
38,154.84,83.22,11,retrait_atm,mobile,Italie,Italie,1,0
205,44.69,23.51,5,paiement_pos,mobile,Allemagne,Allemagne,0,0
56,148.05,48.73,3,virement,pos,France,France,0,0
89,3.57,9.13,19,virement,atm,Espagne,Espagne,1,0
151,5.99,11.54,6,paiement_pos,atm,Italie,Italie,0,0
65,34.06,33.73,16,virement,web,Allemagne,Allemagne,1,0
92,15.33,24.1,9,virement,atm,Italie,Italie,0,0
207,57.16,62.87,17,achat_en_ligne,web,Espagne,Espagne,0,0
226,142.27,54.88,8,achat_en_ligne,web,Belgique,Belgique,2,0
90,18.01,30.04,4,achat_en_ligne,mobile,Italie,Italie,2,0
142,63.36,31.12,23,virement,pos,Belgique,Belgique,0,0
205,13.54,23.51,19,retrait_atm,pos,Allemagne,Allemagne,2,0
48,19.25,19.36,19,paiement_pos,mobile,Italie,Italie,0,0
215,173.52,60.33,12,achat_en_ligne,pos,Espagne,Espagne,0,0
152,41.99,40.32,8,retrait_atm,pos,Belgique,Belgique,0,0
195,17.4,34.58,3,achat_en_ligne,mobile,Italie,Italie,1,0
134,62.59,11.63,15,retrait_atm,atm,Allemagne,Allemagne,0,0
89,14.21,9.13,9,retrait_atm,atm,Espagne,Espagne,0,0
13,5.02,18.56,18,retrait_atm,atm,Espagne,Espagne,1,0
77,29.6,34.96,18,paiement_pos,mobile,Belgique,Belgique,0,0
60,1.67,15.94,15,retrait_atm,web,Espagne,Espagne,5,1
214,71.74,41.68,21,virement,web,Allemagne,Allemagne,1,0
196,74.07,42.45,11,paiement_pos,mobile,France,France,0,0
129,21.98,20.95,18,achat_en_ligne,web,Allemagne,Allemagne,0,0
240,97.14,45.35,2,paiement_pos,pos,Espagne,Espagne,0,0
271,31.97,31.77,13,achat_en_ligne,atm,Belgique,Belgique,0,0
111,54.1,30.56,8,virement,atm,Belgique,Belgique,0,0
178,108.63,51.34,11,achat_en_ligne,atm,France,France,0,0
26,91.17,15.87,12,virement,mobile,Espagne,Espagne,0,0
292,189.01,42.81,0,retrait_atm,web,Belgique,Belgique,0,0
297,32.95,26.96,4,retrait_atm,pos,Italie,Italie,0,0
225,108.39,55.37,19,virement,web,Espagne,Espagne,1,0
300,332.98,27.14,10,achat_en_ligne,atm,Russie,France,0,1
280,194.35,92.99,8,retrait_atm,mobile,France,France,0,0
223,40.32,33.34,14,achat_en_ligne,mobile,Espagne,Espagne,0,0
10,60.56,59.72,21,paiement_pos,mobile,France,France,0,0
224,515.65,73.51,7,achat_en_ligne,atm,Belgique,Belgique,0,1
246,24.96,43.63,3,paiement_pos,atm,France,France,0,0
298,28.43,13.65,11,retrait_atm,pos,Allemagne,Allemagne,0,0
107,30.41,28.58,2,retrait_atm,mobile,Espagne,Espagne,0,0
282,108.0,41.92,22,paiement_pos,mobile,Allemagne,Allemagne,0,0
152,3.69,40.32,12,paiement_pos,pos,Roumanie,Belgique,2,1
20,31.52,41.72,19,retrait_atm,pos,Allemagne,Allemagne,1,0
235,7.67,12.66,2,paiement_pos,pos,Allemagne,Allemagne,0,0
250,79.83,38.0,9,achat_en_ligne,web,France,France,0,0
292,5.11,42.81,5,paiement_pos,mobile,Belgique,Belgique,3,1
264,9.31,8.16,18,paiement_pos,atm,Italie,Italie,0,0
221,60.12,37.39,17,virement,atm,France,France,1,0
260,96.86,54.47,11,paiement_pos,mobile,Allemagne,Allemagne,0,0
235,33.79,12.66,0,retrait_atm,atm,Nigeria,Allemagne,1,1
71,56.58,30.18,20,paiement_pos,mobile,Espagne,Espagne,0,0
287,38.21,57.8,22,achat_en_ligne,web,France,France,0,0
213,52.65,30.22,21,retrait_atm,web,Espagne,Espagne,0,0
157,61.64,31.92,10,achat_en_ligne,atm,France,France,1,0
45,18.86,26.31,20,paiement_pos,web,France,France,0,0
273,54.7,35.0,1,achat_en_ligne,web,France,France,0,0
29,173.95,85.41,9,retrait_atm,atm,Allemagne,Allemagne,0,0
113,1.5,28.71,3,achat_en_ligne,web,Ukraine,Allemagne,8,1
119,53.85,36.35,11,achat_en_ligne,atm,Belgique,Belgique,0,0
30,69.56,36.45,6,retrait_atm,atm,Allemagne,Allemagne,0,0
169,32.79,34.46,6,retrait_atm,pos,Belgique,Belgique,0,0
120,76.16,40.9,4,retrait_atm,atm,France,France,0,0
114,17.56,28.22,6,achat_en_ligne,atm,Allemagne,Allemagne,0,0
260,87.38,54.47,14,achat_en_ligne,mobile,Allemagne,Allemagne,0,0
119,60.13,36.35,22,achat_en_ligne,mobile,Belgique,Belgique,1,0
181,10.2,16.39,5,virement,web,Italie,Italie,3,0
52,15.16,30.02,10,achat_en_ligne,pos,France,France,0,0
74,119.72,38.3,0,retrait_atm,mobile,Roumanie,France,0,1
198,4.8,9.6,23,achat_en_ligne,mobile,France,France,0,0
139,30.38,38.79,16,achat_en_ligne,pos,Belgique,Belgique,0,0
90,28.82,30.04,11,paiement_pos,atm,Italie,Italie,0,0
240,272.38,45.35,3,retrait_atm,atm,Russie,Espagne,3,1
176,46.35,51.96,18,paiement_pos,web,Allemagne,Allemagne,0,0
106,66.08,18.32,15,paiement_pos,atm,Espagne,Espagne,1,0
82,37.01,27.87,21,retrait_atm,mobile,Allemagne,Allemagne,1,0
217,31.53,30.72,15,virement,atm,France,France,1,0
271,31.45,31.77,8,virement,web,Belgique,Belgique,0,0
200,57.42,47.21,8,achat_en_ligne,atm,Italie,Italie,1,0
14,7.62,21.43,17,achat_en_ligne,mobile,Espagne,Espagne,0,0
5,13.89,12.12,17,achat_en_ligne,atm,Allemagne,Allemagne,0,0
182,33.75,24.26,15,paiement_pos,web,France,France,2,0
244,16.99,34.21,14,virement,mobile,Espagne,Espagne,2,0
237,12.34,12.67,11,paiement_pos,atm,Espagne,Espagne,0,0
57,12.22,9.68,22,virement,pos,Allemagne,Allemagne,1,0
6,5.97,24.73,18,achat_en_ligne,web,Italie,Italie,0,0
123,39.15,21.48,8,paiement_pos,pos,Espagne,Espagne,1,0
163,43.19,67.12,1,retrait_atm,mobile,Allemagne,Allemagne,0,0
199,45.31,23.23,3,paiement_pos,pos,Belgique,Belgique,0,0
19,77.79,57.91,19,paiement_pos,atm,Italie,Italie,1,0
85,39.84,40.02,13,paiement_pos,mobile,Espagne,Espagne,0,0
55,40.3,34.97,15,retrait_atm,mobile,Allemagne,Allemagne,0,0
13,9.1,18.56,7,achat_en_ligne,web,Espagne,Espagne,0,0
146,26.91,7.1,0,retrait_atm,mobile,Italie,Italie,0,1
182,31.59,24.26,9,retrait_atm,mobile,France,France,0,0
119,12.85,36.35,16,paiement_pos,atm,Belgique,Belgique,1,0
122,37.56,33.12,1,virement,web,Espagne,Espagne,0,0
55,37.82,34.97,9,achat_en_ligne,web,Allemagne,Allemagne,0,0
249,24.55,52.25,19,virement,pos,Espagne,Espagne,0,0
170,45.36,21.79,10,achat_en_ligne,mobile,France,France,0,0
210,23.83,38.95,7,retrait_atm,pos,Espagne,Espagne,0,0
189,38.41,22.14,16,achat_en_ligne,web,Belgique,Belgique,1,0
32,86.41,39.31,0,achat_en_ligne,web,Belgique,Belgique,0,0
187,47.89,33.77,21,retrait_atm,web,France,France,0,0
234,30.24,72.66,18,paiement_pos,pos,Espagne,Espagne,1,0
227,60.81,46.18,7,retrait_atm,pos,Espagne,Italie,0,0
250,16.86,38.0,14,retrait_atm,mobile,Allemagne,France,0,0
246,79.24,43.63,19,virement,atm,France,France,0,0
118,52.41,60.8,14,retrait_atm,mobile,France,France,0,0
278,8.27,26.71,13,paiement_pos,mobile,Espagne,Espagne,1,0
236,68.08,15.63,12,achat_en_ligne,pos,Espagne,Espagne,0,0
142,28.34,31.12,4,paiement_pos,pos,Belgique,Belgique,1,0
187,14.55,33.77,21,paiement_pos,web,France,France,0,0
247,99.87,50.46,14,paiement_pos,pos,Espagne,Espagne,0,0
149,32.67,39.55,20,retrait_atm,mobile,Italie,Italie,0,0
188,11.08,15.96,9,paiement_pos,atm,Belgique,Belgique,0,0
192,70.04,47.72,22,paiement_pos,web,Espagne,Espagne,0,0
163,89.26,67.12,6,retrait_atm,web,Allemagne,Allemagne,0,0
281,15.43,14.45,15,retrait_atm,mobile,Belgique,Belgique,0,0
50,0.8,26.13,12,retrait_atm,mobile,Espagne,Espagne,1,1
9,34.01,35.81,6,achat_en_ligne,pos,Belgique,Belgique,1,0
22,174.57,32.32,3,paiement_pos,web,Belgique,Belgique,0,0
209,293.78,38.12,2,achat_en_ligne,atm,Belgique,Belgique,2,1
199,185.4,23.23,20,virement,pos,Ukraine,Belgique,4,1
162,44.76,93.63,22,virement,pos,Espagne,Espagne,1,0
248,69.42,35.98,19,virement,web,Allemagne,Allemagne,0,0
170,25.75,21.79,15,achat_en_ligne,pos,France,France,0,0
115,43.69,38.07,22,achat_en_ligne,web,Allemagne,Allemagne,0,0
258,23.01,28.23,17,retrait_atm,atm,France,France,1,0
119,13.85,36.35,3,retrait_atm,mobile,Belgique,Belgique,0,0
31,48.2,30.84,18,virement,mobile,Allemagne,Allemagne,0,0
45,39.93,26.31,14,paiement_pos,web,France,France,0,0
69,132.43,45.74,11,achat_en_ligne,atm,France,France,4,1
166,18.49,43.09,14,retrait_atm,mobile,Italie,Italie,0,0
96,17.05,13.73,22,virement,atm,Belgique,Belgique,0,0
233,47.0,35.33,2,achat_en_ligne,pos,France,France,0,0
219,24.91,21.2,19,achat_en_ligne,atm,Allemagne,Allemagne,0,0
17,22.42,54.77,11,paiement_pos,mobile,Allemagne,Allemagne,0,0
104,53.66,40.65,11,retrait_atm,web,France,France,0,0
249,301.56,52.25,15,retrait_atm,pos,Russie,Espagne,0,1
168,17.07,27.72,7,retrait_atm,mobile,France,France,0,0
281,9.71,14.45,5,virement,web,Belgique,Belgique,0,0
31,205.91,30.84,22,virement,mobile,Russie,Allemagne,0,1
142,29.95,31.12,22,retrait_atm,atm,Belgique,Belgique,0,0
45,14.95,26.31,8,achat_en_ligne,web,France,France,0,0
155,36.77,55.61,20,virement,atm,Allemagne,Allemagne,0,0
206,106.31,53.96,8,achat_en_ligne,pos,Belgique,Belgique,1,0
43,167.09,93.15,23,paiement_pos,atm,Espagne,Espagne,0,0
6,70.27,24.73,13,achat_en_ligne,mobile,Italie,Italie,0,0
121,27.37,34.19,17,retrait_atm,web,Allemagne,Allemagne,0,0
290,4.5,17.43,21,achat_en_ligne,pos,Allemagne,Allemagne,0,0
237,20.72,12.67,11,achat_en_ligne,atm,Espagne,Espagne,1,0
201,4.32,12.82,5,retrait_atm,atm,Belgique,Belgique,0,0
39,124.05,36.96,0,retrait_atm,web,Ukraine,Belgique,0,1
76,26.11,17.28,2,virement,pos,Allemagne,Allemagne,1,0
186,32.88,18.03,19,retrait_atm,mobile,Allemagne,Allemagne,0,0
262,31.82,15.21,13,virement,mobile,France,France,0,0
282,29.13,41.92,5,achat_en_ligne,mobile,Allemagne,Allemagne,0,0
8,104.1,95.66,11,virement,web,Espagne,Espagne,0,0
14,134.75,21.43,19,virement,web,Nigeria,Espagne,1,1
156,10.02,27.19,14,paiement_pos,atm,Espagne,Espagne,0,0
136,17.12,43.5,23,achat_en_ligne,web,Belgique,Belgique,0,0
5,13.11,12.12,12,achat_en_ligne,pos,Allemagne,Allemagne,1,0
185,47.57,21.77,18,achat_en_ligne,web,Allemagne,Allemagne,0,0
158,70.93,17.61,3,retrait_atm,pos,Russie,Allemagne,1,1
178,238.33,51.34,17,paiement_pos,pos,France,France,0,0
95,2.52,11.53,22,paiement_pos,mobile,Italie,Italie,0,0
194,72.69,39.75,11,virement,atm,Belgique,Belgique,0,0
134,12.66,11.63,9,achat_en_ligne,web,Allemagne,Allemagne,0,0
264,15.75,8.16,16,retrait_atm,atm,Italie,Italie,0,0
149,13.35,39.55,12,achat_en_ligne,mobile,Italie,Italie,0,0
264,60.07,8.16,23,retrait_atm,atm,Italie,Italie,4,1
171,108.51,59.96,8,achat_en_ligne,web,France,France,0,0
16,31.69,20.23,18,retrait_atm,pos,Espagne,Espagne,0,0
44,52.39,29.73,19,achat_en_ligne,mobile,Belgique,Belgique,0,0
193,13.37,8.37,2,achat_en_ligne,web,Espagne,Espagne,0,0
204,17.81,55.03,17,retrait_atm,web,Espagne,Espagne,1,0
253,58.09,29.73,2,paiement_pos,mobile,France,France,1,0
270,378.21,73.45,23,achat_en_ligne,pos,Russie,Allemagne,3,1
9,7.33,35.81,23,retrait_atm,web,Belgique,Belgique,1,0
132,44.98,38.77,5,virement,web,France,Allemagne,0,0
72,25.13,21.81,23,paiement_pos,pos,France,France,0,0
86,103.67,68.27,17,retrait_atm,web,Espagne,Espagne,0,0
220,72.55,20.22,6,retrait_atm,mobile,Italie,Italie,0,0
110,48.88,26.42,18,paiement_pos,pos,Espagne,Espagne,0,0
43,165.2,93.15,14,virement,mobile,Espagne,Espagne,0,0
199,46.83,23.23,13,retrait_atm,mobile,Belgique,Belgique,1,0
124,70.93,40.04,16,achat_en_ligne,web,Allemagne,Allemagne,0,0
24,210.08,43.28,17,achat_en_ligne,web,Italie,Italie,2,0
285,9.29,30.61,8,virement,web,Allemagne,Allemagne,1,0
3,27.0,30.11,10,paiement_pos,mobile,Espagne,Espagne,0,0
2,22.86,36.39,19,achat_en_ligne,mobile,Belgique,Espagne,1,0
67,59.5,27.2,10,paiement_pos,pos,Italie,Italie,0,0
40,28.07,15.88,20,paiement_pos,web,Espagne,Espagne,1,0
21,18.04,30.14,9,virement,atm,Espagne,Allemagne,1,0
225,86.14,55.37,23,retrait_atm,web,Espagne,Espagne,0,0
43,178.39,93.15,17,virement,web,Espagne,Espagne,1,0
207,108.62,62.87,1,retrait_atm,pos,Espagne,Espagne,1,0
59,37.16,19.97,13,achat_en_ligne,pos,Espagne,Espagne,1,0
41,14.49,14.57,6,achat_en_ligne,atm,France,France,0,0
224,150.28,73.51,13,virement,mobile,Belgique,Belgique,0,0
90,10.89,30.04,8,retrait_atm,web,Italie,Italie,0,0
268,15.78,37.29,4,retrait_atm,atm,Belgique,Belgique,0,0
121,52.93,34.19,23,achat_en_ligne,pos,Allemagne,Allemagne,0,0
2,17.01,36.39,21,virement,atm,Espagne,Espagne,0,0
238,25.02,20.56,10,virement,pos,Allemagne,Allemagne,0,0
284,70.37,44.03,19,virement,mobile,Allemagne,Allemagne,1,0
160,76.19,72.24,8,paiement_pos,atm,Espagne,Espagne,0,0
194,9.7,39.75,12,paiement_pos,atm,Belgique,Belgique,0,0
22,36.24,32.32,7,virement,web,Belgique,Belgique,0,0
211,10.09,19.73,9,retrait_atm,atm,Belgique,Belgique,0,0
192,48.38,47.72,9,paiement_pos,web,Espagne,Espagne,0,0
256,38.91,26.15,0,paiement_pos,atm,France,France,1,0
4,26.07,17.79,12,paiement_pos,web,Allemagne,Allemagne,0,0
90,43.89,30.04,9,virement,atm,Italie,Italie,0,0
65,40.66,33.73,4,virement,pos,Allemagne,Allemagne,0,0
96,21.79,13.73,22,achat_en_ligne,pos,Belgique,Belgique,1,0
24,40.09,43.28,18,virement,pos,Italie,Italie,0,0
210,117.29,38.95,7,paiement_pos,mobile,Espagne,Espagne,0,0
19,49.98,57.91,15,retrait_atm,mobile,Italie,Italie,0,0
101,291.85,189.24,5,retrait_atm,mobile,Italie,Italie,0,0
111,27.42,30.56,18,virement,web,Belgique,Belgique,0,0
251,26.86,45.51,8,virement,web,France,France,0,0
89,15.25,9.13,21,retrait_atm,web,Espagne,Espagne,0,0
29,135.61,85.41,7,virement,web,Allemagne,Allemagne,1,0
262,4.35,15.21,13,retrait_atm,web,France,France,1,0
43,151.11,93.15,7,achat_en_ligne,pos,Espagne,Espagne,0,0
233,72.92,35.33,8,virement,mobile,France,France,0,0
76,25.6,17.28,7,achat_en_ligne,web,Allemagne,Allemagne,0,0
271,49.6,31.77,9,virement,mobile,Belgique,Belgique,0,0
254,178.68,37.27,17,paiement_pos,web,Belgique,Belgique,0,0
260,169.65,54.47,3,retrait_atm,pos,Nigeria,Allemagne,3,1
267,15.5,27.91,7,virement,atm,Allemagne,Allemagne,0,0
106,9.59,18.32,8,retrait_atm,web,Espagne,Espagne,1,0
140,19.25,34.17,18,achat_en_ligne,pos,Allemagne,Allemagne,0,0
37,10.5,42.83,2,virement,pos,Italie,Italie,0,0
297,54.15,26.96,5,retrait_atm,web,Italie,Italie,0,0
75,15.33,36.82,23,retrait_atm,mobile,Espagne,Espagne,1,0
185,45.99,21.77,17,retrait_atm,mobile,Allemagne,Allemagne,0,0
5,19.96,12.12,18,paiement_pos,web,Allemagne,Allemagne,0,0
90,27.82,30.04,17,achat_en_ligne,pos,Italie,Italie,3,0
198,19.82,9.6,8,paiement_pos,pos,Italie,France,0,0
151,4.8,11.54,2,paiement_pos,mobile,Italie,Italie,0,0
257,175.35,45.27,20,paiement_pos,pos,Espagne,Espagne,0,0
50,45.64,26.13,9,virement,pos,Espagne,Espagne,2,0
206,42.92,53.96,3,paiement_pos,web,Belgique,Belgique,0,0
72,37.05,21.81,11,retrait_atm,pos,France,France,0,0
284,17.94,44.03,14,achat_en_ligne,web,Allemagne,Allemagne,0,0
244,43.77,34.21,9,virement,pos,Belgique,Espagne,0,0
291,33.89,22.36,17,retrait_atm,web,Italie,Italie,0,0
78,183.6,37.98,12,virement,pos,Belgique,Belgique,0,0
207,15.52,62.87,10,achat_en_ligne,mobile,Espagne,Espagne,0,0
120,60.49,40.9,18,paiement_pos,mobile,France,France,0,0
60,1.26,15.94,16,retrait_atm,mobile,Roumanie,Espagne,5,1
95,2.9,11.53,18,retrait_atm,atm,Italie,Italie,0,0
173,115.79,52.95,12,retrait_atm,atm,Espagne,Espagne,0,0
153,195.64,93.36,23,retrait_atm,mobile,Italie,Italie,0,0
178,15.75,51.34,9,achat_en_ligne,web,Allemagne,France,0,0
125,28.42,31.24,6,virement,atm,Italie,Italie,0,0
48,27.17,19.36,20,virement,pos,Italie,Italie,0,0
166,65.69,43.09,18,achat_en_ligne,pos,Italie,Italie,0,0
68,71.35,60.44,9,achat_en_ligne,mobile,Belgique,Belgique,0,0
246,11.48,43.63,6,paiement_pos,pos,France,France,0,0
287,44.79,57.8,23,retrait_atm,web,France,France,0,0
198,11.63,9.6,13,retrait_atm,pos,France,France,0,0
12,9.64,16.27,21,retrait_atm,pos,Italie,Italie,1,0
280,190.11,92.99,10,virement,atm,France,France,0,0
92,28.04,24.1,19,achat_en_ligne,mobile,Italie,Italie,0,0
273,45.66,35.0,5,retrait_atm,atm,France,France,1,0
40,82.51,15.88,18,achat_en_ligne,mobile,Espagne,Espagne,0,0
204,58.58,55.03,12,paiement_pos,pos,Espagne,Espagne,1,0
190,36.81,39.93,16,virement,mobile,Belgique,Belgique,0,0
135,67.9,57.77,23,virement,pos,Espagne,Espagne,0,0
148,20.11,36.82,14,virement,atm,Belgique,Belgique,3,0
44,51.49,29.73,10,virement,atm,Espagne,Belgique,0,0
204,78.8,55.03,13,retrait_atm,mobile,Espagne,Espagne,1,0
112,21.51,14.51,21,paiement_pos,pos,Espagne,Espagne,0,0
290,13.25,17.43,20,paiement_pos,web,Allemagne,Allemagne,0,0
268,19.47,37.29,8,virement,web,Belgique,Belgique,1,0
103,21.89,26.55,22,paiement_pos,web,Italie,Italie,1,0
188,8.48,15.96,3,achat_en_ligne,pos,Belgique,Belgique,2,0
5,13.0,12.12,21,virement,pos,Allemagne,Allemagne,0,0
217,52.8,30.72,11,paiement_pos,mobile,France,France,1,0
226,94.03,54.88,23,paiement_pos,pos,Belgique,Belgique,0,0
267,141.47,27.91,14,retrait_atm,web,Allemagne,Allemagne,0,0
137,21.13,17.01,18,retrait_atm,pos,Espagne,Espagne,0,0
115,79.38,38.07,16,achat_en_ligne,pos,Allemagne,Allemagne,1,0
103,33.46,26.55,15,paiement_pos,web,Italie,Italie,0,0
290,28.76,17.43,13,retrait_atm,pos,Allemagne,Allemagne,0,0
88,46.49,22.37,16,paiement_pos,mobile,Belgique,Belgique,0,0
125,45.63,31.24,17,achat_en_ligne,web,Italie,Italie,0,0
100,142.37,99.7,4,virement,atm,France,France,0,0
105,298.75,93.43,2,retrait_atm,atm,Espagne,Espagne,0,0
91,7.9,17.51,12,achat_en_ligne,atm,Allemagne,Allemagne,1,0
188,0.93,15.96,16,virement,mobile,Belgique,Belgique,5,1
62,57.99,27.1,20,retrait_atm,web,Espagne,Espagne,1,0
66,12.94,24.77,21,paiement_pos,atm,Belgique,Belgique,0,0
240,97.57,45.35,11,paiement_pos,web,Espagne,Espagne,0,0
113,32.87,28.71,22,achat_en_ligne,mobile,Allemagne,Allemagne,0,0
83,9.66,13.76,13,achat_en_ligne,mobile,France,France,0,0
55,34.87,34.97,22,achat_en_ligne,web,Allemagne,Allemagne,1,0
204,7.74,55.03,19,achat_en_ligne,mobile,Nigeria,Espagne,1,1
15,190.18,118.76,12,retrait_atm,pos,Espagne,Espagne,0,0
151,24.18,11.54,11,virement,atm,Italie,Italie,0,0
100,144.84,99.7,19,achat_en_ligne,web,France,France,0,0
128,18.77,41.74,10,paiement_pos,pos,Espagne,Espagne,0,0
43,111.14,93.15,4,virement,pos,Espagne,Espagne,0,0
47,5.9,17.04,23,virement,web,Allemagne,Allemagne,0,0
163,83.8,67.12,1,retrait_atm,web,Allemagne,Allemagne,1,0
179,16.55,12.89,8,achat_en_ligne,atm,Italie,Italie,0,0
152,49.12,40.32,23,paiement_pos,mobile,Belgique,Belgique,0,0
251,68.77,45.51,23,paiement_pos,atm,France,France,0,0
270,156.53,73.45,14,virement,web,Allemagne,Allemagne,1,0
82,70.03,27.87,22,paiement_pos,pos,Allemagne,Allemagne,0,0
282,67.59,41.92,6,retrait_atm,mobile,Allemagne,Allemagne,0,0
144,63.38,36.29,20,paiement_pos,mobile,Allemagne,Allemagne,0,0
207,92.06,62.87,15,virement,mobile,Espagne,Espagne,0,0
46,41.54,79.59,9,retrait_atm,mobile,Italie,Italie,0,0
149,64.09,39.55,3,retrait_atm,atm,Italie,Italie,0,0
121,21.0,34.19,12,virement,atm,Allemagne,Allemagne,0,0
202,107.44,80.28,19,retrait_atm,pos,Italie,Italie,1,0
238,114.59,20.56,7,virement,web,Allemagne,Allemagne,0,0
140,46.7,34.17,20,virement,web,Allemagne,Allemagne,0,0
67,37.35,27.2,1,retrait_atm,web,Italie,Italie,1,0
75,35.09,36.82,15,retrait_atm,atm,Espagne,Espagne,0,0
299,27.64,62.82,22,retrait_atm,web,Belgique,Belgique,0,0
276,10.56,13.62,16,achat_en_ligne,pos,Allemagne,Allemagne,0,0
99,20.21,17.15,12,paiement_pos,mobile,Espagne,Espagne,0,0
40,10.91,15.88,0,retrait_atm,mobile,Espagne,Espagne,0,0
269,84.74,63.66,14,paiement_pos,web,Espagne,Espagne,0,0
236,68.41,15.63,11,paiement_pos,atm,Espagne,Espagne,0,0
70,85.41,73.88,10,virement,mobile,Allemagne,Allemagne,0,0
146,9.91,7.1,11,achat_en_ligne,web,Italie,Italie,2,0
228,267.28,133.83,15,paiement_pos,atm,Allemagne,Allemagne,0,0
20,16.44,41.72,13,retrait_atm,pos,Allemagne,Allemagne,1,0
124,86.76,40.04,3,achat_en_ligne,atm,Allemagne,Allemagne,1,0
168,56.55,27.72,13,paiement_pos,atm,France,France,0,0
74,58.65,38.3,21,paiement_pos,pos,France,France,0,0
156,22.96,27.19,6,retrait_atm,pos,Espagne,Espagne,0,0
144,43.51,36.29,22,virement,pos,Allemagne,Allemagne,0,0
165,85.55,94.29,3,achat_en_ligne,atm,Allemagne,Allemagne,0,0
106,5.32,18.32,10,paiement_pos,web,Espagne,Espagne,0,0
240,29.22,45.35,23,paiement_pos,web,Espagne,Espagne,0,0
115,185.53,38.07,8,achat_en_ligne,pos,Allemagne,Allemagne,1,1
183,159.4,82.0,10,paiement_pos,pos,Allemagne,Allemagne,0,0
106,35.58,18.32,8,retrait_atm,pos,Espagne,Espagne,1,0
176,308.34,51.96,21,paiement_pos,pos,Allemagne,Allemagne,0,0
252,109.12,21.7,7,paiement_pos,pos,Allemagne,Allemagne,0,0
21,10.12,30.14,15,achat_en_ligne,mobile,Belgique,Allemagne,0,0
180,29.5,31.81,6,paiement_pos,mobile,Allemagne,Allemagne,0,0
238,114.7,20.56,10,paiement_pos,atm,Allemagne,Allemagne,3,1
138,122.42,24.96,10,retrait_atm,web,France,France,0,0
155,449.03,55.61,10,retrait_atm,mobile,Roumanie,Allemagne,1,1
177,140.57,98.73,13,paiement_pos,web,Espagne,Espagne,1,0
155,121.29,55.61,17,achat_en_ligne,atm,Allemagne,Allemagne,1,0
207,170.71,62.87,1,achat_en_ligne,atm,Espagne,Espagne,1,0
213,20.8,30.22,1,achat_en_ligne,atm,Espagne,Espagne,0,0
173,527.23,52.95,15,paiement_pos,web,Ukraine,Espagne,0,1
84,45.35,23.23,17,virement,mobile,Italie,Italie,1,0
130,24.68,16.99,15,virement,mobile,Espagne,Espagne,1,0
36,85.49,64.31,17,virement,mobile,France,France,0,0
242,9.95,14.19,19,retrait_atm,pos,Allemagne,Allemagne,0,0
248,51.71,35.98,18,retrait_atm,pos,Allemagne,Allemagne,0,0
67,53.69,27.2,19,retrait_atm,mobile,Italie,Italie,0,0
61,32.73,19.55,18,achat_en_ligne,mobile,Italie,Italie,0,0
151,62.68,11.54,17,retrait_atm,web,Italie,Italie,0,0
300,42.93,27.14,12,retrait_atm,mobile,France,France,0,0
106,37.98,18.32,7,achat_en_ligne,mobile,Espagne,Espagne,0,0
256,28.3,26.15,19,achat_en_ligne,atm,France,France,1,0
24,80.57,43.28,12,virement,web,Italie,Italie,1,0
229,52.42,29.28,18,achat_en_ligne,atm,Allemagne,Allemagne,0,0
218,151.11,80.55,22,virement,atm,France,France,0,0
54,50.21,77.05,15,retrait_atm,web,Allemagne,Allemagne,0,0
37,51.62,42.83,10,retrait_atm,atm,Italie,Italie,0,0
81,11.73,19.85,13,virement,mobile,Italie,Italie,0,0
11,20.64,24.54,8,retrait_atm,mobile,Allemagne,Allemagne,0,0
19,321.33,57.91,21,retrait_atm,web,Italie,Italie,0,0
175,81.04,66.87,18,virement,atm,Espagne,Espagne,0,0
181,11.8,16.39,11,achat_en_ligne,atm,Italie,Italie,1,0
58,35.25,32.16,21,achat_en_ligne,web,France,France,1,0
77,63.93,34.96,15,achat_en_ligne,atm,Belgique,Belgique,1,0
256,33.21,26.15,1,retrait_atm,atm,France,France,0,0
84,59.42,23.23,4,retrait_atm,web,Italie,Italie,0,0
176,82.25,51.96,12,paiement_pos,atm,Allemagne,Allemagne,0,0
94,52.91,31.29,11,virement,mobile,Belgique,Belgique,0,0
25,23.29,25.2,15,achat_en_ligne,web,Espagne,Espagne,0,0
83,16.85,13.76,9,paiement_pos,atm,France,France,0,0
233,15.15,35.33,10,retrait_atm,mobile,France,France,0,0
64,7.7,14.94,23,virement,atm,Italie,Italie,0,0
286,54.65,11.04,0,paiement_pos,pos,Italie,Italie,2,0
86,40.38,68.27,6,achat_en_ligne,atm,Espagne,Espagne,0,0
23,167.46,22.36,2,virement,pos,Nigeria,France,2,1
241,296.19,39.09,19,virement,pos,Roumanie,France,3,1
248,22.53,35.98,17,retrait_atm,pos,Allemagne,Allemagne,0,0
126,105.31,116.27,15,achat_en_ligne,pos,Allemagne,Allemagne,0,0
246,82.51,43.63,7,virement,mobile,France,France,0,0
50,35.44,26.13,14,paiement_pos,atm,Espagne,Espagne,0,0
154,10.55,13.19,3,achat_en_ligne,atm,Belgique,Belgique,0,0
290,26.97,17.43,23,retrait_atm,mobile,Allemagne,Allemagne,0,0
25,8.75,25.2,20,retrait_atm,mobile,Espagne,Espagne,1,0
230,9.01,9.95,22,paiement_pos,web,France,France,1,0
87,24.19,21.38,5,paiement_pos,atm,France,France,0,0
63,112.05,57.37,17,retrait_atm,web,Espagne,Belgique,0,0
23,22.65,22.36,21,paiement_pos,mobile,France,France,1,0
147,27.83,28.73,10,retrait_atm,mobile,France,France,0,0
125,41.29,31.24,6,virement,mobile,Italie,Italie,0,0
115,7.9,38.07,18,achat_en_ligne,atm,Allemagne,Allemagne,0,0
76,22.86,17.28,7,achat_en_ligne,web,Allemagne,Allemagne,0,0
173,79.94,52.95,21,paiement_pos,atm,Espagne,Espagne,0,0
112,10.6,14.51,22,retrait_atm,pos,Espagne,Espagne,1,0
123,47.23,21.48,10,achat_en_ligne,atm,Espagne,Espagne,0,0
100,202.68,99.7,10,virement,atm,France,France,1,0
54,143.88,77.05,0,retrait_atm,mobile,Allemagne,Allemagne,0,0
141,41.44,27.79,21,paiement_pos,web,Espagne,Italie,0,0
151,28.91,11.54,14,retrait_atm,pos,Italie,Italie,1,0
61,29.27,19.55,18,retrait_atm,mobile,Belgique,Italie,1,0
201,6.01,12.82,19,retrait_atm,web,Belgique,Belgique,0,0
95,12.0,11.53,15,retrait_atm,atm,Italie,Italie,0,0
111,14.65,30.56,22,virement,mobile,Belgique,Belgique,0,0
46,144.7,79.59,5,retrait_atm,web,Italie,Italie,1,0
5,5.53,12.12,18,virement,mobile,Allemagne,Allemagne,1,0
264,17.52,8.16,10,retrait_atm,pos,Italie,Italie,0,0
67,43.26,27.2,13,achat_en_ligne,pos,Italie,Italie,0,0
225,16.04,55.37,12,retrait_atm,mobile,Espagne,Espagne,0,0
278,17.98,26.71,15,paiement_pos,pos,Espagne,Espagne,0,0
84,41.64,23.23,8,retrait_atm,web,Italie,Italie,1,0
177,7.76,98.73,5,paiement_pos,pos,Russie,Espagne,6,1
285,31.57,30.61,12,achat_en_ligne,web,Allemagne,Allemagne,1,0
260,65.85,54.47,11,retrait_atm,web,Allemagne,Allemagne,1,0
14,2.19,21.43,5,virement,pos,Ukraine,Espagne,2,1
295,43.93,41.15,11,retrait_atm,pos,Allemagne,Allemagne,0,0
235,55.49,12.66,0,retrait_atm,web,Allemagne,Allemagne,0,1
79,263.45,149.98,12,retrait_atm,web,Allemagne,Allemagne,0,0
148,2.09,36.82,10,paiement_pos,web,Belgique,Belgique,3,1
103,133.34,26.55,2,virement,atm,Italie,Italie,0,1
24,14.77,43.28,14,paiement_pos,atm,Italie,Italie,1,0
151,5.47,11.54,22,virement,pos,Italie,Italie,0,0
61,36.44,19.55,20,paiement_pos,pos,Italie,Italie,0,0
115,164.83,38.07,6,retrait_atm,web,Allemagne,Allemagne,0,0
185,32.51,21.77,9,virement,atm,Allemagne,Allemagne,0,0
116,6.34,23.73,4,achat_en_ligne,atm,Allemagne,Allemagne,0,0
235,63.97,12.66,22,paiement_pos,pos,Nigeria,Allemagne,2,1
147,38.01,28.73,23,achat_en_ligne,pos,France,France,0,0
6,24.49,24.73,18,paiement_pos,atm,Italie,Italie,0,0
131,146.14,67.67,22,paiement_pos,web,Allemagne,Allemagne,0,0
21,65.52,30.14,23,virement,pos,Allemagne,Allemagne,0,0
282,63.19,41.92,12,achat_en_ligne,atm,Allemagne,Allemagne,1,0
277,20.45,19.44,23,paiement_pos,pos,Allemagne,Allemagne,1,0
276,26.38,13.62,10,achat_en_ligne,web,Allemagne,Allemagne,0,0
249,82.85,52.25,11,paiement_pos,mobile,Espagne,Espagne,1,0
245,88.22,24.95,1,achat_en_ligne,mobile,Espagne,Espagne,0,0
157,31.38,31.92,3,paiement_pos,pos,France,France,1,0
257,207.16,45.27,18,achat_en_ligne,mobile,Espagne,Espagne,0,0
61,21.15,19.55,19,paiement_pos,mobile,Italie,Italie,0,0
33,59.88,72.5,13,retrait_atm,pos,France,France,0,0
115,44.75,38.07,9,virement,pos,Allemagne,Allemagne,0,0
79,306.06,149.98,10,achat_en_ligne,pos,Allemagne,Allemagne,0,0
291,16.3,22.36,23,retrait_atm,pos,Italie,Italie,0,0
82,5.98,27.87,14,achat_en_ligne,atm,Allemagne,Allemagne,0,0
191,141.94,66.23,23,virement,atm,Espagne,Espagne,0,0
179,26.45,12.89,19,virement,pos,Italie,Italie,0,0
8,2.42,95.66,22,paiement_pos,pos,Roumanie,Espagne,4,1
158,63.27,17.61,8,virement,mobile,Allemagne,Allemagne,0,0
191,108.71,66.23,9,virement,pos,Espagne,Espagne,0,0
181,4.76,16.39,21,achat_en_ligne,mobile,Italie,Italie,0,0
174,42.94,29.54,7,achat_en_ligne,web,Espagne,Espagne,1,0
296,147.84,73.14,13,retrait_atm,pos,Allemagne,Allemagne,0,0
218,744.53,80.55,2,achat_en_ligne,atm,France,France,1,1
189,45.63,22.14,9,achat_en_ligne,mobile,Belgique,Belgique,0,0
248,14.18,35.98,9,virement,mobile,Allemagne,Allemagne,0,0
96,7.29,13.73,21,virement,pos,Belgique,Belgique,0,0
283,29.09,17.74,11,achat_en_ligne,mobile,Espagne,Espagne,0,0
24,189.42,43.28,4,virement,web,Italie,Italie,1,1
28,92.63,36.73,17,retrait_atm,mobile,Italie,Italie,0,0
233,26.05,35.33,12,achat_en_ligne,mobile,France,France,0,0
285,144.98,30.61,17,achat_en_ligne,atm,Allemagne,Allemagne,0,0
143,9.09,28.47,1,virement,pos,Belgique,Belgique,0,0
204,62.08,55.03,15,retrait_atm,web,Espagne,Espagne,0,0
55,13.43,34.97,20,achat_en_ligne,atm,Allemagne,Allemagne,1,0
219,19.29,21.2,9,retrait_atm,atm,Italie,Allemagne,0,0
74,64.93,38.3,14,achat_en_ligne,mobile,France,France,1,0
65,241.9,33.73,5,retrait_atm,atm,Allemagne,Allemagne,3,1
32,2.84,39.31,0,paiement_pos,pos,Belgique,Belgique,2,1
146,15.22,7.1,18,retrait_atm,web,Italie,Italie,0,0
238,41.05,20.56,1,retrait_atm,pos,Allemagne,Allemagne,0,0
277,30.32,19.44,16,paiement_pos,atm,Allemagne,Allemagne,0,0
187,14.37,33.77,10,retrait_atm,atm,France,France,0,0
244,31.62,34.21,7,virement,mobile,Espagne,Espagne,0,0
184,74.04,48.55,8,virement,mobile,Espagne,Espagne,0,0
272,154.74,74.6,13,virement,web,France,France,0,0
237,27.17,12.67,20,retrait_atm,pos,Espagne,Espagne,0,0
188,30.32,15.96,12,achat_en_ligne,mobile,Belgique,Belgique,0,0
159,6.52,27.09,20,virement,web,Allemagne,Allemagne,0,0
63,101.84,57.37,16,retrait_atm,pos,Belgique,Belgique,1,0
172,5.96,16.33,19,paiement_pos,mobile,France,France,0,0
27,20.13,15.38,22,virement,atm,Allemagne,Allemagne,0,0
241,10.41,39.09,21,retrait_atm,pos,France,France,1,0
21,30.75,30.14,9,achat_en_ligne,pos,Allemagne,Allemagne,1,0
27,15.83,15.38,1,achat_en_ligne,pos,Allemagne,Allemagne,1,0
144,32.56,36.29,5,retrait_atm,atm,Allemagne,Allemagne,0,0
9,7.49,35.81,17,retrait_atm,pos,Belgique,Belgique,1,0
10,42.24,59.72,12,virement,atm,France,France,0,0
98,13.89,15.3,10,achat_en_ligne,web,Espagne,Espagne,0,0
138,54.25,24.96,4,retrait_atm,web,France,France,1,0
170,39.64,21.79,13,achat_en_ligne,web,France,France,0,0
267,19.45,27.91,5,virement,atm,Allemagne,Allemagne,0,0
143,9.09,28.47,14,paiement_pos,pos,Belgique,Belgique,0,0
143,14.16,28.47,11,paiement_pos,pos,Belgique,Belgique,2,0
216,22.29,17.55,14,virement,pos,Belgique,Belgique,2,0
277,16.13,19.44,7,retrait_atm,mobile,Allemagne,Allemagne,0,0
147,48.05,28.73,18,virement,web,France,France,0,0
80,80.26,102.12,22,achat_en_ligne,mobile,Espagne,Espagne,1,0
184,95.85,48.55,6,achat_en_ligne,atm,Espagne,Espagne,0,0
232,54.37,25.16,10,retrait_atm,mobile,Italie,Italie,0,0
1,57.07,62.78,14,virement,mobile,France,France,0,0
271,7.22,31.77,7,retrait_atm,mobile,Belgique,Belgique,2,0
274,23.33,20.04,7,paiement_pos,web,Italie,Italie,1,0
231,100.57,86.71,15,achat_en_ligne,atm,Allemagne,Allemagne,1,0
261,12.87,10.02,12,virement,atm,Espagne,Espagne,0,0
32,9.74,39.31,16,retrait_atm,atm,Belgique,Belgique,1,0
120,20.76,40.9,19,achat_en_ligne,atm,France,France,1,0
285,16.5,30.61,20,virement,mobile,Belgique,Allemagne,0,0
247,37.82,50.46,17,retrait_atm,web,Espagne,Espagne,0,0
92,34.32,24.1,10,virement,mobile,Italie,Italie,0,0
146,14.25,7.1,20,paiement_pos,atm,Italie,Italie,0,0
181,15.84,16.39,23,achat_en_ligne,web,Italie,Italie,0,0
36,137.78,64.31,21,achat_en_ligne,web,France,France,1,0
144,19.08,36.29,20,virement,web,Allemagne,Allemagne,0,0
188,28.91,15.96,22,retrait_atm,mobile,Belgique,Belgique,1,0
280,164.68,92.99,21,paiement_pos,atm,France,France,0,0
177,182.14,98.73,16,paiement_pos,atm,Espagne,Espagne,0,0
283,8.1,17.74,3,paiement_pos,pos,Espagne,Espagne,1,0
136,52.98,43.5,9,retrait_atm,pos,Belgique,Belgique,0,0
183,125.13,82.0,13,retrait_atm,web,Allemagne,Allemagne,0,0
142,9.59,31.12,23,paiement_pos,web,Belgique,Belgique,0,0
26,18.82,15.87,2,retrait_atm,web,Espagne,Espagne,0,0
232,54.37,25.16,10,achat_en_ligne,web,Italie,Italie,0,0
136,29.28,43.5,7,retrait_atm,pos,Belgique,Belgique,0,0
45,54.39,26.31,21,virement,atm,France,France,1,0
143,9.45,28.47,12,retrait_atm,pos,Belgique,Belgique,0,0
11,53.04,24.54,6,retrait_atm,web,Allemagne,Allemagne,0,0
180,21.9,31.81,0,achat_en_ligne,web,Allemagne,Allemagne,0,0
242,20.56,14.19,14,retrait_atm,web,Allemagne,Allemagne,0,0
87,97.34,21.38,16,paiement_pos,web,France,France,2,0
236,75.05,15.63,4,paiement_pos,web,Espagne,Espagne,0,0
51,11.86,33.01,18,paiement_pos,pos,Espagne,Espagne,0,0
151,120.66,11.54,3,virement,mobile,Roumanie,Italie,1,1
150,56.87,26.49,6,retrait_atm,atm,France,France,0,0
42,119.54,89.17,2,virement,pos,Espagne,Espagne,0,0
47,4.88,17.04,1,paiement_pos,mobile,Allemagne,Allemagne,0,0
232,9.7,25.16,19,retrait_atm,web,Italie,Italie,0,0
164,68.98,43.1,23,retrait_atm,pos,France,Allemagne,0,0
44,61.71,29.73,16,virement,atm,Belgique,Belgique,0,0
142,37.72,31.12,9,retrait_atm,pos,Belgique,Belgique,0,0
141,24.66,27.79,9,retrait_atm,web,Italie,Italie,1,0
293,9.67,29.56,22,retrait_atm,mobile,Italie,Italie,0,0
17,81.21,54.77,22,achat_en_ligne,web,Allemagne,Allemagne,0,0
283,28.22,17.74,23,paiement_pos,mobile,Espagne,Espagne,0,0
147,49.93,28.73,22,virement,atm,France,France,1,0
215,30.36,60.33,15,retrait_atm,web,Espagne,Espagne,0,0
131,25.1,67.67,19,retrait_atm,mobile,Allemagne,Allemagne,1,0
239,28.91,43.11,1,virement,pos,Belgique,Belgique,0,0
208,71.93,38.08,20,virement,pos,Italie,Italie,3,0
33,130.18,72.5,11,achat_en_ligne,web,France,France,0,0
232,55.19,25.16,10,retrait_atm,atm,Italie,Italie,0,0
139,26.0,38.79,12,paiement_pos,mobile,Belgique,Belgique,0,0
36,72.15,64.31,3,virement,pos,Belgique,France,1,0
265,71.03,22.04,13,retrait_atm,mobile,Italie,Italie,1,0
257,30.82,45.27,14,retrait_atm,pos,Espagne,Espagne,0,0
242,18.16,14.19,13,achat_en_ligne,web,Espagne,Allemagne,0,0
100,109.53,99.7,9,achat_en_ligne,atm,France,France,0,0
18,32.18,19.26,16,paiement_pos,web,France,France,1,0
297,15.95,26.96,16,paiement_pos,web,Italie,Italie,0,0
226,82.68,54.88,0,retrait_atm,pos,Belgique,Belgique,0,0
231,59.94,86.71,6,achat_en_ligne,pos,Allemagne,Allemagne,0,0
242,79.99,14.19,12,paiement_pos,web,Allemagne,Allemagne,1,0
51,36.25,33.01,1,achat_en_ligne,web,Espagne,Espagne,0,0
239,32.03,43.11,23,paiement_pos,mobile,Belgique,Belgique,0,0
60,20.18,15.94,9,achat_en_ligne,atm,Espagne,Espagne,0,0
96,10.5,13.73,21,paiement_pos,pos,Belgique,Belgique,0,0
255,165.2,54.18,15,paiement_pos,mobile,Espagne,Espagne,0,0
4,25.99,17.79,11,paiement_pos,mobile,Allemagne,Allemagne,0,0
70,106.44,73.88,17,virement,pos,Allemagne,Allemagne,0,0
175,29.33,66.87,6,virement,atm,Espagne,Espagne,3,0
256,33.08,26.15,6,achat_en_ligne,mobile,France,France,0,0
57,12.89,9.68,20,virement,mobile,Allemagne,Allemagne,0,0
71,54.7,30.18,8,paiement_pos,mobile,Espagne,Espagne,0,0
93,11.36,19.57,11,virement,web,Italie,Italie,0,0
287,46.89,57.8,23,achat_en_ligne,pos,France,France,0,0
151,13.22,11.54,8,achat_en_ligne,atm,Italie,Italie,0,0
18,39.68,19.26,18,virement,web,France,France,0,0
241,49.35,39.09,22,retrait_atm,mobile,France,France,0,0
178,39.34,51.34,3,retrait_atm,mobile,France,France,2,0
98,32.47,15.3,19,virement,pos,Espagne,Espagne,1,0
137,17.86,17.01,19,retrait_atm,web,Espagne,Espagne,0,0
60,30.74,15.94,23,paiement_pos,atm,Espagne,Espagne,0,0
292,1.26,42.81,2,virement,mobile,Roumanie,Belgique,5,1
186,21.95,18.03,8,virement,mobile,Allemagne,Allemagne,0,0
159,26.89,27.09,2,paiement_pos,atm,Allemagne,Allemagne,0,0
152,26.68,40.32,11,retrait_atm,pos,Belgique,Belgique,2,0
108,45.41,52.79,5,paiement_pos,web,Espagne,Espagne,3,0
105,149.52,93.43,3,achat_en_ligne,mobile,Espagne,Espagne,0,0
275,48.17,23.18,13,virement,pos,Allemagne,Allemagne,1,0
252,44.82,21.7,15,retrait_atm,pos,Allemagne,Allemagne,0,0
87,14.31,21.38,23,paiement_pos,pos,France,France,0,0
89,20.06,9.13,23,virement,atm,Espagne,Espagne,0,0
26,12.5,15.87,23,virement,pos,Espagne,Espagne,0,0
286,83.43,11.04,0,virement,mobile,Italie,Italie,0,1
250,71.91,38.0,10,paiement_pos,atm,France,France,1,0
269,387.41,63.66,3,virement,web,Espagne,Espagne,1,1
248,16.0,35.98,13,virement,pos,Allemagne,Allemagne,1,0
241,30.31,39.09,12,achat_en_ligne,web,France,France,1,0
110,55.28,26.42,12,paiement_pos,pos,Espagne,Espagne,1,0
256,8.69,26.15,20,virement,atm,France,France,0,0
169,25.81,34.46,16,paiement_pos,web,Belgique,Belgique,1,0
159,53.11,27.09,6,achat_en_ligne,web,Allemagne,Allemagne,0,0
24,49.41,43.28,13,virement,atm,Italie,Italie,1,0
111,30.95,30.56,2,paiement_pos,atm,Belgique,Belgique,1,0
283,3.68,17.74,6,paiement_pos,pos,Espagne,Espagne,0,0
96,20.1,13.73,9,virement,mobile,Belgique,Belgique,0,0
60,10.36,15.94,22,paiement_pos,atm,Espagne,Espagne,1,0
163,127.68,67.12,20,achat_en_ligne,pos,Allemagne,Allemagne,0,0
292,36.38,42.81,18,paiement_pos,web,Belgique,Belgique,0,0
72,35.52,21.81,8,retrait_atm,web,France,France,0,0
251,60.07,45.51,23,achat_en_ligne,web,France,France,0,0
240,44.41,45.35,21,paiement_pos,pos,Espagne,Espagne,0,0
60,21.87,15.94,16,achat_en_ligne,pos,Espagne,Espagne,0,0
23,24.59,22.36,10,paiement_pos,atm,France,France,0,0
82,47.53,27.87,23,paiement_pos,pos,Allemagne,Allemagne,0,0
78,69.82,37.98,4,paiement_pos,mobile,Belgique,Belgique,0,0
261,3.28,10.02,18,virement,atm,Italie,Espagne,0,0
66,12.39,24.77,22,retrait_atm,atm,Belgique,Belgique,0,0
1,20.64,62.78,9,paiement_pos,web,France,France,1,0
12,10.91,16.27,13,achat_en_ligne,pos,Italie,Italie,1,0
105,194.73,93.43,19,achat_en_ligne,atm,Espagne,Espagne,0,0
74,70.86,38.3,13,retrait_atm,atm,France,France,0,0
189,14.71,22.14,9,retrait_atm,web,Belgique,Belgique,0,0
186,6.18,18.03,22,virement,pos,Allemagne,Allemagne,0,0
255,41.72,54.18,22,retrait_atm,mobile,Espagne,Espagne,1,0
130,11.38,16.99,8,virement,mobile,France,Espagne,0,0
92,45.73,24.1,17,retrait_atm,pos,Italie,Italie,0,0
62,16.43,27.1,5,virement,mobile,Espagne,Espagne,0,0
258,47.0,28.23,23,achat_en_ligne,pos,France,France,1,0
159,35.15,27.09,4,achat_en_ligne,pos,Allemagne,Allemagne,0,0
3,8.41,30.11,18,achat_en_ligne,pos,Espagne,Espagne,0,0
272,36.21,74.6,15,virement,pos,France,France,1,0
265,39.79,22.04,6,retrait_atm,atm,Italie,Italie,0,0
167,57.65,54.42,17,paiement_pos,mobile,Belgique,Belgique,0,0
78,53.42,37.98,13,virement,atm,Belgique,Belgique,2,0
47,168.52,17.04,5,retrait_atm,web,Allemagne,Allemagne,0,1
31,40.05,30.84,13,paiement_pos,pos,Allemagne,Allemagne,0,0
64,83.85,14.94,14,virement,atm,Italie,Italie,0,0
126,89.97,116.27,12,virement,mobile,Allemagne,Allemagne,0,0
26,10.78,15.87,15,paiement_pos,mobile,Espagne,Espagne,1,0
17,97.93,54.77,17,retrait_atm,atm,Allemagne,Allemagne,0,0
194,166.27,39.75,23,virement,web,Belgique,Belgique,1,0
154,27.96,13.19,2,achat_en_ligne,mobile,Belgique,Belgique,1,0
88,25.62,22.37,8,paiement_pos,atm,Belgique,Belgique,0,0
108,52.54,52.79,11,achat_en_ligne,atm,Espagne,Espagne,0,0
31,9.12,30.84,20,virement,web,Allemagne,Allemagne,1,0
126,136.59,116.27,14,retrait_atm,mobile,Allemagne,Allemagne,1,0
201,19.74,12.82,4,paiement_pos,atm,Belgique,Belgique,0,0
259,47.28,30.86,1,retrait_atm,pos,Allemagne,France,0,0
240,23.43,45.35,23,paiement_pos,pos,Espagne,Espagne,0,0
256,44.06,26.15,13,achat_en_ligne,atm,France,France,0,0
38,31.18,83.22,8,retrait_atm,atm,Italie,Italie,0,0
137,25.7,17.01,8,retrait_atm,web,Espagne,Espagne,0,0
157,60.81,31.92,17,achat_en_ligne,atm,France,France,0,0
16,7.79,20.23,13,paiement_pos,atm,Espagne,Espagne,0,0
98,4.66,15.3,8,virement,atm,Espagne,Espagne,0,0
109,72.41,42.99,18,virement,atm,Allemagne,Allemagne,0,0
14,25.94,21.43,23,retrait_atm,mobile,Espagne,Espagne,1,0
8,52.73,95.66,17,retrait_atm,mobile,Espagne,Espagne,0,0
65,72.59,33.73,14,achat_en_ligne,pos,Allemagne,Allemagne,1,0
140,62.53,34.17,21,achat_en_ligne,atm,Allemagne,Allemagne,0,0
242,23.01,14.19,20,retrait_atm,web,Allemagne,Allemagne,2,0
234,47.25,72.66,2,achat_en_ligne,pos,Espagne,Espagne,1,0
82,13.92,27.87,3,paiement_pos,mobile,Allemagne,Allemagne,1,0
242,20.33,14.19,22,virement,pos,Allemagne,Allemagne,0,0
177,151.76,98.73,15,paiement_pos,atm,Espagne,Espagne,0,0
216,24.07,17.55,19,virement,pos,Belgique,Belgique,0,0
71,36.52,30.18,17,achat_en_ligne,pos,Espagne,Espagne,1,0
129,37.63,20.95,16,retrait_atm,mobile,Allemagne,Allemagne,0,0
149,107.56,39.55,16,retrait_atm,mobile,Italie,Italie,2,0
113,11.17,28.71,23,retrait_atm,pos,Allemagne,Allemagne,0,0
148,72.93,36.82,9,retrait_atm,web,Belgique,Belgique,0,0
35,6.6,25.88,12,retrait_atm,pos,Italie,Italie,0,0
244,106.61,34.21,8,paiement_pos,pos,Espagne,Espagne,0,0
162,99.08,93.63,22,paiement_pos,web,Espagne,Espagne,0,0
63,29.21,57.37,18,paiement_pos,web,Belgique,Belgique,0,0
109,52.18,42.99,0,retrait_atm,atm,Allemagne,Allemagne,0,0
94,30.19,31.29,21,paiement_pos,mobile,Belgique,Belgique,0,0
112,31.2,14.51,5,retrait_atm,atm,Espagne,Espagne,0,0
299,65.88,62.82,14,retrait_atm,web,Belgique,Belgique,0,0
65,13.33,33.73,19,retrait_atm,atm,Allemagne,Allemagne,0,0
220,43.59,20.22,23,virement,web,Italie,Italie,0,0
62,54.6,27.1,12,virement,atm,Espagne,Espagne,1,0
158,23.9,17.61,18,virement,atm,Allemagne,Allemagne,3,0
296,103.14,73.14,18,retrait_atm,pos,Allemagne,Allemagne,0,0
72,22.71,21.81,4,retrait_atm,atm,France,France,1,0
265,44.17,22.04,23,paiement_pos,mobile,Italie,Italie,0,0
192,87.35,47.72,15,virement,mobile,Espagne,Espagne,0,0
92,30.48,24.1,9,retrait_atm,pos,Italie,Italie,0,0
55,36.87,34.97,17,virement,atm,Allemagne,Allemagne,1,0
287,44.16,57.8,7,retrait_atm,pos,France,France,1,0
27,22.55,15.38,2,paiement_pos,atm,Allemagne,Allemagne,0,0
74,68.51,38.3,21,achat_en_ligne,web,France,France,2,0
85,36.65,40.02,9,paiement_pos,atm,Espagne,Espagne,1,0
34,53.35,37.77,6,paiement_pos,mobile,Allemagne,Allemagne,1,0
203,84.31,41.31,20,virement,pos,Allemagne,Allemagne,0,0
13,15.44,18.56,23,virement,pos,Espagne,Espagne,1,0
178,67.36,51.34,9,achat_en_ligne,web,France,France,0,0
123,6.23,21.48,16,virement,mobile,Espagne,Espagne,1,0
243,5.47,8.28,6,retrait_atm,web,France,France,0,0
266,36.73,51.92,22,retrait_atm,pos,Allemagne,Allemagne,1,0
198,9.07,9.6,19,paiement_pos,pos,Belgique,France,0,0
251,19.8,45.51,14,paiement_pos,web,France,France,0,0
31,30.56,30.84,17,retrait_atm,mobile,Allemagne,Allemagne,0,0
163,627.95,67.12,1,retrait_atm,atm,Allemagne,Allemagne,0,1
195,3.8,34.58,2,retrait_atm,mobile,Russie,Italie,4,1
97,198.09,118.81,21,paiement_pos,pos,Belgique,Belgique,0,0
250,27.08,38.0,0,virement,web,France,France,0,0
48,29.64,19.36,11,achat_en_ligne,pos,Italie,Italie,2,0
178,24.64,51.34,16,paiement_pos,pos,France,France,0,0
149,54.86,39.55,17,retrait_atm,web,Italie,Italie,0,0
209,79.95,38.12,10,virement,pos,Belgique,Belgique,0,0
171,41.35,59.96,1,retrait_atm,pos,France,France,0,0
120,18.66,40.9,14,virement,mobile,France,France,0,0
95,4.72,11.53,8,achat_en_ligne,pos,Italie,Italie,0,0
273,74.42,35.0,23,retrait_atm,mobile,France,France,1,0
226,119.44,54.88,7,achat_en_ligne,web,Belgique,Belgique,2,0
27,85.34,15.38,13,virement,pos,Allemagne,Allemagne,0,0
245,37.08,24.95,19,achat_en_ligne,web,Espagne,Espagne,0,0
14,8.32,21.43,14,virement,web,Espagne,Espagne,1,0
38,28.42,83.22,16,paiement_pos,web,Espagne,Italie,0,0
210,79.73,38.95,10,retrait_atm,pos,Espagne,Espagne,0,0
92,33.19,24.1,23,retrait_atm,pos,Italie,Italie,0,0
174,30.8,29.54,22,paiement_pos,mobile,Espagne,Espagne,0,0
94,61.46,31.29,11,achat_en_ligne,mobile,Belgique,Belgique,0,0
237,7.28,12.67,22,paiement_pos,atm,Espagne,Espagne,0,0
250,57.64,38.0,23,paiement_pos,mobile,France,France,0,0
198,17.93,9.6,0,paiement_pos,web,France,France,0,0
257,61.41,45.27,8,achat_en_ligne,web,Espagne,Espagne,0,0
41,9.19,14.57,16,achat_en_ligne,web,France,France,1,0
96,16.51,13.73,16,achat_en_ligne,web,Belgique,Belgique,0,0
21,40.76,30.14,2,paiement_pos,web,Allemagne,Allemagne,1,0
19,58.31,57.91,14,paiement_pos,web,Italie,Italie,0,0
31,46.0,30.84,12,achat_en_ligne,web,Allemagne,Allemagne,0,0
229,21.35,29.28,22,paiement_pos,web,Allemagne,Allemagne,0,0
300,56.99,27.14,23,retrait_atm,pos,France,France,0,0
223,51.43,33.34,4,achat_en_ligne,pos,Espagne,Espagne,0,0
266,107.59,51.92,12,paiement_pos,pos,Allemagne,Allemagne,0,0
198,11.56,9.6,12,virement,mobile,France,France,0,0
60,4.54,15.94,2,virement,atm,Espagne,Espagne,1,0
248,52.62,35.98,12,paiement_pos,web,Allemagne,Allemagne,0,0
162,75.58,93.63,2,virement,web,Espagne,Espagne,0,0
39,34.97,36.96,12,virement,mobile,Belgique,Belgique,0,0
100,207.39,99.7,15,achat_en_ligne,atm,France,France,0,0
180,29.38,31.81,12,achat_en_ligne,mobile,France,Allemagne,0,0
197,156.26,87.33,15,paiement_pos,atm,Belgique,Belgique,0,0
138,29.64,24.96,13,retrait_atm,web,France,France,1,0
183,463.98,82.0,1,retrait_atm,pos,Allemagne,Allemagne,1,0
182,39.41,24.26,19,virement,pos,France,France,2,0
205,49.26,23.51,20,retrait_atm,mobile,Allemagne,Allemagne,0,0
53,58.74,40.55,14,paiement_pos,pos,Belgique,Belgique,0,0
292,53.9,42.81,2,paiement_pos,pos,Belgique,Belgique,2,0
2,72.29,36.39,6,retrait_atm,web,Allemagne,Espagne,1,0
204,103.96,55.03,23,retrait_atm,pos,Espagne,Espagne,0,0
33,56.27,72.5,16,retrait_atm,mobile,France,France,0,0
248,75.19,35.98,6,paiement_pos,pos,Allemagne,Allemagne,0,0
272,44.82,74.6,13,paiement_pos,mobile,France,France,0,0
103,47.83,26.55,20,paiement_pos,web,Italie,Italie,1,0
280,131.36,92.99,8,achat_en_ligne,web,France,France,2,0
162,82.36,93.63,6,achat_en_ligne,web,Espagne,Espagne,0,0
153,66.18,93.36,6,paiement_pos,pos,Italie,Italie,0,0
275,26.23,23.18,10,virement,web,Allemagne,Allemagne,2,0
144,58.21,36.29,0,achat_en_ligne,atm,Allemagne,Allemagne,0,0
7,32.53,32.06,5,retrait_atm,mobile,France,France,1,0
41,22.06,14.57,16,virement,pos,France,France,0,0
118,13.07,60.8,9,retrait_atm,atm,France,France,1,0
149,54.16,39.55,6,achat_en_ligne,pos,Allemagne,Italie,0,0
15,169.49,118.76,22,retrait_atm,mobile,Espagne,Espagne,0,0
79,304.25,149.98,7,retrait_atm,mobile,Allemagne,Allemagne,0,0
16,79.68,20.23,18,virement,pos,Espagne,Espagne,0,0
285,55.36,30.61,6,virement,pos,Allemagne,Allemagne,0,0
71,32.81,30.18,22,retrait_atm,mobile,Espagne,Espagne,0,0
2,60.87,36.39,16,virement,pos,Espagne,Espagne,0,0
161,29.12,46.97,2,paiement_pos,pos,Italie,Italie,0,0
10,117.92,59.72,21,paiement_pos,pos,France,France,0,0
258,26.69,28.23,3,achat_en_ligne,atm,France,France,0,0
27,13.75,15.38,20,achat_en_ligne,mobile,Allemagne,Allemagne,0,0
76,13.48,17.28,20,achat_en_ligne,web,Allemagne,Allemagne,0,0
292,82.92,42.81,10,virement,pos,Belgique,Belgique,0,0
187,42.13,33.77,12,paiement_pos,atm,France,France,0,0
179,28.07,12.89,3,paiement_pos,atm,Italie,Italie,0,0
110,22.58,26.42,6,paiement_pos,atm,Espagne,Espagne,0,0
8,145.63,95.66,21,virement,web,Espagne,Espagne,0,0
264,5.81,8.16,22,paiement_pos,mobile,Italie,Italie,1,0
83,19.21,13.76,12,paiement_pos,web,France,France,1,0
268,77.03,37.29,20,paiement_pos,atm,Belgique,Belgique,0,0
182,18.07,24.26,20,virement,pos,France,France,0,0
148,39.38,36.82,2,paiement_pos,web,Belgique,Belgique,0,0
238,59.11,20.56,19,retrait_atm,web,Allemagne,Allemagne,0,0
218,95.26,80.55,22,virement,web,France,France,1,0
233,35.91,35.33,19,achat_en_ligne,atm,France,France,0,0
1,136.64,62.78,13,virement,web,France,France,0,0
93,13.17,19.57,6,virement,mobile,Italie,Italie,0,0
298,26.82,13.65,3,achat_en_ligne,mobile,Allemagne,Allemagne,1,0
248,47.03,35.98,21,retrait_atm,atm,Allemagne,Allemagne,0,0
111,43.14,30.56,4,virement,atm,Belgique,Belgique,0,0
145,73.66,80.07,22,paiement_pos,mobile,Italie,Italie,0,0
299,73.83,62.82,11,virement,mobile,France,Belgique,0,0
178,38.87,51.34,12,retrait_atm,mobile,France,France,0,0
30,20.95,36.45,4,retrait_atm,atm,Allemagne,Allemagne,0,0
23,9.77,22.36,7,retrait_atm,mobile,France,France,0,0
294,238.44,40.33,16,paiement_pos,atm,Belgique,Belgique,0,0
113,15.27,28.71,2,retrait_atm,atm,Allemagne,Allemagne,0,0
79,33.96,149.98,17,retrait_atm,mobile,Allemagne,Allemagne,0,0
26,22.89,15.87,23,virement,mobile,Espagne,Espagne,0,0
156,39.66,27.19,8,paiement_pos,pos,Espagne,Espagne,0,0
270,77.24,73.45,9,virement,web,Allemagne,Allemagne,0,0
108,53.24,52.79,8,paiement_pos,mobile,Espagne,Espagne,1,0
255,95.04,54.18,16,virement,atm,Espagne,Espagne,0,0
272,9.85,74.6,0,retrait_atm,web,France,France,4,1
7,47.89,32.06,10,virement,mobile,France,France,0,0
39,36.61,36.96,10,achat_en_ligne,mobile,Belgique,Belgique,1,0
166,94.69,43.09,7,virement,atm,Ukraine,Italie,0,1
33,129.11,72.5,20,paiement_pos,web,France,France,0,0
47,81.8,17.04,8,virement,pos,Allemagne,Allemagne,0,0
176,260.26,51.96,14,retrait_atm,mobile,Allemagne,Allemagne,0,0
130,99.66,16.99,11,virement,atm,Espagne,Espagne,0,0
34,75.56,37.77,5,virement,web,Allemagne,Allemagne,1,0
116,27.18,23.73,9,retrait_atm,pos,Allemagne,Allemagne,0,0
173,95.11,52.95,18,virement,atm,Espagne,Espagne,0,0
9,48.65,35.81,20,virement,mobile,Belgique,Belgique,0,0
82,42.87,27.87,15,paiement_pos,mobile,Allemagne,Allemagne,0,0
103,29.14,26.55,22,retrait_atm,pos,Italie,Italie,0,0
241,39.76,39.09,10,virement,pos,France,France,1,0
122,32.88,33.12,16,achat_en_ligne,web,Espagne,Espagne,1,0
39,39.65,36.96,18,virement,pos,Belgique,Belgique,0,0
119,41.46,36.35,18,paiement_pos,atm,Belgique,Belgique,0,0
285,187.84,30.61,11,paiement_pos,atm,Nigeria,Allemagne,0,1
244,22.6,34.21,17,retrait_atm,pos,Espagne,Espagne,1,0
271,48.91,31.77,2,paiement_pos,atm,Belgique,Belgique,1,0
114,53.61,28.22,14,virement,atm,Allemagne,Allemagne,0,0
225,105.27,55.37,16,virement,pos,Espagne,Espagne,0,0
169,44.93,34.46,20,virement,atm,Belgique,Belgique,0,0
14,8.93,21.43,22,paiement_pos,web,Espagne,Espagne,1,0
44,21.57,29.73,12,paiement_pos,mobile,Belgique,Belgique,0,0
233,165.65,35.33,7,retrait_atm,pos,France,France,0,0
193,10.55,8.37,6,achat_en_ligne,web,Espagne,Espagne,0,0
45,48.64,26.31,19,paiement_pos,atm,France,France,0,0
79,487.5,149.98,14,virement,atm,Allemagne,Allemagne,0,0
127,183.43,85.12,8,virement,mobile,France,France,0,0
69,83.4,45.74,8,retrait_atm,pos,France,France,0,0
54,82.53,77.05,10,retrait_atm,pos,Allemagne,Allemagne,1,0
105,245.04,93.43,15,achat_en_ligne,mobile,Espagne,Espagne,0,0
62,35.84,27.1,8,virement,mobile,Espagne,Espagne,1,0
295,132.17,41.15,5,achat_en_ligne,atm,Allemagne,Allemagne,0,0
213,30.99,30.22,0,achat_en_ligne,web,Espagne,Espagne,0,0
280,194.25,92.99,4,retrait_atm,atm,France,France,0,0
50,7.6,26.13,19,achat_en_ligne,mobile,Espagne,Espagne,1,0
132,105.79,38.77,7,paiement_pos,atm,Allemagne,Allemagne,0,0
200,199.41,47.21,17,retrait_atm,pos,Italie,Italie,0,0
70,107.17,73.88,5,retrait_atm,mobile,Allemagne,Allemagne,0,0
152,47.25,40.32,21,virement,web,Belgique,Belgique,0,0
205,42.24,23.51,5,virement,atm,Allemagne,Allemagne,0,0
169,91.39,34.46,0,retrait_atm,pos,Belgique,Belgique,1,0
84,10.25,23.23,19,retrait_atm,web,Italie,Italie,0,0
164,160.23,43.1,10,virement,web,Allemagne,Allemagne,1,0
296,157.18,73.14,20,achat_en_ligne,web,Allemagne,Allemagne,0,0
289,9.16,24.04,18,paiement_pos,pos,Allemagne,Allemagne,0,0
236,18.48,15.63,23,achat_en_ligne,web,Espagne,Espagne,1,0
161,59.58,46.97,1,achat_en_ligne,web,Italie,Italie,2,0
53,200.02,40.55,16,retrait_atm,mobile,Belgique,Belgique,0,0
169,49.13,34.46,14,paiement_pos,atm,Belgique,Belgique,0,0
168,34.36,27.72,8,paiement_pos,pos,France,France,1,0
73,55.84,28.95,13,achat_en_ligne,mobile,Allemagne,Allemagne,0,0
156,145.94,27.19,6,paiement_pos,pos,Espagne,Espagne,1,0
41,74.06,14.57,23,virement,mobile,France,France,0,0
66,9.69,24.77,6,paiement_pos,mobile,Belgique,Belgique,0,0
241,13.48,39.09,0,achat_en_ligne,mobile,France,France,0,0
290,46.71,17.43,1,paiement_pos,web,Allemagne,Allemagne,0,0
219,26.27,21.2,15,retrait_atm,web,Allemagne,Allemagne,1,0
205,26.73,23.51,16,retrait_atm,web,Allemagne,Allemagne,0,0
31,6.65,30.84,5,virement,web,Allemagne,Allemagne,1,0
38,158.96,83.22,16,achat_en_ligne,mobile,Italie,Italie,0,0
274,6.42,20.04,3,achat_en_ligne,mobile,Italie,Italie,0,0
80,165.97,102.12,12,retrait_atm,mobile,Espagne,Espagne,0,0
186,7.72,18.03,3,virement,mobile,Allemagne,Allemagne,2,0
224,139.04,73.51,9,retrait_atm,web,France,Belgique,1,0
203,48.94,41.31,17,retrait_atm,web,Allemagne,Allemagne,0,0
55,187.65,34.97,18,retrait_atm,atm,Allemagne,Allemagne,0,0
165,65.68,94.29,19,virement,atm,Allemagne,Allemagne,0,0
170,12.37,21.79,11,paiement_pos,web,France,France,0,0
183,113.44,82.0,11,achat_en_ligne,pos,Allemagne,Allemagne,1,0
123,20.12,21.48,17,paiement_pos,web,Espagne,Espagne,0,0
121,26.18,34.19,11,virement,mobile,Allemagne,Allemagne,2,0
131,15.82,67.67,5,virement,mobile,Allemagne,Allemagne,0,0
55,33.81,34.97,7,paiement_pos,pos,Allemagne,Allemagne,0,0
133,188.93,44.17,8,virement,pos,France,France,0,0
169,20.52,34.46,13,virement,web,Belgique,Belgique,0,0
132,50.38,38.77,12,virement,pos,Allemagne,Allemagne,2,0
172,7.4,16.33,6,achat_en_ligne,pos,France,France,1,0
130,18.01,16.99,6,retrait_atm,pos,Espagne,Espagne,1,0
120,30.0,40.9,6,virement,web,France,France,0,0
85,64.94,40.02,12,achat_en_ligne,atm,Espagne,Espagne,0,0
176,88.45,51.96,15,paiement_pos,atm,Allemagne,Allemagne,1,0
258,13.21,28.23,22,retrait_atm,pos,France,France,2,0
184,38.15,48.55,7,achat_en_ligne,mobile,Espagne,Espagne,1,0
221,9.88,37.39,5,virement,web,France,France,1,0
42,93.26,89.17,21,paiement_pos,pos,Espagne,Espagne,0,0
52,50.78,30.02,22,virement,pos,France,France,0,0
84,30.94,23.23,15,paiement_pos,pos,Italie,Italie,0,0
103,39.27,26.55,6,paiement_pos,atm,Italie,Italie,0,0
93,10.38,19.57,6,virement,web,Italie,Italie,0,0
47,15.14,17.04,14,paiement_pos,pos,Allemagne,Allemagne,0,0
297,30.82,26.96,17,paiement_pos,atm,Italie,Italie,0,0
99,11.76,17.15,7,retrait_atm,atm,Espagne,Espagne,0,0
76,10.35,17.28,21,achat_en_ligne,atm,Allemagne,Allemagne,0,0
143,290.32,28.47,2,retrait_atm,mobile,Roumanie,Belgique,0,1
61,12.64,19.55,13,paiement_pos,pos,Italie,Italie,0,0
264,32.46,8.16,5,achat_en_ligne,atm,Italie,Italie,0,0
158,3.63,17.61,5,retrait_atm,atm,Allemagne,Allemagne,5,0
53,35.52,40.55,18,virement,web,Belgique,Belgique,0,0
283,9.52,17.74,7,paiement_pos,atm,Espagne,Espagne,1,0
76,25.83,17.28,9,paiement_pos,web,Espagne,Allemagne,0,0
203,5.69,41.31,5,retrait_atm,atm,Nigeria,Allemagne,2,1
271,46.69,31.77,13,achat_en_ligne,mobile,Belgique,Belgique,0,0
296,95.42,73.14,13,retrait_atm,pos,Allemagne,Allemagne,0,0
224,84.59,73.51,0,achat_en_ligne,atm,Belgique,Belgique,0,0
33,456.6,72.5,4,achat_en_ligne,mobile,France,France,2,1
45,22.29,26.31,22,achat_en_ligne,pos,France,France,1,0
73,29.28,28.95,11,paiement_pos,mobile,Allemagne,Allemagne,1,0
128,52.64,41.74,3,paiement_pos,web,Espagne,Espagne,0,0
4,17.77,17.79,18,retrait_atm,mobile,Allemagne,Allemagne,0,0
3,38.88,30.11,20,retrait_atm,web,Espagne,Espagne,0,0
86,118.55,68.27,10,paiement_pos,atm,Espagne,Espagne,1,0
116,61.84,23.73,22,paiement_pos,web,Allemagne,Allemagne,0,0
218,159.69,80.55,18,virement,web,France,France,0,0
208,29.36,38.08,8,achat_en_ligne,web,Italie,Italie,0,0
172,89.14,16.33,6,retrait_atm,pos,France,France,0,0
46,162.04,79.59,11,paiement_pos,pos,Italie,Italie,1,0
65,13.32,33.73,11,achat_en_ligne,pos,Allemagne,Allemagne,0,0
131,139.41,67.67,18,retrait_atm,mobile,Allemagne,Allemagne,0,0
234,144.61,72.66,12,retrait_atm,atm,Espagne,Espagne,0,0
191,107.14,66.23,11,virement,pos,Espagne,Espagne,0,0
245,9.24,24.95,19,achat_en_ligne,atm,Espagne,Espagne,0,0
77,57.11,34.96,15,achat_en_ligne,pos,Belgique,Belgique,0,0
174,38.27,29.54,19,virement,web,Espagne,Espagne,0,0
285,58.67,30.61,14,achat_en_ligne,web,France,Allemagne,0,0
22,38.31,32.32,22,retrait_atm,atm,Belgique,Belgique,0,0
186,60.71,18.03,7,paiement_pos,mobile,Allemagne,Allemagne,0,0
138,38.85,24.96,22,retrait_atm,atm,France,France,0,0
226,20.58,54.88,21,paiement_pos,mobile,Belgique,Belgique,1,0
286,2.45,11.04,15,virement,web,Italie,Italie,0,0
112,20.23,14.51,9,retrait_atm,web,Espagne,Espagne,0,0
107,14.5,28.58,11,virement,web,Espagne,Espagne,0,0
295,80.66,41.15,4,retrait_atm,mobile,Allemagne,Allemagne,0,0
60,56.64,15.94,4,retrait_atm,atm,Roumanie,Espagne,1,1
199,34.9,23.23,14,achat_en_ligne,pos,Belgique,Belgique,2,0
70,92.08,73.88,16,retrait_atm,pos,Allemagne,Allemagne,0,0
163,393.21,67.12,8,retrait_atm,atm,Allemagne,Allemagne,0,0
3,52.93,30.11,7,paiement_pos,web,Espagne,Espagne,0,0
78,17.56,37.98,7,virement,pos,Belgique,Belgique,1,0
282,69.96,41.92,0,retrait_atm,web,Allemagne,Allemagne,1,0
122,98.44,33.12,10,achat_en_ligne,web,Espagne,Espagne,2,0
234,53.09,72.66,19,virement,pos,Espagne,Espagne,0,0
272,78.92,74.6,4,paiement_pos,atm,France,France,1,0
269,17.91,63.66,8,achat_en_ligne,web,Espagne,Espagne,0,0
84,50.51,23.23,9,paiement_pos,mobile,Italie,Italie,0,0
74,173.31,38.3,22,retrait_atm,atm,France,France,0,0
209,41.92,38.12,13,paiement_pos,mobile,Belgique,Belgique,0,0
89,20.04,9.13,11,paiement_pos,pos,Belgique,Espagne,0,0
245,10.37,24.95,14,retrait_atm,pos,Espagne,Espagne,2,0
54,94.19,77.05,8,achat_en_ligne,web,Allemagne,Allemagne,0,0
154,16.7,13.19,15,virement,pos,Belgique,Belgique,1,0
152,81.14,40.32,21,achat_en_ligne,pos,Belgique,Belgique,1,0
39,75.19,36.96,13,retrait_atm,atm,Belgique,Belgique,0,0
200,194.81,47.21,18,achat_en_ligne,mobile,Italie,Italie,1,0
241,77.44,39.09,20,virement,web,France,France,0,0
20,39.86,41.72,16,retrait_atm,mobile,Allemagne,Allemagne,0,0
77,47.0,34.96,6,virement,atm,Allemagne,Belgique,0,0
249,13.02,52.25,3,virement,mobile,Espagne,Espagne,0,0
220,4.54,20.22,13,achat_en_ligne,mobile,Italie,Italie,0,0
244,57.05,34.21,3,paiement_pos,web,Espagne,Espagne,0,0
203,89.03,41.31,16,achat_en_ligne,atm,Allemagne,Allemagne,1,0
213,33.53,30.22,23,retrait_atm,web,Espagne,Espagne,0,0
96,11.43,13.73,10,paiement_pos,pos,Belgique,Belgique,0,0
32,37.9,39.31,7,retrait_atm,web,Belgique,Belgique,1,0
146,31.99,7.1,20,virement,mobile,Italie,Italie,0,0
56,94.34,48.73,12,paiement_pos,mobile,France,France,1,0
204,113.4,55.03,15,retrait_atm,mobile,Espagne,Espagne,0,0
158,32.27,17.61,10,retrait_atm,pos,Allemagne,Allemagne,0,0
1,54.62,62.78,1,retrait_atm,mobile,France,France,0,0
166,51.34,43.09,1,paiement_pos,pos,Italie,Italie,0,0
64,25.9,14.94,3,paiement_pos,pos,Italie,Italie,1,0
223,57.22,33.34,16,achat_en_ligne,atm,Espagne,Espagne,0,0
227,68.33,46.18,2,achat_en_ligne,mobile,Italie,Italie,1,0
125,68.13,31.24,23,retrait_atm,mobile,Italie,Italie,0,0
43,109.18,93.15,8,virement,mobile,Espagne,Espagne,0,0
79,50.79,149.98,16,paiement_pos,pos,Allemagne,Allemagne,0,0
114,54.45,28.22,8,achat_en_ligne,web,Allemagne,Allemagne,1,0
134,52.91,11.63,18,paiement_pos,pos,Allemagne,Allemagne,1,0
229,10.19,29.28,21,achat_en_ligne,pos,Belgique,Allemagne,0,0
289,150.74,24.04,3,paiement_pos,pos,Ukraine,Allemagne,0,1
255,55.79,54.18,13,virement,atm,Espagne,Espagne,0,0
216,5.95,17.55,2,paiement_pos,web,Belgique,Belgique,0,0
291,44.46,22.36,9,paiement_pos,pos,Italie,Italie,1,0
79,1699.03,149.98,14,retrait_atm,mobile,Allemagne,Allemagne,3,1
36,43.95,64.31,18,virement,atm,Espagne,France,0,0
185,201.71,21.77,14,achat_en_ligne,pos,Roumanie,Allemagne,0,1
116,17.86,23.73,15,retrait_atm,atm,Allemagne,Allemagne,0,0
188,26.21,15.96,2,paiement_pos,pos,Belgique,Belgique,0,0
74,33.45,38.3,22,virement,atm,France,France,0,0
211,8.94,19.73,20,achat_en_ligne,pos,Belgique,Belgique,0,0
294,68.19,40.33,7,virement,atm,Belgique,Belgique,0,0
144,16.62,36.29,17,virement,mobile,Allemagne,Allemagne,0,0
184,90.15,48.55,7,retrait_atm,web,Espagne,Espagne,1,0
176,44.81,51.96,8,achat_en_ligne,web,Allemagne,Allemagne,1,0
26,32.89,15.87,15,virement,mobile,Espagne,Espagne,0,0
292,59.69,42.81,14,achat_en_ligne,atm,Belgique,Belgique,0,0
241,66.83,39.09,3,achat_en_ligne,web,France,France,1,0
52,95.89,30.02,11,virement,pos,France,France,0,0
172,22.05,16.33,16,virement,mobile,France,France,0,0
149,38.99,39.55,23,virement,mobile,Italie,Italie,0,0
222,33.93,54.96,1,virement,pos,Italie,Allemagne,1,0
6,15.56,24.73,3,paiement_pos,mobile,Italie,Italie,0,0
224,56.58,73.51,11,virement,atm,Belgique,Belgique,0,0
44,87.39,29.73,3,virement,atm,Nigeria,Belgique,0,1
94,18.91,31.29,18,achat_en_ligne,web,Belgique,Belgique,0,0
266,63.62,51.92,17,paiement_pos,atm,Allemagne,Allemagne,1,0
103,33.2,26.55,13,achat_en_ligne,mobile,Italie,Italie,1,0
5,15.04,12.12,4,achat_en_ligne,web,Allemagne,Allemagne,1,0
25,15.22,25.2,20,achat_en_ligne,mobile,Espagne,Espagne,1,0
248,15.34,35.98,13,virement,web,Allemagne,Allemagne,0,0
180,36.74,31.81,22,achat_en_ligne,atm,Allemagne,Allemagne,0,0
30,31.11,36.45,17,achat_en_ligne,mobile,Allemagne,Allemagne,0,0
2,26.49,36.39,20,virement,atm,Espagne,Espagne,0,0
300,27.3,27.14,10,virement,pos,France,France,1,0
101,325.31,189.24,6,paiement_pos,mobile,Italie,Italie,0,0
159,148.27,27.09,5,paiement_pos,web,Allemagne,Allemagne,0,0
244,22.26,34.21,14,paiement_pos,atm,Espagne,Espagne,0,0
226,16.91,54.88,10,achat_en_ligne,atm,Belgique,Belgique,0,0
119,52.29,36.35,8,achat_en_ligne,web,Belgique,Belgique,0,0
27,18.3,15.38,6,paiement_pos,mobile,Allemagne,Allemagne,0,0
283,13.16,17.74,9,achat_en_ligne,mobile,Espagne,Espagne,0,0
269,118.27,63.66,16,paiement_pos,pos,Espagne,Espagne,0,0
31,21.0,30.84,4,virement,pos,Allemagne,Allemagne,0,0
262,21.65,15.21,4,virement,mobile,France,France,0,0
26,30.41,15.87,10,virement,mobile,Espagne,Espagne,0,0
119,57.56,36.35,3,paiement_pos,pos,Belgique,Belgique,0,0
151,25.19,11.54,2,achat_en_ligne,mobile,Italie,Italie,0,0
235,23.45,12.66,0,virement,atm,Allemagne,Allemagne,0,0
81,22.43,19.85,20,achat_en_ligne,atm,Italie,Italie,0,0
99,4.58,17.15,14,virement,pos,Espagne,Espagne,1,0
152,16.84,40.32,3,virement,mobile,Belgique,Belgique,0,0
55,12.36,34.97,4,achat_en_ligne,mobile,Allemagne,Allemagne,0,0
6,133.87,24.73,12,paiement_pos,pos,Italie,Italie,0,0
205,31.47,23.51,1,virement,mobile,Allemagne,Allemagne,1,0
148,195.51,36.82,3,achat_en_ligne,mobile,Nigeria,Belgique,1,1
51,316.76,33.01,19,retrait_atm,web,Nigeria,Espagne,1,1
87,38.44,21.38,14,achat_en_ligne,atm,France,France,0,0
186,27.61,18.03,16,retrait_atm,atm,Allemagne,Allemagne,0,0
48,6.32,19.36,3,retrait_atm,atm,Italie,Italie,1,0
128,30.35,41.74,9,virement,web,Espagne,Espagne,0,0
20,52.52,41.72,15,virement,mobile,Allemagne,Allemagne,0,0
92,37.35,24.1,13,paiement_pos,pos,Italie,Italie,1,0
4,18.18,17.79,5,achat_en_ligne,atm,Allemagne,Allemagne,0,0
276,22.06,13.62,18,virement,mobile,Allemagne,Allemagne,0,0
169,51.49,34.46,22,retrait_atm,mobile,Belgique,Belgique,0,0
65,10.04,33.73,20,virement,pos,Allemagne,Allemagne,0,0
245,44.01,24.95,23,paiement_pos,web,Espagne,Espagne,0,0
131,97.83,67.67,23,paiement_pos,pos,Allemagne,Allemagne,0,0
230,17.0,9.95,13,retrait_atm,atm,France,France,0,0
216,78.61,17.55,0,virement,web,Russie,Belgique,0,1
221,74.77,37.39,19,virement,web,France,France,0,0
287,32.41,57.8,13,paiement_pos,web,France,France,2,0
195,51.47,34.58,14,paiement_pos,pos,Italie,Italie,0,0
56,23.02,48.73,16,paiement_pos,atm,France,France,1,0
176,91.4,51.96,19,paiement_pos,mobile,Allemagne,Allemagne,0,0
286,4.61,11.04,17,paiement_pos,web,Belgique,Italie,1,0
126,253.99,116.27,7,virement,pos,Allemagne,Allemagne,0,0
166,125.51,43.09,19,virement,web,Italie,Italie,0,0
275,34.86,23.18,11,paiement_pos,pos,Allemagne,Allemagne,0,0
34,30.57,37.77,7,achat_en_ligne,mobile,Allemagne,Allemagne,0,0
104,15.27,40.65,16,achat_en_ligne,web,France,France,0,0
294,14.05,40.33,0,virement,atm,Belgique,Belgique,0,0
71,32.68,30.18,15,retrait_atm,pos,Espagne,Espagne,0,0
145,33.05,80.07,18,achat_en_ligne,mobile,Italie,Italie,0,0
66,40.66,24.77,23,paiement_pos,pos,Belgique,Belgique,0,0
251,73.76,45.51,23,virement,web,France,France,0,0
267,40.76,27.91,20,retrait_atm,mobile,Allemagne,Allemagne,1,0
217,53.62,30.72,20,virement,mobile,France,France,0,0
216,29.42,17.55,21,retrait_atm,atm,Belgique,Belgique,0,0
100,36.17,99.7,8,paiement_pos,atm,France,France,1,0
297,29.51,26.96,16,virement,pos,Italie,Italie,0,0
295,29.16,41.15,5,retrait_atm,web,Allemagne,Allemagne,1,0
285,29.89,30.61,6,retrait_atm,atm,Allemagne,Allemagne,0,0
85,15.96,40.02,5,retrait_atm,pos,Espagne,Espagne,0,0
80,86.1,102.12,4,paiement_pos,atm,Espagne,Espagne,1,0
232,48.58,25.16,15,retrait_atm,mobile,Italie,Italie,1,0
186,8.44,18.03,12,paiement_pos,pos,Allemagne,Allemagne,0,0
191,56.05,66.23,4,paiement_pos,atm,Espagne,Espagne,0,0
60,74.27,15.94,12,achat_en_ligne,web,Espagne,Espagne,0,0
163,129.83,67.12,23,virement,pos,Allemagne,Allemagne,0,0
35,28.19,25.88,12,achat_en_ligne,web,Italie,Italie,0,0
270,319.61,73.45,7,achat_en_ligne,pos,Allemagne,Allemagne,0,0
113,30.01,28.71,11,paiement_pos,mobile,Allemagne,Allemagne,0,0
58,67.96,32.16,6,retrait_atm,atm,France,France,0,0
217,25.86,30.72,17,retrait_atm,web,France,France,0,0
85,44.81,40.02,16,retrait_atm,mobile,Espagne,Espagne,0,0
184,4.72,48.55,8,retrait_atm,atm,Espagne,Espagne,4,1
120,167.24,40.9,11,paiement_pos,mobile,France,France,1,0
173,96.16,52.95,3,retrait_atm,mobile,Espagne,Espagne,1,0
197,59.44,87.33,6,retrait_atm,pos,Belgique,Belgique,0,0
191,60.5,66.23,5,retrait_atm,mobile,Espagne,Espagne,0,0
26,12.59,15.87,0,achat_en_ligne,atm,Espagne,Espagne,0,0
108,27.6,52.79,6,achat_en_ligne,mobile,Espagne,Espagne,0,0
207,51.21,62.87,13,virement,atm,Espagne,Espagne,1,0
9,38.18,35.81,15,virement,pos,Belgique,Belgique,0,0
82,23.4,27.87,17,retrait_atm,atm,Allemagne,Allemagne,0,0
202,50.91,80.28,16,paiement_pos,mobile,Italie,Italie,0,0
286,13.81,11.04,1,retrait_atm,pos,Italie,Italie,0,0
17,117.66,54.77,8,paiement_pos,mobile,Allemagne,Allemagne,0,0
148,55.41,36.82,10,paiement_pos,atm,Belgique,Belgique,0,0
205,39.74,23.51,15,retrait_atm,mobile,Allemagne,Allemagne,0,0
201,89.55,12.82,0,virement,pos,Espagne,Belgique,1,1
251,27.54,45.51,21,virement,mobile,France,France,0,0
3,13.51,30.11,21,paiement_pos,atm,Espagne,Espagne,0,0
232,48.16,25.16,18,retrait_atm,web,France,Italie,0,0
277,42.7,19.44,9,achat_en_ligne,web,Allemagne,Allemagne,1,0
275,8.61,23.18,19,achat_en_ligne,web,Allemagne,Allemagne,1,0
295,338.92,41.15,16,achat_en_ligne,mobile,Nigeria,Allemagne,1,1
45,19.2,26.31,23,paiement_pos,web,France,France,0,0
208,53.58,38.08,13,paiement_pos,atm,Italie,Italie,0,0
150,45.43,26.49,16,paiement_pos,pos,France,France,0,0
178,40.92,51.34,18,achat_en_ligne,web,France,France,0,0
81,38.9,19.85,15,virement,pos,Italie,Italie,0,0
177,182.12,98.73,18,retrait_atm,mobile,Espagne,Espagne,0,0
258,22.02,28.23,15,paiement_pos,pos,France,France,1,0
145,122.01,80.07,13,virement,web,Italie,Italie,1,0
190,53.93,39.93,8,virement,web,Belgique,Belgique,2,0
70,122.18,73.88,12,retrait_atm,mobile,Allemagne,Allemagne,0,0
187,16.69,33.77,21,retrait_atm,web,France,France,0,0
117,37.45,43.94,4,virement,web,France,France,0,0
120,42.0,40.9,1,achat_en_ligne,atm,France,France,0,0
182,10.81,24.26,11,retrait_atm,mobile,France,France,0,0
252,35.34,21.7,15,achat_en_ligne,mobile,Allemagne,Allemagne,0,0
43,199.02,93.15,22,achat_en_ligne,atm,Espagne,Espagne,1,0
276,3.07,13.62,17,retrait_atm,pos,Allemagne,Allemagne,0,0
231,120.24,86.71,6,retrait_atm,mobile,Allemagne,Allemagne,0,0
114,7.89,28.22,9,achat_en_ligne,mobile,Allemagne,Allemagne,1,0
175,259.18,66.87,2,achat_en_ligne,mobile,Roumanie,Espagne,2,1
183,56.33,82.0,7,paiement_pos,mobile,Allemagne,Allemagne,2,0
177,212.34,98.73,22,paiement_pos,web,Espagne,Espagne,0,0
78,80.94,37.98,10,virement,pos,Belgique,Belgique,1,0
57,13.28,9.68,16,retrait_atm,mobile,Allemagne,Allemagne,0,0
16,190.57,20.23,0,virement,atm,Roumanie,Espagne,2,1
297,24.2,26.96,7,virement,mobile,Italie,Italie,0,0
146,15.01,7.1,8,achat_en_ligne,web,France,Italie,2,0
49,86.17,48.72,9,paiement_pos,atm,Espagne,Espagne,0,0
67,55.34,27.2,10,achat_en_ligne,pos,Italie,Italie,1,0
125,58.87,31.24,23,retrait_atm,pos,Italie,Italie,3,0
196,49.76,42.45,23,paiement_pos,web,France,France,0,0
224,23.8,73.51,0,retrait_atm,atm,Belgique,Belgique,0,0
237,24.33,12.67,14,retrait_atm,atm,Espagne,Espagne,0,0
109,4.54,42.99,0,virement,pos,Ukraine,Allemagne,3,1
109,65.52,42.99,13,retrait_atm,web,Allemagne,Allemagne,0,0
266,74.38,51.92,19,virement,web,Allemagne,Allemagne,1,0
197,187.35,87.33,22,virement,pos,Belgique,Belgique,0,0
50,43.26,26.13,22,retrait_atm,web,Espagne,Espagne,1,0
196,83.03,42.45,16,retrait_atm,web,France,France,0,0
206,77.82,53.96,9,achat_en_ligne,pos,Belgique,Belgique,0,0
5,63.32,12.12,20,paiement_pos,pos,Allemagne,Allemagne,0,0
271,6.71,31.77,5,retrait_atm,mobile,Belgique,Belgique,0,0
17,98.08,54.77,10,virement,mobile,Allemagne,Allemagne,0,0
256,13.05,26.15,13,retrait_atm,pos,France,France,1,0
266,143.37,51.92,11,achat_en_ligne,mobile,Allemagne,Allemagne,2,0
13,5.05,18.56,16,virement,web,Espagne,Espagne,1,0
288,28.54,23.03,19,retrait_atm,atm,Allemagne,Allemagne,0,0
16,25.3,20.23,9,achat_en_ligne,mobile,Espagne,Espagne,0,0
24,26.2,43.28,15,virement,mobile,France,Italie,0,0
92,9.75,24.1,6,retrait_atm,web,Italie,Italie,0,0
1,40.43,62.78,15,retrait_atm,pos,France,France,0,0
232,40.76,25.16,22,retrait_atm,pos,Italie,Italie,0,0
142,31.78,31.12,7,virement,web,Belgique,Belgique,0,0
233,66.2,35.33,16,achat_en_ligne,mobile,France,France,1,0
149,174.73,39.55,11,paiement_pos,pos,Italie,Italie,1,0
160,130.11,72.24,19,retrait_atm,pos,Espagne,Espagne,1,0
246,92.91,43.63,16,achat_en_ligne,pos,France,France,0,0
269,72.46,63.66,23,paiement_pos,mobile,Espagne,Espagne,1,0
168,20.75,27.72,23,paiement_pos,pos,France,France,1,0
31,23.47,30.84,20,paiement_pos,web,Allemagne,Allemagne,0,0
24,55.31,43.28,19,retrait_atm,atm,France,Italie,1,0
221,162.14,37.39,9,achat_en_ligne,atm,France,France,0,0
193,16.03,8.37,13,paiement_pos,atm,Espagne,Espagne,0,0
266,93.68,51.92,18,achat_en_ligne,atm,France,Allemagne,1,0
288,33.07,23.03,20,paiement_pos,mobile,Allemagne,Allemagne,0,0
171,74.57,59.96,0,retrait_atm,web,France,France,0,0
146,9.16,7.1,2,retrait_atm,mobile,Italie,Italie,0,0
181,32.64,16.39,6,achat_en_ligne,atm,Italie,Italie,0,0
123,15.41,21.48,7,retrait_atm,atm,Espagne,Espagne,0,0
85,12.23,40.02,21,virement,pos,Espagne,Espagne,1,0
73,19.13,28.95,19,virement,web,Allemagne,Allemagne,1,0
300,1.3,27.14,20,virement,pos,Ukraine,France,4,1
130,8.86,16.99,17,achat_en_ligne,atm,Allemagne,Espagne,0,0
62,29.41,27.1,19,paiement_pos,pos,Espagne,Espagne,1,0
103,35.55,26.55,17,virement,mobile,Italie,Italie,1,0
264,17.2,8.16,0,achat_en_ligne,pos,Italie,Italie,0,0
293,29.1,29.56,2,retrait_atm,atm,Italie,Italie,0,0
265,25.26,22.04,2,retrait_atm,mobile,Italie,Italie,0,0
108,16.91,52.79,22,retrait_atm,atm,Espagne,Espagne,0,0
92,43.01,24.1,17,virement,atm,Italie,Italie,0,0
227,61.17,46.18,11,virement,pos,Italie,Italie,0,0
46,167.89,79.59,15,paiement_pos,web,Italie,Italie,1,0
266,240.93,51.92,6,virement,mobile,Ukraine,Allemagne,0,1
109,91.08,42.99,21,retrait_atm,mobile,Italie,Allemagne,0,0
40,19.73,15.88,2,achat_en_ligne,atm,Espagne,Espagne,0,0
82,17.71,27.87,6,virement,atm,Allemagne,Allemagne,0,0
12,5.18,16.27,19,achat_en_ligne,atm,Italie,Italie,0,0
94,60.42,31.29,7,paiement_pos,atm,Belgique,Belgique,0,0
180,53.6,31.81,22,retrait_atm,pos,Allemagne,Allemagne,0,0
202,76.19,80.28,13,virement,pos,Italie,Italie,0,0
259,52.65,30.86,16,achat_en_ligne,atm,Espagne,France,0,0
28,75.71,36.73,16,retrait_atm,atm,Italie,Italie,1,0
139,75.85,38.79,23,paiement_pos,pos,Belgique,Belgique,0,0
142,6.46,31.12,18,virement,pos,Belgique,Belgique,0,0
55,73.99,34.97,23,paiement_pos,atm,Allemagne,Allemagne,0,0
198,18.48,9.6,15,retrait_atm,pos,France,France,0,0
179,4.16,12.89,8,achat_en_ligne,mobile,Italie,Italie,0,0
93,24.03,19.57,19,paiement_pos,pos,Espagne,Italie,0,0
285,22.75,30.61,14,virement,mobile,Allemagne,Allemagne,0,0
267,47.18,27.91,4,paiement_pos,atm,Espagne,Allemagne,0,0
101,255.19,189.24,23,achat_en_ligne,mobile,Italie,Italie,0,0
115,65.9,38.07,14,virement,mobile,Allemagne,Allemagne,1,0
160,83.49,72.24,21,virement,atm,Espagne,Espagne,0,0
55,11.31,34.97,22,virement,pos,Allemagne,Allemagne,0,0
80,199.07,102.12,8,paiement_pos,atm,Espagne,Espagne,1,0
141,12.94,27.79,22,retrait_atm,mobile,Italie,Italie,0,0
274,32.45,20.04,13,achat_en_ligne,atm,Italie,Italie,0,0
4,10.4,17.79,14,paiement_pos,web,Allemagne,Allemagne,0,0
90,17.43,30.04,16,retrait_atm,mobile,Italie,Italie,0,0
120,72.83,40.9,7,paiement_pos,atm,France,France,0,0
40,10.19,15.88,20,retrait_atm,web,Espagne,Espagne,1,0
173,109.47,52.95,10,virement,web,Espagne,Espagne,0,0
30,44.41,36.45,23,retrait_atm,atm,Allemagne,Allemagne,0,0
282,54.71,41.92,10,retrait_atm,pos,Allemagne,Allemagne,0,0
113,13.18,28.71,11,virement,mobile,Allemagne,Allemagne,0,0
155,216.38,55.61,20,paiement_pos,web,Allemagne,Allemagne,0,0
37,65.38,42.83,15,achat_en_ligne,mobile,Italie,Italie,0,0
239,37.28,43.11,21,achat_en_ligne,mobile,Belgique,Belgique,0,0
219,36.65,21.2,1,retrait_atm,web,Allemagne,Allemagne,1,0
231,104.06,86.71,12,achat_en_ligne,atm,Allemagne,Allemagne,1,0
263,20.08,13.61,10,virement,web,Belgique,Belgique,0,0
151,7.12,11.54,13,retrait_atm,web,Italie,Italie,0,0
284,61.51,44.03,7,virement,pos,Allemagne,Allemagne,0,0
278,19.26,26.71,17,retrait_atm,mobile,Espagne,Espagne,0,0
292,60.2,42.81,1,retrait_atm,mobile,Espagne,Belgique,2,0
133,51.84,44.17,9,virement,pos,France,France,0,0
239,24.96,43.11,13,achat_en_ligne,mobile,Italie,Belgique,0,0
220,21.69,20.22,11,retrait_atm,mobile,Italie,Italie,0,0
254,77.23,37.27,16,retrait_atm,web,Belgique,Belgique,0,0
111,6.99,30.56,3,achat_en_ligne,pos,Belgique,Belgique,0,0
190,51.24,39.93,17,paiement_pos,web,Belgique,Belgique,1,0
44,31.28,29.73,16,achat_en_ligne,pos,Belgique,Belgique,0,0
